{
    "type": "FeatureCollection",
    "features": [
      {
        "type": "Feature",
        "geometry": {
          "type": "Polygon",
          "coordinates": [
            [
              [-96.3107287900028, 30.5713883290596],
              [-96.3107308586891, 30.5713869070818],
              [-96.318228221614, 30.564735851389],
              [-96.3182247824085, 30.5647329257211],
              [-96.3180751770842, 30.5646056861528],
              [-96.3179323584826, 30.5647228246817],
              [-96.3177944686691, 30.5648443055783],
              [-96.3176614044681, 30.5649697266445],
              [-96.3164218243669, 30.5639211350385],
              [-96.3149822932153, 30.5627031494393],
              [-96.3130541464521, 30.5643738003495],
              [-96.3130257735094, 30.5643499463122],
              [-96.3129419525044, 30.564279405994],
              [-96.3100462895609, 30.5618112221899],
              [-96.3100206273238, 30.561790155886],
              [-96.3082498035534, 30.5603388393129],
              [-96.3089186670371, 30.5597192293982],
              [-96.3081844771099, 30.5591200542715],
              [-96.3030070928116, 30.5548944510432],
              [-96.3015948337584, 30.5561071585395],
              [-96.3015738747519, 30.5561251550595],
              [-96.3009448079947, 30.5561114036485],
              [-96.3009183751162, 30.5561107266061],
              [-96.3009188268588, 30.5560946691806],
              [-96.3009574781789, 30.5556646164291],
              [-96.3009581573135, 30.5556406928239],
              [-96.3009647830123, 30.5554070771754],
              [-96.3009720877311, 30.555149539723],
              [-96.3009797213151, 30.5548804192641],
              [-96.3009881023453, 30.5545848723613],
              [-96.3009948046696, 30.55434852846],
              [-96.3009981967495, 30.5542289689953],
              [-96.3010395841557, 30.5527696386396],
              [-96.3010493598353, 30.55242494217],
              [-96.3010664588194, 30.5518220020143],
              [-96.3010753797366, 30.5515074089113],
              [-96.301082329456, 30.5512622877304],
              [-96.3010839761793, 30.551204342082],
              [-96.3010856421947, 30.5511455376722],
              [-96.3010916920084, 30.550909247308],
              [-96.3014810517321, 30.5435264037004],
              [-96.2993567181315, 30.5454269261529],
              [-96.2923649838318, 30.539277867953],
              [-96.2974172858882, 30.5348739957513],
              [-96.2964040145934, 30.5338364876713],
              [-96.2971186607692, 30.5334253904618],
              [-96.2972387818654, 30.5335219856601],
              [-96.297288138886, 30.5334785207844],
              [-96.2968143235176, 30.5330753584501],
              [-96.2974878037186, 30.5324814423246],
              [-96.2960616470142, 30.5312677864457],
              [-96.2965292412949, 30.5308559993985],
              [-96.2952721342431, 30.5297861708479],
              [-96.2962214190042, 30.5289318135596],
              [-96.300017673637, 30.5321632678826],
              [-96.3009274681653, 30.5314649466499],
              [-96.3012033571154, 30.531253260973],
              [-96.3016739276014, 30.5311210331404],
              [-96.3013258447603, 30.5291813283537],
              [-96.3006078531086, 30.5251800584429],
              [-96.3000541893346, 30.5220943291168],
              [-96.2998021285946, 30.5206894573231],
              [-96.2991501514724, 30.5170554398428],
              [-96.2990901591962, 30.5167280716362],
              [-96.2967846264739, 30.517039160811],
              [-96.2966862172571, 30.5164854147964],
              [-96.2959808190095, 30.5165803755236],
              [-96.2945764622566, 30.5178466599408],
              [-96.2944762633703, 30.5177654173865],
              [-96.2938624392259, 30.5172403086541],
              [-96.2882777399667, 30.5220607216094],
              [-96.2881459424606, 30.5221751944663],
              [-96.2881215084129, 30.5221967477729],
              [-96.2862339579658, 30.5238616022579],
              [-96.2859189670705, 30.5241394196462],
              [-96.2823972813317, 30.5272455575382],
              [-96.2827615873184, 30.5275504249778],
              [-96.2842061136762, 30.5287298746512],
              [-96.2854795979852, 30.529764114617],
              [-96.2864857806573, 30.5305739152135],
              [-96.2874338966633, 30.5313526751361],
              [-96.2882136536236, 30.5319914031159],
              [-96.2884452763004, 30.5321793843667],
              [-96.2873541047085, 30.53313131095],
              [-96.2862099611769, 30.5341292117351],
              [-96.2861275726587, 30.534207765096],
              [-96.2861011704319, 30.5342330628032],
              [-96.2861522381988, 30.5342743383073],
              [-96.2860639470469, 30.534353463925],
              [-96.2859396952167, 30.5344645999756],
              [-96.2858381670215, 30.534555408167],
              [-96.2858129737693, 30.5345779410282],
              [-96.2854153335359, 30.5349335954996],
              [-96.2850176904031, 30.5352892478375],
              [-96.2846748713699, 30.5355958654146],
              [-96.2844715932683, 30.5357776741865],
              [-96.2843434986001, 30.5358922407142],
              [-96.2842196559033, 30.5360029999593],
              [-96.2838268659111, 30.5363333610277],
              [-96.2831182514506, 30.5369570160748],
              [-96.2826403919336, 30.5373775749928],
              [-96.2811547831465, 30.5386902994426],
              [-96.2809473404418, 30.5385159937042],
              [-96.2718056040009, 30.5308328236294],
              [-96.2709168837976, 30.5300858007413],
              [-96.270803935896, 30.530182057732],
              [-96.2705960727071, 30.5301059107848],
              [-96.2635890799925, 30.5244665444639],
              [-96.2623257039552, 30.5234732493998],
              [-96.2600398809715, 30.5253660083304],
              [-96.2584892579496, 30.5268256777489],
              [-96.2584669003855, 30.5281495163043],
              [-96.2585227255844, 30.5293524853836],
              [-96.2585313866182, 30.5300064172386],
              [-96.2585408321145, 30.5307195131524],
              [-96.258657922976, 30.5395585337438],
              [-96.2586527549953, 30.5401904421223],
              [-96.2586256612423, 30.5435035789276],
              [-96.2586348779506, 30.5439164263995],
              [-96.2586435585085, 30.5443051861267],
              [-96.2586473053727, 30.5445349766855],
              [-96.2586672982411, 30.5457609966216],
              [-96.2586918416011, 30.5471175129052],
              [-96.2587154057851, 30.5477292371079],
              [-96.2587620030786, 30.5477674408185],
              [-96.2587732395866, 30.5486564273691],
              [-96.2588233548769, 30.5526597103223],
              [-96.2588272654092, 30.5529647052581],
              [-96.2586749726239, 30.5529671267961],
              [-96.2565923853773, 30.5529810996263],
              [-96.2560446517232, 30.5523730688504],
              [-96.2556080191927, 30.5519363133131],
              [-96.2554625886625, 30.5517913485355],
              [-96.2547973396594, 30.5511423622564],
              [-96.254162327214, 30.5515586275563],
              [-96.2537431601013, 30.5518333989506],
              [-96.2535271093042, 30.5517746676325],
              [-96.2528915371165, 30.5516018959897],
              [-96.2522559671334, 30.5514291230066],
              [-96.251620428329, 30.5512563541172],
              [-96.2513616118583, 30.5511859965436],
              [-96.2509850388504, 30.5512568486103],
              [-96.2504152450443, 30.551364053372],
              [-96.2503497307955, 30.5513846555323],
              [-96.2500239563884, 30.5514870973764],
              [-96.249761235871, 30.5515868178209],
              [-96.2497144835006, 30.5515472671446],
              [-96.2490784848194, 30.5508448671705],
              [-96.2484457115336, 30.5501460146595],
              [-96.2481302063599, 30.549795363091],
              [-96.2480319149025, 30.5496808645376],
              [-96.2478188399189, 30.5494326502598],
              [-96.2473279883491, 30.54886084443],
              [-96.2473333114426, 30.5487874517129],
              [-96.2470972424638, 30.5485239043173],
              [-96.246672909726, 30.5482228388088],
              [-96.2461133279231, 30.5475838940865],
              [-96.2444516330691, 30.5457035849327],
              [-96.2450711306511, 30.5453930643578],
              [-96.2449163136713, 30.5452214388101],
              [-96.2454400951856, 30.545145988881],
              [-96.2454938787544, 30.5450175345446],
              [-96.2457592470266, 30.5448512358344],
              [-96.2458955655007, 30.5427051716154],
              [-96.2459018008031, 30.5426777749863],
              [-96.2460148299871, 30.5426383651881],
              [-96.246098985709, 30.5425218422723],
              [-96.2461106607505, 30.5423992859329],
              [-96.2461168773168, 30.5423420486297],
              [-96.2461241225333, 30.5422784429189],
              [-96.246130492322, 30.5422501857617],
              [-96.2461402886036, 30.5422120445941],
              [-96.2461531006481, 30.5421855279202],
              [-96.2464359811374, 30.5420214850737],
              [-96.2467134772356, 30.5419473339717],
              [-96.2472549974676, 30.5418350503119],
              [-96.2472680796636, 30.5418869598487],
              [-96.2476382848349, 30.541813079084],
              [-96.2481234107077, 30.5417176698845],
              [-96.2485803869422, 30.5416020692284],
              [-96.2489805169037, 30.5415008461147],
              [-96.2490438261287, 30.541383002334],
              [-96.2492372147266, 30.5410228493441],
              [-96.2490105729753, 30.5409395377444],
              [-96.2487843872289, 30.5408747331877],
              [-96.2486469782165, 30.540839808112],
              [-96.2481748378797, 30.5407198965386],
              [-96.2476400975804, 30.5405838611363],
              [-96.2475154836052, 30.540546997431],
              [-96.2473468925707, 30.5404794020669],
              [-96.247289498054, 30.540448533503],
              [-96.2471890775596, 30.5403945255946],
              [-96.2470119190225, 30.540266689162],
              [-96.2468953078033, 30.5401612232062],
              [-96.2466973836184, 30.5399593153403],
              [-96.2466236637, 30.5398854987099],
              [-96.2466026147936, 30.5398695858642],
              [-96.2465781468227, 30.5398614449218],
              [-96.2465371142043, 30.5398636023139],
              [-96.2465092515904, 30.5398773696176],
              [-96.2464683376981, 30.5399039924711],
              [-96.2463230592798, 30.539991832544],
              [-96.2461953768006, 30.5400609494629],
              [-96.2460832929076, 30.5401162130508],
              [-96.2459541171871, 30.5401768942224],
              [-96.2456980987925, 30.5402893538542],
              [-96.2456104958333, 30.5401430367084],
              [-96.2456135143357, 30.5401173440604],
              [-96.2456265125832, 30.5399773668764],
              [-96.2456474008812, 30.5397613290299],
              [-96.2456544557881, 30.5396291553406],
              [-96.2456328506938, 30.5395430522471],
              [-96.2456107903198, 30.5395180808191],
              [-96.2455742810457, 30.5394752001577],
              [-96.2455297098511, 30.5394246922865],
              [-96.2454732947557, 30.5393688028541],
              [-96.2454392460834, 30.5393350736209],
              [-96.2454114556464, 30.5393192728165],
              [-96.2452843305806, 30.5393176699747],
              [-96.2452194181791, 30.5393168526289],
              [-96.2451258345079, 30.5393411786878],
              [-96.2449227410893, 30.5394299692867],
              [-96.2448541687158, 30.539459799735],
              [-96.2448450981895, 30.5394446144716],
              [-96.2448312935225, 30.5394214610358],
              [-96.2447632132913, 30.5394510723945],
              [-96.2447550703935, 30.539493788684],
              [-96.2446906881114, 30.5394635504722],
              [-96.2446330912033, 30.5394364972237],
              [-96.2443099150474, 30.539284703765],
              [-96.2440118469929, 30.5391447029033],
              [-96.2439510643516, 30.5391161541322],
              [-96.2438902828261, 30.5390876044641],
              [-96.2438391698512, 30.5390635981006],
              [-96.2437136069362, 30.539004621824],
              [-96.2436722230761, 30.5389851823284],
              [-96.2436091232128, 30.5389562436665],
              [-96.2435901035584, 30.5389475182227],
              [-96.2433425469191, 30.5388967177954],
              [-96.2429947806872, 30.5388253496994],
              [-96.2427767756728, 30.5387686646307],
              [-96.242370776141, 30.5387557742119],
              [-96.2419580873578, 30.5387429628349],
              [-96.241684869599, 30.5387344807525],
              [-96.24105479891, 30.5387149145702],
              [-96.2409972765407, 30.5387132192627],
              [-96.2407994421895, 30.5387069851601],
              [-96.2407767060862, 30.5387062770509],
              [-96.2404134311334, 30.5386949961725],
              [-96.2402196235324, 30.5386892740329],
              [-96.2401680193735, 30.5386327022485],
              [-96.240111636199, 30.5385723185551],
              [-96.2400781227622, 30.5385364997571],
              [-96.2399881510504, 30.5384403507722],
              [-96.2398981817546, 30.5383441981845],
              [-96.2398082135266, 30.538248049173],
              [-96.2397182445902, 30.5381518964591],
              [-96.2396532938288, 30.5380824858907],
              [-96.2396283273576, 30.5380557092155],
              [-96.2395385455941, 30.5379594305327],
              [-96.2394487631987, 30.5378631463449],
              [-96.2393589819093, 30.537766864832],
              [-96.2392692008377, 30.5376705823547],
              [-96.239179418866, 30.5375743006829],
              [-96.2391428759262, 30.5375351136227],
              [-96.2390896381152, 30.5374780189814],
              [-96.238999857544, 30.5373817372171],
              [-96.2389604004198, 30.537339424995],
              [-96.2389084054312, 30.5372837393038],
              [-96.2388201788131, 30.5371892536871],
              [-96.2387303245422, 30.537093025336],
              [-96.2386404705659, 30.5369967942175],
              [-96.2385506167692, 30.5369005630362],
              [-96.2383578753291, 30.5366941442364],
              [-96.2382607346559, 30.5365890866876],
              [-96.238121078131, 30.5364393126036],
              [-96.2375908643892, 30.5358706871804],
              [-96.2368136046168, 30.535037113735],
              [-96.2350664966262, 30.5356191834122],
              [-96.2343676026323, 30.5363009559504],
              [-96.2347985993845, 30.5366682499674],
              [-96.2348384668948, 30.5367037665385],
              [-96.2349464528445, 30.5367973418171],
              [-96.2349161929775, 30.5368141183384],
              [-96.2348767620779, 30.5368357693888],
              [-96.2262631840664, 30.5415651110679],
              [-96.2208214182279, 30.5453474259892],
              [-96.2203934837133, 30.5456446607115],
              [-96.2203025514688, 30.5455402114096],
              [-96.2201150653606, 30.5453248117509],
              [-96.2139656308841, 30.5382590806315],
              [-96.213778685814, 30.5383807989982],
              [-96.2134615502476, 30.5385875784837],
              [-96.2109531159601, 30.5397513485969],
              [-96.2046493866625, 30.5398330753354],
              [-96.2046469102362, 30.544828615076],
              [-96.2046515691559, 30.5477449386315],
              [-96.2060843523174, 30.54773305127],
              [-96.2062315612377, 30.5562411544804],
              [-96.2062341535638, 30.5578991407586],
              [-96.206245483556, 30.5651447456637],
              [-96.2062475766783, 30.5664837641646],
              [-96.2062545824052, 30.5668632028612],
              [-96.2062556473845, 30.5669208949651],
              [-96.2062606767684, 30.5671932621541],
              [-96.2062872934303, 30.5678364982863],
              [-96.2062894212123, 30.567887921703],
              [-96.2062959929504, 30.5680467016939],
              [-96.2061512389638, 30.5680470760166],
              [-96.2054438583256, 30.568178735511],
              [-96.2046384176493, 30.5683443207486],
              [-96.2041404376068, 30.5684621895944],
              [-96.2040809676357, 30.5684762657711],
              [-96.2035840290531, 30.5685855377274],
              [-96.2025987434862, 30.5687813110187],
              [-96.2011313176324, 30.5690757948884],
              [-96.1995733695131, 30.569320588987],
              [-96.1975515657797, 30.5697785736825],
              [-96.1973875923084, 30.5703552080985],
              [-96.1967422251846, 30.573893043356],
              [-96.1965702788726, 30.5752328899925],
              [-96.1965530249939, 30.5753704617138],
              [-96.1966502031804, 30.5754330860375],
              [-96.1966684538709, 30.5754216031824],
              [-96.1968374446791, 30.5753152899564],
              [-96.1968473145647, 30.5749406961679],
              [-96.1969658042776, 30.5749350262035],
              [-96.1970952794722, 30.5749288313749],
              [-96.1972583983556, 30.5746545342981],
              [-96.197989210422, 30.5741909766666],
              [-96.1981820576957, 30.5744792701167],
              [-96.1984928497108, 30.5745165467107],
              [-96.1987990793072, 30.5749217001073],
              [-96.1993156439424, 30.5745883882828],
              [-96.1998226778453, 30.57484063167],
              [-96.2000121689864, 30.5745502165329],
              [-96.1999900119377, 30.5742603553139],
              [-96.2002366988376, 30.5740258339324],
              [-96.2008714186972, 30.5737948940553],
              [-96.2010220416695, 30.5738319759372],
              [-96.2012128982248, 30.5741995790233],
              [-96.2015613213236, 30.5741853092875],
              [-96.202049963651, 30.5743641476287],
              [-96.2026352036631, 30.5746746896072],
              [-96.2029571966616, 30.5747482627972],
              [-96.2029444418097, 30.5746223478696],
              [-96.203263297912, 30.5744212159524],
              [-96.2034710023814, 30.574290197838],
              [-96.203816465445, 30.5744513228772],
              [-96.2041782228372, 30.5744271392411],
              [-96.2045485355763, 30.5744023818166],
              [-96.2045726141116, 30.5743305547336],
              [-96.2046295393756, 30.5741607532065],
              [-96.2048901074218, 30.5742147096779],
              [-96.2051132267056, 30.5742609909275],
              [-96.2052708123129, 30.5744195336312],
              [-96.2058229889619, 30.574693188454],
              [-96.2064284659759, 30.5737232484124],
              [-96.2067545768352, 30.573585090393],
              [-96.2068649325789, 30.5736832134724],
              [-96.2070029188502, 30.57380590214],
              [-96.2072028931296, 30.5737279430375],
              [-96.2075059389902, 30.5737193597334],
              [-96.2076865031123, 30.5737143495722],
              [-96.2078104265874, 30.5738612085318],
              [-96.2082276924841, 30.5740658865898],
              [-96.208379363866, 30.5738117919796],
              [-96.2089378233125, 30.5744667637846],
              [-96.2091937641136, 30.5742359884649],
              [-96.2101040983571, 30.5743350539115],
              [-96.2100778355269, 30.5744810472284],
              [-96.2100515631603, 30.5746270907884],
              [-96.210440922383, 30.5747500704667],
              [-96.2108554723722, 30.5748361476357],
              [-96.2111398559976, 30.5748951973782],
              [-96.2114084912756, 30.5743719899502],
              [-96.2115775717154, 30.574370462366],
              [-96.2118590799602, 30.5744097155018],
              [-96.2122839165016, 30.5747958353106],
              [-96.2125252955224, 30.5750012721214],
              [-96.2127465905382, 30.5750178911193],
              [-96.2128473525877, 30.5749420815534],
              [-96.2131422381904, 30.5748747701458],
              [-96.2136164978919, 30.5752485716353],
              [-96.2136616314188, 30.5756307613354],
              [-96.213871286524, 30.5758790832068],
              [-96.2140486276048, 30.5759679213584],
              [-96.214543713601, 30.5762158657871],
              [-96.2145639237226, 30.5763574473312],
              [-96.2148601206604, 30.5766249273878],
              [-96.2150838087423, 30.5768269286578],
              [-96.2150900645165, 30.5771144057559],
              [-96.2158952396919, 30.5773695536381],
              [-96.2162374847623, 30.5774779829402],
              [-96.2163522884593, 30.577536242156],
              [-96.2171484199496, 30.577941248088],
              [-96.217538630902, 30.5781107662613],
              [-96.2176504183743, 30.5781593290383],
              [-96.2179891416695, 30.5782975126537],
              [-96.2180194069296, 30.5783046709107],
              [-96.2182270685451, 30.5782829239378],
              [-96.2185154918153, 30.5785136175407],
              [-96.2185613009239, 30.5785508952366],
              [-96.218680198936, 30.578636066189],
              [-96.2187827558887, 30.5786945403566],
              [-96.2190236251587, 30.5788318809667],
              [-96.2192869480436, 30.5789820192202],
              [-96.219355984534, 30.5790154363309],
              [-96.2196790179391, 30.5792775313095],
              [-96.2198998922764, 30.5793732917987],
              [-96.2209943417611, 30.5798477771988],
              [-96.2211805043336, 30.5800065682582],
              [-96.2211950895111, 30.5800190095329],
              [-96.221493673415, 30.5800747988355],
              [-96.2216022776883, 30.5801657137846],
              [-96.222003665372, 30.5805006412674],
              [-96.2220966425073, 30.5805782209652],
              [-96.2222961771858, 30.5806157515574],
              [-96.2224727033164, 30.5806506392943],
              [-96.2228270618849, 30.580878729519],
              [-96.2229906883349, 30.5808795108434],
              [-96.2231615261331, 30.5808803230971],
              [-96.2236704701478, 30.5810082016847],
              [-96.2238381720031, 30.5810503367],
              [-96.2240557992605, 30.581104688382],
              [-96.224533860198, 30.5807648001416],
              [-96.2246354066874, 30.5804347920098],
              [-96.2249655777011, 30.5803667614563],
              [-96.2250055987771, 30.5801810924343],
              [-96.2251824110757, 30.5801728988527],
              [-96.2252975492161, 30.58023559013],
              [-96.2256521839317, 30.5804204771457],
              [-96.2257059200012, 30.5804485856862],
              [-96.2261231640283, 30.5806668374485],
              [-96.2262333208611, 30.5807244569595],
              [-96.2262602115415, 30.5807385222106],
              [-96.2266225888861, 30.5809281142002],
              [-96.2267475171999, 30.5811848835266],
              [-96.2265176034862, 30.5812809283895],
              [-96.2263509778442, 30.5813505354251],
              [-96.2265457666763, 30.5817120672882],
              [-96.2269029956591, 30.5816582168301],
              [-96.2269939931779, 30.5818957570316],
              [-96.227256488593, 30.5819165158894],
              [-96.2276760859943, 30.5823520998988],
              [-96.228472900486, 30.5820719338583],
              [-96.2284319577, 30.5822717632301],
              [-96.2283963661507, 30.5824449158067],
              [-96.2283489475112, 30.5826756125475],
              [-96.2283782615137, 30.5827233529644],
              [-96.2276317222476, 30.5833929213251],
              [-96.2292110502022, 30.5844322287302],
              [-96.232670955575, 30.5813300414465],
              [-96.2374129288274, 30.5773732191188],
              [-96.2460961939627, 30.580505124199],
              [-96.2469266564528, 30.5807945161762],
              [-96.254062632988, 30.5825523897614],
              [-96.2562364811199, 30.5830751253802],
              [-96.2592028424767, 30.5837738695914],
              [-96.2633007915851, 30.584394013035],
              [-96.2648224541032, 30.5845953465354],
              [-96.2675904393389, 30.584910756697],
              [-96.2770087681476, 30.585757530886],
              [-96.281231131877, 30.5861579115015],
              [-96.282044534118, 30.586066641083],
              [-96.28338881876, 30.585634894398],
              [-96.2851111536897, 30.5849274568489],
              [-96.2851264693046, 30.584919399728],
              [-96.2850472838439, 30.5849221961868],
              [-96.2849884271778, 30.5848363369346],
              [-96.2848232845467, 30.5845886072554],
              [-96.2844251736014, 30.5839882406364],
              [-96.2824764113573, 30.581082221214],
              [-96.2827437403602, 30.5809059032268],
              [-96.2849961545824, 30.578915432738],
              [-96.2885359714839, 30.5756864540679],
              [-96.2914100441586, 30.5731494522139],
              [-96.2968962070917, 30.5683379541613],
              [-96.2976413461574, 30.567789413506],
              [-96.3021791441335, 30.5637140518548],
              [-96.3029345413753, 30.5646055476942],
              [-96.303945424515, 30.5655139764064],
              [-96.3042532162761, 30.5657827176667],
              [-96.3072326889164, 30.5683594507578],
              [-96.3095083736536, 30.5703314914725],
              [-96.3107287900028, 30.5713883290596]
            ]
          ]
        },
        "properties": {
          "Enforce_Of": "Community1"
        }
      },
      {
        "type": "Feature",
        "geometry": {
          "type": "MultiPolygon",
          "coordinates": [
            [
              [
                [-96.3169055039132, 30.590566031158],
                [-96.3177787531471, 30.591175165749],
                [-96.3185558256688, 30.5914005757658],
                [-96.3190571474495, 30.5915459941249],
                [-96.3199119088765, 30.5920008251629],
                [-96.321592444177, 30.5935472677249],
                [-96.3232431756307, 30.5954405798704],
                [-96.3219753881165, 30.5961625597989],
                [-96.3174594432563, 30.5984488860752],
                [-96.3146022834478, 30.6002313330474],
                [-96.3138321005806, 30.6010361271791],
                [-96.3134474474048, 30.6016667995057],
                [-96.3130163447127, 30.602473637998],
                [-96.3124101713338, 30.6039138439655],
                [-96.3115179092339, 30.6050701110199],
                [-96.3123884330825, 30.6057604349639],
                [-96.3132336241396, 30.6062009881667],
                [-96.3139263101334, 30.6062836208899],
                [-96.3154766558104, 30.6064039420463],
                [-96.317027160529, 30.6066673275738],
                [-96.3179063489074, 30.6072818793585],
                [-96.3199083824634, 30.6084750189968],
                [-96.323106613521, 30.6109369763493],
                [-96.3274367857675, 30.6143809002429],
                [-96.327878424902, 30.6147826238858],
                [-96.3291649167757, 30.613683803469],
                [-96.3308635021081, 30.612160517076],
                [-96.3316016191201, 30.6114292814055],
                [-96.3323481515836, 30.6106650686596],
                [-96.3349525049273, 30.6085164973183],
                [-96.336768827759, 30.6067917528528],
                [-96.340092977056, 30.6038530158798],
                [-96.3397092616701, 30.6033919695772],
                [-96.3374603108744, 30.598116208497],
                [-96.3444104970734, 30.5919184551281],
                [-96.3486047866568, 30.5881716439674],
                [-96.3460026358031, 30.5867184100255],
                [-96.3440875278729, 30.5863878216105],
                [-96.3357445359077, 30.5867787909451],
                [-96.3279682859753, 30.5866983300503],
                [-96.3279334865413, 30.5866650186858],
                [-96.3275145989557, 30.5866732641692],
                [-96.3265193809629, 30.5866175834485],
                [-96.3244984321618, 30.5865545627357],
                [-96.3231777941709, 30.5867846013135],
                [-96.3218732911793, 30.5873110262981],
                [-96.3209449747104, 30.5877012350228],
                [-96.3200684425047, 30.5882163436687],
                [-96.316437374522, 30.589853632281],
                [-96.3164294784396, 30.5898823564648],
                [-96.3164310970346, 30.5898815756729],
                [-96.3169055039132, 30.590566031158]
              ]
            ],
            [
              [
                [-96.3114138824961, 30.6396906015066],
                [-96.3099934730353, 30.6406065986586],
                [-96.3139295076363, 30.6453059233068],
                [-96.3145023056405, 30.6447870303793],
                [-96.3145422123729, 30.6447509548722],
                [-96.3158411325655, 30.6435803239597],
                [-96.3170240702335, 30.6425100871756],
                [-96.3187686869894, 30.6409257341894],
                [-96.3189951860454, 30.6407200367683],
                [-96.3203247110102, 30.6395125858916],
                [-96.3205500622363, 30.6393198208324],
                [-96.3207562268072, 30.6394915931123],
                [-96.3207964142393, 30.6395250757646],
                [-96.3211398938616, 30.6398112553953],
                [-96.3214833766078, 30.6400974332363],
                [-96.3216436683369, 30.6402309829127],
                [-96.3218154104509, 30.640374070806],
                [-96.3219886958916, 30.6405200148563],
                [-96.3219686202001, 30.6406667009207],
                [-96.3220695998942, 30.6407509482624],
                [-96.3222157204186, 30.6408623815945],
                [-96.3220845293342, 30.6409797135679],
                [-96.3237718712327, 30.642374806853],
                [-96.3248081725394, 30.6432309939477],
                [-96.3269807578476, 30.6413223115747],
                [-96.326994853823, 30.6413099280704],
                [-96.3281953260992, 30.6402552287815],
                [-96.3283808472995, 30.6401090540703],
                [-96.3284398801391, 30.6400552889378],
                [-96.3292066043, 30.6393568515299],
                [-96.3295138668604, 30.639050967984],
                [-96.3298429054494, 30.6387523964541],
                [-96.3302030305756, 30.6384256134809],
                [-96.3304833965116, 30.6381712020025],
                [-96.3309676410049, 30.6377317818535],
                [-96.3311217425371, 30.6375919444963],
                [-96.3312667163633, 30.6374603884702],
                [-96.3314530299616, 30.6372913178218],
                [-96.3316340561986, 30.6371270444412],
                [-96.3317688545124, 30.6370047198319],
                [-96.3318889968526, 30.6368958160062],
                [-96.3319323566092, 30.6368556932054],
                [-96.3320669831189, 30.636731658691],
                [-96.332260305202, 30.6365535470997],
                [-96.3323807972306, 30.6364425342242],
                [-96.3325590065405, 30.6362783444016],
                [-96.3329182034181, 30.6359474011214],
                [-96.334109305818, 30.6348499680451],
                [-96.333091366796, 30.6339977926727],
                [-96.3325097461948, 30.6335250233416],
                [-96.3326495727585, 30.6334004704407],
                [-96.3327879983356, 30.6332771655529],
                [-96.3329264235578, 30.6331538605155],
                [-96.3330648483876, 30.63303055623],
                [-96.33320327398, 30.6329072500243],
                [-96.3333416981376, 30.6327839445381],
                [-96.3334801230203, 30.6326606380332],
                [-96.3336044441258, 30.6325498958522],
                [-96.3337458961215, 30.632423890336],
                [-96.333873246517, 30.63231044833],
                [-96.3340005955697, 30.632197006165],
                [-96.3341578440195, 30.6320569294354],
                [-96.3343106616242, 30.6319207984697],
                [-96.3344634808813, 30.6317846673865],
                [-96.3346074389805, 30.6316564280553],
                [-96.3347513966958, 30.6315281885624],
                [-96.3348953540272, 30.6313999489077],
                [-96.3350393120174, 30.6312717091237],
                [-96.3351832675762, 30.6311434682114],
                [-96.3353272247988, 30.6310152281038],
                [-96.335471180595, 30.6308869878019],
                [-96.3356147032031, 30.6307583863487],
                [-96.33575822647, 30.6306297847671],
                [-96.3359929289289, 30.6304267984414],
                [-96.3368905467541, 30.6296259130579],
                [-96.3370295800388, 30.6294978918475],
                [-96.3382589318924, 30.6305309135728],
                [-96.3396697441962, 30.6292680136226],
                [-96.3390446755861, 30.6287650710053],
                [-96.336417781955, 30.6266479642441],
                [-96.3347506627944, 30.6277871901622],
                [-96.3235068687647, 30.6185161831997],
                [-96.323481289951, 30.6184950884818],
                [-96.3224399399294, 30.6178850067917],
                [-96.3198999466096, 30.6201690109026],
                [-96.3196112611877, 30.6206355932053],
                [-96.3152267548362, 30.6246408475946],
                [-96.3148906879997, 30.6250096234608],
                [-96.3147150681473, 30.6253389938315],
                [-96.3143029106108, 30.6259803694107],
                [-96.3138776755165, 30.6263823738667],
                [-96.31444305587, 30.6269427012709],
                [-96.3150505042279, 30.6276821625133],
                [-96.315685616909, 30.6283719379668],
                [-96.3163098158222, 30.6288763113074],
                [-96.317104533176, 30.6294249154216],
                [-96.3182053872925, 30.6302013760884],
                [-96.3198688549013, 30.6286327350251],
                [-96.3234091171195, 30.6312678320664],
                [-96.3250508790326, 30.6297649917013],
                [-96.3290498783828, 30.6330638193454],
                [-96.327969564337, 30.6338332961456],
                [-96.3269115875862, 30.6344240478227],
                [-96.326500067177, 30.6346015874615],
                [-96.3254776836799, 30.634952405141],
                [-96.32182909536, 30.636041916086],
                [-96.3193635703758, 30.6367628662802],
                [-96.3165851891722, 30.6375531116551],
                [-96.3131332690481, 30.6386451833482],
                [-96.3114138824961, 30.6396906015066]
              ]
            ]
          ]
        },
        "properties": {
          "Enforce_Of": "Community2"
        }
      },
      {
        "type": "Feature",
        "geometry": {
          "type": "Polygon",
          "coordinates": [
            [
              [-96.2276317222476, 30.5833929213251],
              [-96.2236302049619, 30.586981633823],
              [-96.2225980563173, 30.5879276566189],
              [-96.221828030245, 30.5887811894082],
              [-96.2209695742531, 30.5900185529984],
              [-96.2206037558313, 30.5907473454614],
              [-96.2203880777925, 30.5911770223001],
              [-96.2199290206171, 30.5925644388064],
              [-96.2198495763078, 30.592918894732],
              [-96.2197265042021, 30.5935813605241],
              [-96.2189873981332, 30.5942395400115],
              [-96.2195243275441, 30.5946844674136],
              [-96.2193552215999, 30.5956084136711],
              [-96.2191610177121, 30.5966686443374],
              [-96.2189359487542, 30.5977251263093],
              [-96.2188149213126, 30.5980726935735],
              [-96.2187368061222, 30.5982970293258],
              [-96.2186591227309, 30.598475403349],
              [-96.2186150653211, 30.5985765672167],
              [-96.2183284844859, 30.5991199728777],
              [-96.217765075606, 30.6000719856456],
              [-96.2177490695461, 30.6000990313917],
              [-96.2164858885912, 30.6022334002611],
              [-96.215492204426, 30.6039123375645],
              [-96.2154815014878, 30.6039304183209],
              [-96.2153931556504, 30.6040796821134],
              [-96.215353794703, 30.6041461847814],
              [-96.2136302843505, 30.607058063313],
              [-96.2108812890204, 30.6117020838415],
              [-96.2095215027062, 30.6139616506317],
              [-96.2089835339824, 30.6146819084701],
              [-96.2079489743104, 30.6157567251686],
              [-96.2062390785902, 30.6172600484796],
              [-96.2041123302191, 30.6190776802352],
              [-96.2026330643027, 30.6202979420364],
              [-96.2028591226813, 30.6205492906185],
              [-96.2033787393358, 30.6211269991828],
              [-96.2035560846675, 30.6214365779845],
              [-96.2038647815107, 30.6218468910601],
              [-96.2040252718086, 30.62202536506],
              [-96.2057016357016, 30.62389101069],
              [-96.2075879550134, 30.622171274622],
              [-96.2066931879766, 30.6214136576713],
              [-96.2109652063, 30.6176963984159],
              [-96.2118807935602, 30.616729158662],
              [-96.2129227084688, 30.6153276620252],
              [-96.213248276518, 30.6147814046899],
              [-96.2142326847072, 30.613129671139],
              [-96.2155605213346, 30.6108864186743],
              [-96.2158046885146, 30.6104739113866],
              [-96.2163679484516, 30.6095222892736],
              [-96.2171436008874, 30.6082117986261],
              [-96.217706557357, 30.6072606437581],
              [-96.2184639850749, 30.6059808798594],
              [-96.219274515428, 30.6046113535433],
              [-96.2201432996732, 30.6031433415031],
              [-96.2210613604014, 30.6015920109588],
              [-96.2215535098573, 30.600761549975],
              [-96.2216530347512, 30.6005921798118],
              [-96.2217928043944, 30.6003405845769],
              [-96.2220022181131, 30.599945317623],
              [-96.2221562556809, 30.5996141000489],
              [-96.2223119758496, 30.5992321121766],
              [-96.2224836083534, 30.5987963941185],
              [-96.2225337700816, 30.5985945472886],
              [-96.2231977819701, 30.597986170935],
              [-96.22334787876, 30.5978470654125],
              [-96.2228080620119, 30.5974024970204],
              [-96.2235620235463, 30.5933201967781],
              [-96.2236819127183, 30.5928343046228],
              [-96.2239158555059, 30.5922384736396],
              [-96.2241657270321, 30.5917191225373],
              [-96.2243082669824, 30.5914662650301],
              [-96.2244424800873, 30.5913451817703],
              [-96.2245650167995, 30.5912346452881],
              [-96.2269597129646, 30.5890743337423],
              [-96.2307354858396, 30.5856680251511],
              [-96.2305887477134, 30.5860901867484],
              [-96.2307050902059, 30.5866420626155],
              [-96.2313353318825, 30.5870644913782],
              [-96.2319338642815, 30.587547833087],
              [-96.231968013675, 30.5879257887404],
              [-96.232004132697, 30.5883267641956],
              [-96.2320064828479, 30.5883528446339],
              [-96.2323910189367, 30.5887737375628],
              [-96.2322969843959, 30.5892646959622],
              [-96.2320090948744, 30.5896583500499],
              [-96.2318185022193, 30.5901440937863],
              [-96.2317390200481, 30.5903466643197],
              [-96.2318685445859, 30.5907799001562],
              [-96.2316577624418, 30.591348254244],
              [-96.2313290836599, 30.5919178112335],
              [-96.2316645850692, 30.5926073707981],
              [-96.2321748850719, 30.5929013671529],
              [-96.2325864254914, 30.5935335209521],
              [-96.2331872082526, 30.5938609405218],
              [-96.2335696419862, 30.5937627403135],
              [-96.2338124292163, 30.5937405710722],
              [-96.2341027576555, 30.594184463895],
              [-96.2343714731374, 30.5941713361071],
              [-96.2346575990682, 30.5935772754567],
              [-96.2348890885004, 30.5934165193102],
              [-96.2353472742942, 30.5935886001236],
              [-96.2359909572533, 30.5936424207426],
              [-96.2360428549041, 30.5940623579024],
              [-96.235961121909, 30.5942548488871],
              [-96.2357215234573, 30.5945064079885],
              [-96.2355386914881, 30.594698579666],
              [-96.2362908716497, 30.594949701067],
              [-96.2367089208722, 30.5948504918355],
              [-96.2370357905521, 30.5943889028393],
              [-96.2373608953071, 30.5937269165899],
              [-96.237431761781, 30.5937070096858],
              [-96.2376254133467, 30.5936526094705],
              [-96.2379744688987, 30.5938924300152],
              [-96.2385351233678, 30.5943961082448],
              [-96.2387369841471, 30.5946457409884],
              [-96.2389715017044, 30.5949357855209],
              [-96.2392939235785, 30.5950230112583],
              [-96.239705574324, 30.5948035023951],
              [-96.2399054340652, 30.594524476563],
              [-96.2400935996811, 30.5947885503192],
              [-96.2401545147416, 30.5952105760045],
              [-96.2405108596805, 30.5955244272405],
              [-96.2409342735859, 30.5957025089875],
              [-96.241440838457, 30.5955866302535],
              [-96.2416256063296, 30.5954371860863],
              [-96.2418520014542, 30.5952540703988],
              [-96.2423375328399, 30.5954557817917],
              [-96.2424159361515, 30.5951326498071],
              [-96.2427847387529, 30.5948798764888],
              [-96.2429719949281, 30.5947913389679],
              [-96.2430225626546, 30.594766185496],
              [-96.2431003949074, 30.5947291262595],
              [-96.2432109978291, 30.5946999234818],
              [-96.2434006859587, 30.5946462514799],
              [-96.2438771770134, 30.5948153053504],
              [-96.2439110034463, 30.5948589083658],
              [-96.2439448518922, 30.5949025833859],
              [-96.2440563427944, 30.595045296273],
              [-96.244159988027, 30.5951543058374],
              [-96.2442636304448, 30.5952633134155],
              [-96.2443729877133, 30.5953808536965],
              [-96.2444911810931, 30.5955140923869],
              [-96.2446175800784, 30.5956643381943],
              [-96.2446535375808, 30.5957589388919],
              [-96.244674530854, 30.5958139030145],
              [-96.2447089479854, 30.5958473573411],
              [-96.2448904398081, 30.5960731412036],
              [-96.2449749164973, 30.5962015281675],
              [-96.2450504666916, 30.5962788851954],
              [-96.2450058632567, 30.5963738174341],
              [-96.244908852369, 30.5966692829306],
              [-96.2449227620336, 30.5968703621137],
              [-96.2447254661262, 30.5969904462072],
              [-96.2446832986474, 30.5970672120301],
              [-96.2447989894591, 30.5972234684348],
              [-96.2450706159246, 30.5974025366251],
              [-96.2452644437469, 30.5974013082664],
              [-96.2454947096907, 30.5971808982808],
              [-96.2457749271785, 30.5971236491881],
              [-96.2458598122432, 30.5972017114823],
              [-96.2459346571583, 30.5972090393273],
              [-96.2460526234386, 30.5971190205252],
              [-96.2462084023067, 30.5970359777281],
              [-96.2465029220936, 30.5971410533587],
              [-96.2467027118243, 30.5971357750842],
              [-96.2469497780573, 30.5969610133707],
              [-96.2470512737952, 30.5967832654422],
              [-96.2472117041902, 30.5966549512429],
              [-96.2473944348034, 30.596592281379],
              [-96.2479841956142, 30.5966422931696],
              [-96.2481957048962, 30.596718464795],
              [-96.2484533902838, 30.5968057354908],
              [-96.2485778003366, 30.5967959734465],
              [-96.2488858494855, 30.5967026677319],
              [-96.2491217716485, 30.5967268329861],
              [-96.2492132074985, 30.5966435394163],
              [-96.2493494419726, 30.5966245195252],
              [-96.2495193918029, 30.5965601379853],
              [-96.2497501036161, 30.5966966539902],
              [-96.2499992732955, 30.5967191478284],
              [-96.2500985073032, 30.5967728547844],
              [-96.250188135667, 30.5968214044509],
              [-96.2503384362914, 30.5971834599372],
              [-96.2504679140633, 30.5973465933429],
              [-96.2509383842014, 30.5975596689781],
              [-96.2511194166897, 30.5975848620619],
              [-96.2511656857336, 30.5975841650268],
              [-96.2518489486416, 30.5975738646284],
              [-96.2520502936418, 30.5976829917087],
              [-96.2521519155735, 30.5977375509679],
              [-96.2522965717473, 30.5978714471387],
              [-96.2523019034634, 30.5980187635113],
              [-96.2523146755387, 30.5983798367331],
              [-96.252522838148, 30.5984519923371],
              [-96.2525667968973, 30.598467216548],
              [-96.2527345600581, 30.5984053277087],
              [-96.2532428622938, 30.5979510463485],
              [-96.2535142644487, 30.5979802428831],
              [-96.2536200332229, 30.5981076313559],
              [-96.2537672325223, 30.5982849627269],
              [-96.2538721726874, 30.5985123854692],
              [-96.2539876660913, 30.5987626782644],
              [-96.2540616052614, 30.5988371187868],
              [-96.2541738873821, 30.5988852245055],
              [-96.2543224876228, 30.5989514932963],
              [-96.2543382614232, 30.5990025600096],
              [-96.2543610318386, 30.5990762729434],
              [-96.2545502614138, 30.5992498142144],
              [-96.2547038818761, 30.5994174499505],
              [-96.2548518774987, 30.599636709861],
              [-96.254909650268, 30.5997223016997],
              [-96.2549574304991, 30.5999330331229],
              [-96.2548695977698, 30.6001626161616],
              [-96.2547744230831, 30.6002581522427],
              [-96.2545749469039, 30.6004583877709],
              [-96.2546962717599, 30.6006118886145],
              [-96.2553265987315, 30.6008986994832],
              [-96.255935502049, 30.601516114357],
              [-96.2562136089934, 30.601504795448],
              [-96.2563432987845, 30.6015059254891],
              [-96.2564993009258, 30.601429403054],
              [-96.2566767056066, 30.6013423818845],
              [-96.2569746385178, 30.6012907784883],
              [-96.2574658283374, 30.6012707552525],
              [-96.2575904386898, 30.6010652420712],
              [-96.2574868807048, 30.6008195352844],
              [-96.2574604490084, 30.6007568255567],
              [-96.2570190058009, 30.6002376697832],
              [-96.2566289300259, 30.6002771296807],
              [-96.256610107954, 30.6002790404495],
              [-96.256177185778, 30.6000845012781],
              [-96.2561065838598, 30.5998058434641],
              [-96.2563114230059, 30.5995131958345],
              [-96.2564752935099, 30.5992790755107],
              [-96.2566986679241, 30.5990452444164],
              [-96.2570875492875, 30.5990792811972],
              [-96.2576093746096, 30.5991847506458],
              [-96.2579607517629, 30.5992303697766],
              [-96.2584271662298, 30.5993439582406],
              [-96.2591389141815, 30.5995703649513],
              [-96.2598859197614, 30.5996021716765],
              [-96.2600983664542, 30.5999398500668],
              [-96.2602319874439, 30.6001518179705],
              [-96.260357813524, 30.6005821337798],
              [-96.2610849156371, 30.6009189970958],
              [-96.2611707058368, 30.6013119542612],
              [-96.2615605778043, 30.6014360039091],
              [-96.26164547596, 30.6017368653552],
              [-96.2620134587939, 30.602062522168],
              [-96.2616869245076, 30.6023337507844],
              [-96.2615612490051, 30.60268740786],
              [-96.2611651028801, 30.6028087681053],
              [-96.2608380440837, 30.6027158378431],
              [-96.2604382596663, 30.6028824768502],
              [-96.2603708888284, 30.6029605413891],
              [-96.2603360080543, 30.6031525956294],
              [-96.2603318290792, 30.6031755995985],
              [-96.2602944461751, 30.6034708722271],
              [-96.2602959010821, 30.60351944064],
              [-96.2602977174875, 30.6035801483772],
              [-96.2601938614938, 30.6038230438495],
              [-96.2604342504579, 30.6040538595861],
              [-96.2608705048936, 30.6042075270002],
              [-96.2610725714962, 30.6044774350208],
              [-96.2615418358413, 30.6046166752101],
              [-96.2619495431136, 30.604765846306],
              [-96.2622895510852, 30.604666670592],
              [-96.2624726367655, 30.6047836497347],
              [-96.2626634156435, 30.6049519563769],
              [-96.2628919948211, 30.6051536149761],
              [-96.26315693092, 30.6052633128782],
              [-96.2638656100613, 30.6052045470044],
              [-96.2640322333148, 30.6057170540687],
              [-96.2637271996251, 30.6061165508168],
              [-96.2634191654556, 30.6060006466552],
              [-96.2631252330845, 30.6058664968059],
              [-96.2626543938672, 30.6061540619994],
              [-96.2625057187914, 30.6066384257229],
              [-96.2622425346315, 30.6066790330376],
              [-96.2622473321469, 30.6069826116862],
              [-96.2625835953843, 30.6073130235355],
              [-96.2623698545823, 30.6076816931331],
              [-96.2627860097216, 30.6076999491743],
              [-96.2627526846381, 30.6078188509468],
              [-96.2628911324603, 30.6080570050978],
              [-96.2632753106433, 30.6082621867656],
              [-96.2629696884531, 30.6084721276077],
              [-96.2624452817375, 30.6088917511821],
              [-96.2622449706351, 30.6087896070626],
              [-96.2622421730199, 30.6085642995434],
              [-96.2621009105188, 30.6084775179313],
              [-96.2619367299132, 30.6086368039345],
              [-96.2615262444528, 30.6085832367505],
              [-96.2613406651009, 30.6087977840555],
              [-96.2613214933119, 30.6088931317743],
              [-96.2612975290528, 30.6090123162096],
              [-96.2612656841941, 30.6091713582679],
              [-96.2616744684255, 30.6093654002592],
              [-96.261768219889, 30.6096828527259],
              [-96.2609729156652, 30.6100052915481],
              [-96.2608854094578, 30.6100750699868],
              [-96.2612128955755, 30.6105765941147],
              [-96.2612727442367, 30.6105857621021],
              [-96.2614857704768, 30.6106879908299],
              [-96.2618521883119, 30.6108638284422],
              [-96.2622162550255, 30.6111567771347],
              [-96.2624042278068, 30.6113080312175],
              [-96.2625106567975, 30.6113529286537],
              [-96.2626971672703, 30.6114316125629],
              [-96.2630450187343, 30.6115783566734],
              [-96.2634858065884, 30.6117639029582],
              [-96.263511399472, 30.6117704634226],
              [-96.2635927856107, 30.6117908187297],
              [-96.2636655652326, 30.6118046484844],
              [-96.2637963452957, 30.6118664145548],
              [-96.2638622213769, 30.611885787628],
              [-96.2638951609718, 30.6118954746522],
              [-96.2639280984888, 30.611905161602],
              [-96.2640924271995, 30.6119622282687],
              [-96.2641573294558, 30.612004620049],
              [-96.2642034665914, 30.6120176070738],
              [-96.2642767981179, 30.6120359367799],
              [-96.2643387831386, 30.6120509049088],
              [-96.2644307845168, 30.6120593784442],
              [-96.264600508884, 30.6120927783782],
              [-96.2646401546074, 30.6121005813709],
              [-96.2646669014243, 30.6121070309802],
              [-96.2648052134747, 30.6121403806931],
              [-96.2649043938501, 30.6121608081334],
              [-96.2649707571967, 30.612168672108],
              [-96.2650102355127, 30.6121814453992],
              [-96.265108931158, 30.6122133830818],
              [-96.2651738339935, 30.6122557752502],
              [-96.2652318321894, 30.612303712663],
              [-96.2652964957934, 30.6123518618717],
              [-96.2653618836297, 30.6123827426425],
              [-96.265460578556, 30.612414680022],
              [-96.2654933946944, 30.6124272441546],
              [-96.2655587887845, 30.6124581277276],
              [-96.2655916039845, 30.6124706899992],
              [-96.2656900567414, 30.612508381502],
              [-96.2657559299881, 30.6125230034544],
              [-96.265823967075, 30.6125302898482],
              [-96.2658896366567, 30.6125204609338],
              [-96.2659905204385, 30.6125006004216],
              [-96.2660581021216, 30.612479688024],
              [-96.2661259272035, 30.6124530195204],
              [-96.2661594756524, 30.6124483189433],
              [-96.2663264806091, 30.6124420766966],
              [-96.2664920284241, 30.612470366252],
              [-96.2666838050691, 30.6125730701932],
              [-96.2668177668078, 30.6126535511273],
              [-96.2670158872942, 30.6127001562274],
              [-96.2672137646087, 30.6127525170948],
              [-96.2673467903398, 30.6128132609037],
              [-96.2674849262456, 30.612968700131],
              [-96.2675872741302, 30.6130638404931],
              [-96.2678788785513, 30.6132691479455],
              [-96.2679863017912, 30.6134108474801],
              [-96.2679735575161, 30.613554513402],
              [-96.2679299467601, 30.6136395745736],
              [-96.2678519022354, 30.6137924628866],
              [-96.2678325584067, 30.6139537575396],
              [-96.2679853568476, 30.6141256801274],
              [-96.268273504897, 30.6143307535785],
              [-96.2684719211449, 30.6144494005568],
              [-96.2685365110113, 30.614497513207],
              [-96.268576837398, 30.6145708538412],
              [-96.268617094379, 30.614644158866],
              [-96.2686544039836, 30.6147445538221],
              [-96.2687527862189, 30.6148629189248],
              [-96.2687406245753, 30.6151506694855],
              [-96.2687379489667, 30.6152139754918],
              [-96.2687563966697, 30.6153298133076],
              [-96.2687973096124, 30.6153887444774],
              [-96.2688555072092, 30.6154309136447],
              [-96.2690211815948, 30.6154563196173],
              [-96.2691220708592, 30.6154364585527],
              [-96.2694635080092, 30.6152484396302],
              [-96.2696347753582, 30.6151414802997],
              [-96.2697373674735, 30.6150813325592],
              [-96.269779358243, 30.6150665754456],
              [-96.269872774937, 30.6150337485863],
              [-96.2699226866893, 30.6149901313955],
              [-96.2699905091049, 30.6149308595996],
              [-96.2702193672508, 30.614802667425],
              [-96.270358725833, 30.6147307915035],
              [-96.2704897881774, 30.6146306694365],
              [-96.2706469108369, 30.6144588385571],
              [-96.2706795113234, 30.6143952550623],
              [-96.2708437592009, 30.6143132199006],
              [-96.271014791493, 30.6142475500912],
              [-96.2711494951516, 30.6142453458707],
              [-96.2712850143549, 30.6142237835255],
              [-96.2714522338165, 30.6142484507834],
              [-96.2715112519724, 30.6142675444808],
              [-96.2715850276937, 30.6142914148185],
              [-96.2716854411194, 30.6143042769129],
              [-96.2717899967796, 30.6143075801757],
              [-96.2718860778316, 30.6142460055339],
              [-96.2719084273999, 30.6141594851872],
              [-96.2718164796826, 30.6140304419854],
              [-96.2716726148298, 30.6139034008592],
              [-96.2715802808852, 30.6137840592589],
              [-96.2716150606479, 30.6136688556074],
              [-96.2717896369171, 30.6135193029475],
              [-96.2719755515307, 30.6134362737123],
              [-96.2721426336278, 30.6134641647411],
              [-96.2722420925063, 30.6134996125989],
              [-96.2724109456842, 30.6134855645653],
              [-96.272717904933, 30.6133886504005],
              [-96.2735841055066, 30.6132415545549],
              [-96.2737986338508, 30.6132321760703],
              [-96.273988071782, 30.6132381579353],
              [-96.2744261673057, 30.6134005979844],
              [-96.2747136633709, 30.6135260673494],
              [-96.2753628114752, 30.6136184372639],
              [-96.2754680459907, 30.6136036056415],
              [-96.2756020112741, 30.6135684853318],
              [-96.2756678708448, 30.6135849387038],
              [-96.2757538273717, 30.6135193704215],
              [-96.275949300838, 30.6134213183942],
              [-96.276065397114, 30.6133315410334],
              [-96.2762336088608, 30.613189501621],
              [-96.2766654717093, 30.6132067244863],
              [-96.2767957269919, 30.6132755945047],
              [-96.2769031380414, 30.6133903220871],
              [-96.2770216785292, 30.6135377535666],
              [-96.2771933084296, 30.6136152567557],
              [-96.2772838656457, 30.6136997975792],
              [-96.2773090664386, 30.6137265751351],
              [-96.2773582263175, 30.6138431303274],
              [-96.2773639442952, 30.6141020674672],
              [-96.2773229229909, 30.614187024599],
              [-96.2772547988517, 30.6143083621613],
              [-96.2771165204873, 30.6144119823428],
              [-96.276862018433, 30.6145196487744],
              [-96.2768260320319, 30.6145262250588],
              [-96.2765650308497, 30.6147879458756],
              [-96.2765305859545, 30.6150326610672],
              [-96.2762971091842, 30.6150087540052],
              [-96.2761279118102, 30.6149900463136],
              [-96.2760388419991, 30.6149873084529],
              [-96.2759655687716, 30.615031272979],
              [-96.2759081764022, 30.6151220184078],
              [-96.2758632325133, 30.6155525302686],
              [-96.275852211107, 30.6157186163197],
              [-96.2758387160064, 30.6159219835273],
              [-96.2757582940642, 30.6161354113817],
              [-96.2756409075016, 30.6163785232616],
              [-96.2755191565897, 30.6165135142585],
              [-96.275470680055, 30.6166045409398],
              [-96.2754578626407, 30.6166966931403],
              [-96.2754909247531, 30.6167594427079],
              [-96.2754674505071, 30.6168808671755],
              [-96.2754822574314, 30.6170052954004],
              [-96.27550076895, 30.6171608321211],
              [-96.2754031319384, 30.6172420293413],
              [-96.2753276088539, 30.617304833258],
              [-96.2752521326029, 30.6173953154619],
              [-96.2752165057289, 30.6174575524687],
              [-96.2751825083009, 30.6175169396163],
              [-96.2751400734032, 30.6175936134662],
              [-96.2751226973005, 30.6176862419021],
              [-96.2751425952329, 30.6176979596933],
              [-96.2751271546389, 30.6177119254648],
              [-96.275138535413, 30.6177440805892],
              [-96.2751458929655, 30.6177648745873],
              [-96.2751564560925, 30.6177947146473],
              [-96.2752372015655, 30.6179211484461],
              [-96.2753339100499, 30.6180046200334],
              [-96.275438384153, 30.6180760192803],
              [-96.2755232154416, 30.6181034597315],
              [-96.275628996208, 30.6181439464024],
              [-96.2756984567506, 30.6181956726528],
              [-96.2757257496055, 30.6182274055536],
              [-96.2758315733758, 30.6182679665269],
              [-96.2759731361858, 30.6183095830892],
              [-96.2760426129345, 30.6183613033364],
              [-96.2761117149019, 30.6184191130786],
              [-96.2761020625457, 30.6184808096499],
              [-96.2760337439336, 30.6185715181949],
              [-96.2759810398849, 30.6186317658357],
              [-96.275898667256, 30.6187158400558],
              [-96.2758631858318, 30.6187701506914],
              [-96.2758062690689, 30.61886770127],
              [-96.2757880445094, 30.6189599906659],
              [-96.2758056009183, 30.6190534093163],
              [-96.275814377496, 30.6191001203941],
              [-96.2758231562429, 30.619146829734],
              [-96.2758984318458, 30.619229613584],
              [-96.2759687438109, 30.6192628638454],
              [-96.2760384821266, 30.6193084006935],
              [-96.27610875948, 30.6193416326312],
              [-96.2761837172961, 30.619436955634],
              [-96.2762180275701, 30.6194688421588],
              [-96.2762523419602, 30.6195007306088],
              [-96.2763230286589, 30.6195278766865],
              [-96.2763775023439, 30.6195691610632],
              [-96.2764679220343, 30.6196318913812],
              [-96.2765205839824, 30.6196605303482],
              [-96.276627748251, 30.6197353967524],
              [-96.2766988572431, 30.619793240576],
              [-96.2767520318628, 30.6198222251055],
              [-96.2768063523276, 30.6198601969556],
              [-96.2768392330052, 30.6198988138749],
              [-96.2769236603728, 30.6199723993386],
              [-96.2769827825541, 30.6200099683497],
              [-96.2770590179773, 30.6200335121661],
              [-96.2771380389112, 30.6200612700662],
              [-96.2774264943968, 30.6201974553643],
              [-96.2775220352279, 30.6202506514429],
              [-96.277550627916, 30.6202605262872],
              [-96.2776234251446, 30.6202867271736],
              [-96.2776914496334, 30.6203144546807],
              [-96.2777511712002, 30.6203508163611],
              [-96.2777812536489, 30.6203787768277],
              [-96.2778070083562, 30.6203937020724],
              [-96.2778713657109, 30.6204242141831],
              [-96.2780055184115, 30.6204889538374],
              [-96.2781157973091, 30.6205294872478],
              [-96.2782197434224, 30.6205719602215],
              [-96.278255466945, 30.6205969164726],
              [-96.2783193801696, 30.6206341060662],
              [-96.2783449411985, 30.6206553358736],
              [-96.2783813316221, 30.6206644282888],
              [-96.2784173897362, 30.6206814512748],
              [-96.278525863853, 30.6207522211472],
              [-96.2785508288275, 30.6207889504478],
              [-96.2786130266802, 30.6208385340362],
              [-96.2786494173124, 30.620847623671],
              [-96.2786988408296, 30.6208599705303],
              [-96.2787923341377, 30.6208838047882],
              [-96.2788937105869, 30.6209081944937],
              [-96.2789772767835, 30.6209215060095],
              [-96.2790460013358, 30.6209141045759],
              [-96.2791460032381, 30.6209121270716],
              [-96.279203945152, 30.620897855401],
              [-96.279268614943, 30.6208657129472],
              [-96.2792940033297, 30.6208358568796],
              [-96.279359406264, 30.6207985280132],
              [-96.2794331927986, 30.620792912657],
              [-96.2795187694028, 30.6208086468726],
              [-96.2796148169727, 30.620846296561],
              [-96.2797027368766, 30.6208878820593],
              [-96.279776289099, 30.6209588677204],
              [-96.2798136106622, 30.6210202852426],
              [-96.2798346564021, 30.6210835700298],
              [-96.2798673714156, 30.6211799140265],
              [-96.2799369783817, 30.6212775727721],
              [-96.2800339657299, 30.6213677013728],
              [-96.280060337955, 30.6214004549958],
              [-96.2801127543285, 30.6214656494763],
              [-96.2801604745402, 30.6215266165806],
              [-96.2801681089183, 30.6215888926498],
              [-96.2801598203469, 30.6216577610666],
              [-96.2801387798569, 30.6217206397562],
              [-96.2801177424284, 30.6217835194423],
              [-96.2801068246291, 30.6218161563217],
              [-96.2800967060529, 30.6218463982561],
              [-96.28005943084, 30.6219053339567],
              [-96.279989020895, 30.6220018606157],
              [-96.2799771646914, 30.6220650297351],
              [-96.2799850087407, 30.6220970466786],
              [-96.2799915153476, 30.6221607938117],
              [-96.2800072033246, 30.6222248313021],
              [-96.2800504386672, 30.622289737251],
              [-96.2800940042433, 30.6223467107314],
              [-96.2801372520611, 30.6224115710027],
              [-96.2802093557865, 30.6224456615603],
              [-96.2803181976622, 30.6224808632686],
              [-96.2804428572891, 30.6225281704273],
              [-96.2805170624788, 30.6225595828407],
              [-96.2806073303836, 30.6226011766761],
              [-96.2806797811147, 30.6226272880966],
              [-96.2807335688352, 30.6226608100362],
              [-96.2807875035092, 30.6227197746815],
              [-96.2808515436418, 30.6227645595515],
              [-96.2808946876761, 30.6228514412602],
              [-96.2809236029683, 30.6228807588199],
              [-96.2809562329239, 30.6228913802762],
              [-96.2810268138764, 30.6229126031111],
              [-96.2810589578068, 30.6229326532727],
              [-96.281105975709, 30.622991096463],
              [-96.281136700794, 30.6230557169443],
              [-96.2811643218582, 30.6231069328824],
              [-96.2811744501698, 30.6231927513531],
              [-96.2811391665655, 30.623283469211],
              [-96.2811346711087, 30.6233024891455],
              [-96.2811343120822, 30.6233624812204],
              [-96.2811554221505, 30.6234486458052],
              [-96.2811720616161, 30.6234682298438],
              [-96.2812051907071, 30.6235071891811],
              [-96.28123723237, 30.6235295975309],
              [-96.2813020204915, 30.6235577635442],
              [-96.2813675102968, 30.6235693275105],
              [-96.2814005555524, 30.6235679939339],
              [-96.2815009894453, 30.6235331599121],
              [-96.2815684790548, 30.6234972867167],
              [-96.2816419121093, 30.6233856042663],
              [-96.2816678184086, 30.6233579215098],
              [-96.2816964714323, 30.6233303253057],
              [-96.2817039741031, 30.623266436628],
              [-96.2816945765586, 30.6232447672541],
              [-96.2816944279788, 30.6232200024103],
              [-96.2816942324151, 30.6231877563128],
              [-96.2817417557273, 30.6231037573691],
              [-96.2817755992706, 30.6230834479232],
              [-96.2818458863349, 30.6230581160158],
              [-96.2818997156687, 30.6230619760341],
              [-96.2819342266165, 30.623071682496],
              [-96.2820028847773, 30.6230997047153],
              [-96.282037395749, 30.6231094111496],
              [-96.2821405660428, 30.6231471388516],
              [-96.2822034849066, 30.6231779021578],
              [-96.2822435539912, 30.6231891720178],
              [-96.2822778836747, 30.6232031830659],
              [-96.2823467254558, 30.6232269004887],
              [-96.282415565186, 30.6232506178091],
              [-96.2824847696298, 30.623265727604],
              [-96.2825537906782, 30.6232851419747],
              [-96.2826565998257, 30.6233314768499],
              [-96.282735223902, 30.6233598099367],
              [-96.2828709975316, 30.6234067552883],
              [-96.282971102755, 30.6234555124194],
              [-96.2830093178072, 30.6234848092159],
              [-96.2830777953805, 30.6235171328357],
              [-96.2831121253027, 30.6235311436609],
              [-96.2831910589198, 30.6235851445459],
              [-96.2832138103565, 30.6236032878565],
              [-96.2832661099769, 30.6236652853174],
              [-96.28329473422, 30.6236963561168],
              [-96.2833034276661, 30.6237267972813],
              [-96.2833270479733, 30.6237576454531],
              [-96.2833613992593, 30.6237717218751],
              [-96.2833959106092, 30.6237814279446],
              [-96.2834702462492, 30.6238066889981],
              [-96.2834960428287, 30.6238139450283],
              [-96.2836387579389, 30.6238192436881],
              [-96.2837464088173, 30.6237915038885],
              [-96.2838941103022, 30.6237971200006],
              [-96.2839734600509, 30.6238082372138],
              [-96.2840614883398, 30.6238253679676],
              [-96.2841506332056, 30.6238655346051],
              [-96.2842179602571, 30.6239236349534],
              [-96.2842702769043, 30.6239856189751],
              [-96.2843662287416, 30.6240432341594],
              [-96.2844746404387, 30.6241084614306],
              [-96.2845372331412, 30.6241621499648],
              [-96.2845715645484, 30.6241761604329],
              [-96.2847756619488, 30.624274624737],
              [-96.2848097119957, 30.624301344408],
              [-96.284856068977, 30.6243465967452],
              [-96.2849016428342, 30.6243934185721],
              [-96.2849590122721, 30.6244511851051],
              [-96.2849741680503, 30.6244613058499],
              [-96.2849930401632, 30.6244738716693],
              [-96.2850555896314, 30.624527533297],
              [-96.2850842533721, 30.6245586274819],
              [-96.2851012471661, 30.6245850664008],
              [-96.285135496946, 30.6246382377391],
              [-96.2851692309238, 30.6246689002748],
              [-96.2852725730971, 30.62470677702],
              [-96.2853410543476, 30.6247391004005],
              [-96.2853764523871, 30.624763709414],
              [-96.2854258009638, 30.6247983343605],
              [-96.2855018321148, 30.6248527776723],
              [-96.2855650340154, 30.6248914233192],
              [-96.2856050501641, 30.624948685647],
              [-96.2856429789368, 30.625001157521],
              [-96.2856681415812, 30.6250497954268],
              [-96.2856918532846, 30.6250784975826],
              [-96.2857236216682, 30.6250946386523],
              [-96.2857560962985, 30.6250935053343],
              [-96.2857883886567, 30.6250966775598],
              [-96.2858546496411, 30.6251224665311],
              [-96.2859550615138, 30.6251665684468],
              [-96.286053525425, 30.6251976823164],
              [-96.286103910489, 30.6252154293588],
              [-96.286154296652, 30.6252331755127],
              [-96.2861879738732, 30.6252559978442],
              [-96.2862344945085, 30.6252875662762],
              [-96.2862941734992, 30.625343017229],
              [-96.2863578383975, 30.6253753391917],
              [-96.2864559404429, 30.6254150594159],
              [-96.2865286990019, 30.6254576278906],
              [-96.2865825768811, 30.6254879996862],
              [-96.2867075716014, 30.6255821719821],
              [-96.286764850151, 30.6256353933136],
              [-96.2867975369848, 30.6256925969791],
              [-96.2868237497719, 30.6257214074139],
              [-96.2869157026061, 30.6257889742638],
              [-96.2870122204636, 30.6258070958712],
              [-96.2871158472967, 30.6258340600881],
              [-96.2871407228466, 30.625842385863],
              [-96.2872437535315, 30.6258768714534],
              [-96.2873390017439, 30.6259251219383],
              [-96.2873559426896, 30.6259375056598],
              [-96.2873728014585, 30.6259498579067],
              [-96.2873830330166, 30.6259708688141],
              [-96.28740042019, 30.6260067836681],
              [-96.2874033727549, 30.6260392175511],
              [-96.2874055371865, 30.6260629697565],
              [-96.2874118332714, 30.6260911822183],
              [-96.2874418624689, 30.626148152225],
              [-96.2874893306626, 30.6262056709742],
              [-96.2875895174511, 30.6263144112065],
              [-96.287627106977, 30.6263703200741],
              [-96.2876499621064, 30.6264197253513],
              [-96.2876850227344, 30.6264751827147],
              [-96.2877107706153, 30.6265682477296],
              [-96.287725962229, 30.6266302283669],
              [-96.2877635597728, 30.6267236635067],
              [-96.2877965250238, 30.6267862060785],
              [-96.2878176399053, 30.6268483730724],
              [-96.2878163479447, 30.6268790819328],
              [-96.287849153593, 30.6269752431674],
              [-96.2878591459415, 30.6270048726866],
              [-96.2878691373295, 30.6270345003691],
              [-96.2878843280764, 30.6270964809537],
              [-96.2879008108187, 30.627127751774],
              [-96.2879089453418, 30.6272164288008],
              [-96.2878943508178, 30.6272813032901],
              [-96.2878386576188, 30.6273359280969],
              [-96.2878136653692, 30.6273658948666],
              [-96.2877404135854, 30.6274148425536],
              [-96.2876733003797, 30.6274588560258],
              [-96.2876368903672, 30.6274782097548],
              [-96.2875647140865, 30.6275015662935],
              [-96.287529164355, 30.6275004476882],
              [-96.2874925356858, 30.6275249227261],
              [-96.2874563430316, 30.6275391586272],
              [-96.2874313507239, 30.6275691226177],
              [-96.2874274741751, 30.6276612554951],
              [-96.2874545143264, 30.6277236089968],
              [-96.2874874798709, 30.6277861480393],
              [-96.2875098878864, 30.6278176062581],
              [-96.2875145200962, 30.6278485015282],
              [-96.2875052032733, 30.6279074118276],
              [-96.2874983632938, 30.6279504981314],
              [-96.2875052085026, 30.6279840465584],
              [-96.2875245309547, 30.6280159520091],
              [-96.2875759268035, 30.628044573434],
              [-96.2876064123591, 30.6280615871617],
              [-96.2876025385372, 30.6281536587402],
              [-96.2875852463449, 30.6281781193754],
              [-96.2875647660856, 30.6282268227567],
              [-96.2875381207446, 30.6282746361663],
              [-96.2875072038478, 30.6283044164622],
              [-96.2874705770656, 30.6283288888542],
              [-96.2874396601685, 30.6283586682324],
              [-96.2874032486879, 30.6283780227631],
              [-96.2873315024001, 30.6283911425849],
              [-96.2872946581099, 30.6284207327028],
              [-96.2872329418685, 30.6284577962197],
              [-96.287197661165, 30.6284820536273],
              [-96.287146296752, 30.6285396299016],
              [-96.2871303886498, 30.6285687260629],
              [-96.2871266574793, 30.6286573962484],
              [-96.287138834284, 30.6287169738792],
              [-96.2871556566444, 30.6287352132941],
              [-96.2872005990415, 30.6287611962985],
              [-96.2872679646742, 30.6287886846862],
              [-96.2873363932413, 30.628790837956],
              [-96.2873714942629, 30.6287708030927],
              [-96.2874404589637, 30.6287602884626],
              [-96.2874744051689, 30.6287676989787],
              [-96.2875083545068, 30.6287751095842],
              [-96.2875423927596, 30.6287804070538],
              [-96.2876094001221, 30.628816338657],
              [-96.2876436159826, 30.6288174152549],
              [-96.2878855186363, 30.6288842217614],
              [-96.2879197345241, 30.6288852982857],
              [-96.2879936797914, 30.6289119931066],
              [-96.2880202355548, 30.6289435726909],
              [-96.2880811353497, 30.6290001551813],
              [-96.2881492010805, 30.6290151302555],
              [-96.2881835915684, 30.6290119830612],
              [-96.2882178075049, 30.6290130595063],
              [-96.288319208753, 30.6290458472311],
              [-96.2883525366154, 30.6290680350819],
              [-96.2884532807893, 30.6291177853852],
              [-96.2884812428281, 30.6291480992919],
              [-96.2885490293951, 30.6291672331234],
              [-96.2885828901074, 30.6291767556713],
              [-96.2886163957354, 30.6291947199029],
              [-96.2886841141478, 30.629213763053],
              [-96.2887217363062, 30.6292243426911],
              [-96.2887518326629, 30.6292328043644],
              [-96.2888635445066, 30.6292532312669],
              [-96.288897225662, 30.6292669745132],
              [-96.2889309088741, 30.6292807187176],
              [-96.2892044502035, 30.6292935516898],
              [-96.2892386662516, 30.6292946278633],
              [-96.2892647098773, 30.6293086128347],
              [-96.2893087890499, 30.6293729361861],
              [-96.2893270975516, 30.6294031087639],
              [-96.2893246114336, 30.6294622222614],
              [-96.289306217744, 30.6295504312864],
              [-96.2892780496831, 30.6296383346942],
              [-96.2892652407976, 30.6296980199005],
              [-96.2892571696735, 30.6297856590103],
              [-96.2892583274832, 30.6298744847657],
              [-96.2892388224535, 30.6299101633515],
              [-96.2892265152705, 30.6299326768024],
              [-96.2891910559267, 30.6299611564709],
              [-96.2891641307189, 30.6300195040071],
              [-96.2891726619434, 30.6300493672781],
              [-96.2891811962248, 30.6300792324498],
              [-96.2892091639798, 30.6301644222533],
              [-96.2892515272831, 30.6302553302503],
              [-96.2892800244145, 30.6302803809149],
              [-96.2892955735733, 30.6303096985097],
              [-96.2892935960943, 30.6303759277197],
              [-96.2892757571191, 30.6304341394943],
              [-96.2892533243848, 30.630496513556],
              [-96.2892330951452, 30.6305527589965],
              [-96.2891916531275, 30.6306841160077],
              [-96.2891479818076, 30.6307985341809],
              [-96.2891417203384, 30.630947406925],
              [-96.2891289787317, 30.630976820468],
              [-96.2891272079206, 30.6311556505565],
              [-96.2891401670743, 30.6313945707239],
              [-96.2891261740905, 30.631453760109],
              [-96.2890949444823, 30.6315124064556],
              [-96.289066957441, 30.6316307833781],
              [-96.2890529633732, 30.6316899718204],
              [-96.2890430147686, 30.6317129394802],
              [-96.2890409649769, 30.6318108637391],
              [-96.2890666944071, 30.6318759902069],
              [-96.2890996006137, 30.6318949274895],
              [-96.2891361131655, 30.6319012880677],
              [-96.2892409778371, 30.6318698016922],
              [-96.2894311775414, 30.6318608764338],
              [-96.289500532389, 30.6318531198166],
              [-96.2896024751488, 30.6318911076397],
              [-96.2896696795043, 30.6319329731846],
              [-96.2897439512819, 30.6320843496179],
              [-96.2897777494759, 30.6321003503127],
              [-96.2898458502375, 30.6321223692593],
              [-96.2898803174999, 30.63212345313],
              [-96.28998518217, 30.6320919661482],
              [-96.2900332981306, 30.6320656201219],
              [-96.2900502515916, 30.6320492908376],
              [-96.2900929702117, 30.6319910055416],
              [-96.2901113217831, 30.6319505125793],
              [-96.2901295886603, 30.6319290882376],
              [-96.2901668777292, 30.6318957578675],
              [-96.290213469457, 30.6318752214527],
              [-96.2902406264659, 30.6318625737245],
              [-96.2902901947283, 30.6318417282727],
              [-96.2903087828406, 30.6318361482206],
              [-96.2903900264914, 30.6318117536163],
              [-96.2904562520924, 30.6317996418789],
              [-96.2905423182006, 30.6318070807709],
              [-96.290669350039, 30.6318110747412],
              [-96.2907284536825, 30.631804463854],
              [-96.2908676282148, 30.6317841921496],
              [-96.2909994831956, 30.6317741461272],
              [-96.2911965695097, 30.6317756108715],
              [-96.2912289839694, 30.6317860910193],
              [-96.2912612029449, 30.6318012960483],
              [-96.2913259796647, 30.6318223070174],
              [-96.2913455328989, 30.6318796372203],
              [-96.2913595555307, 30.6319368468253],
              [-96.2913575639568, 30.632037787884],
              [-96.2913541931887, 30.6320726298366],
              [-96.2913470356422, 30.6321085045938],
              [-96.2913398781663, 30.6321443775475],
              [-96.2913316385025, 30.6321690185269],
              [-96.2913210890624, 30.6322005548156],
              [-96.2912846992597, 30.6322845632031],
              [-96.2912705597198, 30.632331424556],
              [-96.2912592484193, 30.6323689154533],
              [-96.2912485090342, 30.6324010207844],
              [-96.2912404572152, 30.6324250908407],
              [-96.2911212366769, 30.6325254203731],
              [-96.2910075207132, 30.6325968126781],
              [-96.2909197791914, 30.6326278918887],
              [-96.2908576327966, 30.6326732457609],
              [-96.2908365307642, 30.6326985430087],
              [-96.2907677431089, 30.6327271858425],
              [-96.290682128354, 30.6328096464806],
              [-96.2906305214576, 30.6328647927774],
              [-96.2905683748492, 30.6329101447063],
              [-96.2905011553193, 30.6329458777452],
              [-96.2904726183582, 30.6329733640142],
              [-96.2904429182405, 30.6330051015175],
              [-96.2904210133389, 30.6330285102921],
              [-96.2904088824135, 30.6330565114788],
              [-96.2904107757712, 30.6331417233369],
              [-96.290426018534, 30.6331705265249],
              [-96.2904584246801, 30.6331811392891],
              [-96.2904791554754, 30.6332101348806],
              [-96.2905360658327, 30.6332553863586],
              [-96.2905858606601, 30.6332991575405],
              [-96.2906961853196, 30.6333954775633],
              [-96.2907782801223, 30.6334440256944],
              [-96.2909080486779, 30.6335052632721],
              [-96.2909725891082, 30.6335440374485],
              [-96.2911366765171, 30.6336521456837],
              [-96.2912405350978, 30.6336912791983],
              [-96.2913096249154, 30.6337342791058],
              [-96.2913837770694, 30.6337692732106],
              [-96.2915652967865, 30.6338362215362],
              [-96.2916724908492, 30.6338722540565],
              [-96.2917426103846, 30.6338907887022],
              [-96.2917749645579, 30.6339081354118],
              [-96.2918407052097, 30.6339183692837],
              [-96.291938460489, 30.6339541040084],
              [-96.2920036871981, 30.6339765667229],
              [-96.2920928978019, 30.6340140259289],
              [-96.2921341415228, 30.6340214974943],
              [-96.2921612559562, 30.6340291198707],
              [-96.2921995396961, 30.6340398825984],
              [-96.2922320683495, 30.6340531553864],
              [-96.2922521310576, 30.6340587949651],
              [-96.2922803998971, 30.6340667442638],
              [-96.2923198892618, 30.6340806889361],
              [-96.2923541964485, 30.6340913609494],
              [-96.2923957361861, 30.6340950440875],
              [-96.2924183545014, 30.6341014012561],
              [-96.292472494601, 30.6341166241343],
              [-96.2925230104396, 30.6341331349844],
              [-96.292550299319, 30.634146345034],
              [-96.2925704735387, 30.6341589947964],
              [-96.2925954519967, 30.6341788934285],
              [-96.2926276186321, 30.6342003358752],
              [-96.2926502052141, 30.6342297558994],
              [-96.2926817139987, 30.6342590284104],
              [-96.2927042841775, 30.6342884668652],
              [-96.2927215430234, 30.634316910643],
              [-96.2927490405174, 30.6343469688107],
              [-96.292789104149, 30.6343697335712],
              [-96.2928261159589, 30.6343963607464],
              [-96.2928604345455, 30.6344225647717],
              [-96.292895064926, 30.6344444546688],
              [-96.2929326799062, 30.6344865152076],
              [-96.2929459911445, 30.6345060074433],
              [-96.2929704878201, 30.6345436604366],
              [-96.2930196860223, 30.6345728288119],
              [-96.2930577909417, 30.6345934440022],
              [-96.2930924087265, 30.634602369825],
              [-96.29313527431, 30.6346260060504],
              [-96.2931852556648, 30.6346559166097],
              [-96.2932180842214, 30.6346717739525],
              [-96.2932890688282, 30.6346932930426],
              [-96.2933283586574, 30.6347001449576],
              [-96.2934086602395, 30.6347224829777],
              [-96.2934311016421, 30.6347311922456],
              [-96.2934609682082, 30.6347403776152],
              [-96.2934857297707, 30.6347466132609],
              [-96.293551815656, 30.6347549830833],
              [-96.2935952962337, 30.6347549914418],
              [-96.2936280428949, 30.634751929203],
              [-96.2936620718385, 30.6347426217667],
              [-96.2936864424324, 30.6347258624467],
              [-96.2937160786172, 30.6347007516059],
              [-96.2937480790983, 30.6346669724217],
              [-96.2937797033597, 30.6346309165466],
              [-96.2937965961372, 30.6346041993509],
              [-96.2938075311877, 30.6345751745591],
              [-96.293834246916, 30.6345172780996],
              [-96.2938362153397, 30.634501533728],
              [-96.2938439872011, 30.6344588456512],
              [-96.2938573461414, 30.6344298960987],
              [-96.2938804057009, 30.6344012539923],
              [-96.2939152379477, 30.6343813695633],
              [-96.2939495441272, 30.6343740566963],
              [-96.2939881522597, 30.6343647801916],
              [-96.2940624263876, 30.634368426806],
              [-96.294119400842, 30.6343772936664],
              [-96.2941646567612, 30.6343858294079],
              [-96.2941959088218, 30.6344030596269],
              [-96.294219677094, 30.63441820333],
              [-96.2942525751769, 30.6344444101943],
              [-96.2942983956254, 30.6344792194353],
              [-96.2943517075645, 30.6345125533628],
              [-96.2943844137736, 30.6345407698843],
              [-96.2943929885248, 30.6345704896756],
              [-96.2944038811111, 30.6346002010273],
              [-96.2944270509332, 30.6346304135518],
              [-96.2944441120496, 30.6346451380155],
              [-96.2944596692306, 30.6346585622966],
              [-96.2944875852413, 30.6346888363243],
              [-96.2945082588846, 30.6347189054346],
              [-96.2945739079454, 30.6347733887692],
              [-96.2945951887627, 30.6347946702337],
              [-96.2946372558581, 30.6348256956086],
              [-96.2946704192411, 30.6348456170947],
              [-96.2947041085191, 30.6348529688009],
              [-96.2947716631271, 30.6348634810827],
              [-96.2948054414602, 30.6348687376938],
              [-96.2948391121393, 30.6348782724011],
              [-96.2948525503219, 30.6348928387905],
              [-96.2948668421256, 30.6349083319753],
              [-96.2949006937273, 30.6349136838394],
              [-96.2949436330466, 30.6348907399496],
              [-96.2949703601274, 30.6348739171902],
              [-96.2950044034623, 30.6348728893791],
              [-96.2950380928512, 30.6348802391948],
              [-96.2950710772607, 30.6349043497807],
              [-96.2951372914338, 30.6349463076038],
              [-96.2951809296781, 30.6350063938711],
              [-96.2951942527114, 30.6350361814719],
              [-96.2952196973373, 30.6350663497347],
              [-96.2952367724934, 30.6350984920408],
              [-96.2952482002815, 30.6351130313601],
              [-96.2952711814904, 30.6352018570476],
              [-96.2953172129213, 30.6352619850159],
              [-96.2953505628084, 30.6352777706063],
              [-96.2954176874149, 30.6352988287673],
              [-96.2954588717747, 30.6353587900289],
              [-96.2954673398666, 30.6353884242402],
              [-96.2954842791937, 30.6354476927594],
              [-96.2955072987985, 30.6354777414797],
              [-96.2955626638082, 30.635508122534],
              [-96.2952856745704, 30.6357552331209],
              [-96.2952860072344, 30.6357555396517],
              [-96.2952831461089, 30.635758839426],
              [-96.2951352101708, 30.6358906235225],
              [-96.2940517475934, 30.6368557707974],
              [-96.2939914873735, 30.6369094505479],
              [-96.2934403105306, 30.6374263347428],
              [-96.2931929306681, 30.6376583214359],
              [-96.2931486305897, 30.637699099935],
              [-96.2923875469765, 30.6383996776051],
              [-96.2919325280043, 30.6388081549856],
              [-96.2916726210246, 30.639041473928],
              [-96.2915717103264, 30.6391320617476],
              [-96.29083832909, 30.639774514902],
              [-96.2907484683249, 30.639853232391],
              [-96.290617770265, 30.6397430151713],
              [-96.2894421125302, 30.6387515608759],
              [-96.2889799490715, 30.6391613201088],
              [-96.2886207528296, 30.6394799837426],
              [-96.2893845401367, 30.640124094254],
              [-96.2899447882077, 30.6405965723296],
              [-96.2899428329798, 30.6405983812396],
              [-96.2891366139047, 30.6413387146335],
              [-96.2883320929617, 30.642081488001],
              [-96.2875270866117, 30.6427957270188],
              [-96.2877381412457, 30.6429648397739],
              [-96.2861380192235, 30.644055676408],
              [-96.2860849254392, 30.6441993064389],
              [-96.2851331614546, 30.6450994253727],
              [-96.2851324753048, 30.645100075381],
              [-96.285064999763, 30.6451639250082],
              [-96.2850009709845, 30.6452245142364],
              [-96.2849696160523, 30.6452541846213],
              [-96.2849332473713, 30.6452885979135],
              [-96.2848485521525, 30.6453687424805],
              [-96.284847831204, 30.6453684832774],
              [-96.2848478933319, 30.6453687434049],
              [-96.284002267526, 30.6461667435805],
              [-96.2836697487933, 30.6465211826091],
              [-96.2832629412711, 30.6469061891835],
              [-96.2830582662347, 30.647099893197],
              [-96.2828617740847, 30.6472964607282],
              [-96.28245584251, 30.6477025452752],
              [-96.2822475448956, 30.6479476483124],
              [-96.2815052243038, 30.648912311222],
              [-96.2808363184047, 30.6484374796042],
              [-96.2803618251634, 30.6481020874612],
              [-96.2795551046615, 30.6488143166186],
              [-96.2798782683584, 30.6489493731374],
              [-96.2801369595555, 30.6490574363375],
              [-96.2802978435767, 30.649124643159],
              [-96.2807559734393, 30.6493160176166],
              [-96.2811827493481, 30.6496765748259],
              [-96.2810723759771, 30.6497744377449],
              [-96.2807389183818, 30.6500693758726],
              [-96.280410516972, 30.6503598389808],
              [-96.2800716339983, 30.650658945606],
              [-96.2799316245618, 30.6507830430366],
              [-96.2797384810704, 30.6509542357552],
              [-96.2796241426527, 30.6510498638377],
              [-96.279286914783, 30.6513223558614],
              [-96.2789364883528, 30.6516022068299],
              [-96.2787526298921, 30.6517490354381],
              [-96.2785860598453, 30.6518820577416],
              [-96.278235630265, 30.652161909531],
              [-96.2778835619167, 30.6524430618989],
              [-96.2777667512173, 30.6525363465078],
              [-96.2774163159024, 30.652816194221],
              [-96.2770892395182, 30.6530773841445],
              [-96.2767588365102, 30.6533412297234],
              [-96.2765514913836, 30.6535068065909],
              [-96.27643508671, 30.6535997598486],
              [-96.2754897741809, 30.6531871076158],
              [-96.2752901266857, 30.6535289601623],
              [-96.2749173009851, 30.654165457955],
              [-96.2748048898881, 30.6543590398407],
              [-96.2747278589956, 30.6544918760369],
              [-96.2755358308032, 30.6548513174115],
              [-96.2761257181437, 30.6551185598489],
              [-96.2764029244905, 30.6552373280613],
              [-96.2767644501379, 30.6553981544272],
              [-96.2772034970433, 30.6555855104105],
              [-96.2777812818294, 30.6558252642271],
              [-96.2779777903509, 30.6559064062623],
              [-96.2785395263243, 30.6560634272053],
              [-96.2791579550268, 30.6562386194096],
              [-96.27971582571, 30.6563503358568],
              [-96.2797914096753, 30.6564027537662],
              [-96.2801134440604, 30.6564594893542],
              [-96.28043550522, 30.6565161924707],
              [-96.2807642232839, 30.6565772524247],
              [-96.2811875353638, 30.6566640046323],
              [-96.2816097186061, 30.6567718330837],
              [-96.2819002097591, 30.6568589031037],
              [-96.2819213787889, 30.6568652488087],
              [-96.2821371031176, 30.6569385096567],
              [-96.2823096826466, 30.6569971171665],
              [-96.2823800579629, 30.6570229032173],
              [-96.2825647460168, 30.6570905748067],
              [-96.2828151711187, 30.6571828324034],
              [-96.282959383241, 30.6572350346633],
              [-96.2830747541474, 30.6572767951256],
              [-96.2833170297113, 30.6573648340374],
              [-96.2835344325205, 30.6574448487625],
              [-96.2837832390162, 30.6575376727005],
              [-96.2841446275477, 30.6576747414034],
              [-96.2844539852832, 30.6577920296171],
              [-96.28466979528, 30.6578714542125],
              [-96.2849769206814, 30.657976744415],
              [-96.2852440833485, 30.6580583061397],
              [-96.2855031433834, 30.658127526976],
              [-96.2858094364073, 30.6581906781016],
              [-96.2861544600114, 30.6582471341679],
              [-96.2864132784142, 30.658283577619],
              [-96.2865307621994, 30.6582753603514],
              [-96.2866200142631, 30.6582416083818],
              [-96.2866564084334, 30.6582472949178],
              [-96.287750067584, 30.6584181704114],
              [-96.28761056791, 30.6582519162857],
              [-96.2876289852751, 30.6581372374569],
              [-96.2877278634086, 30.6578832830377],
              [-96.2877843702171, 30.6576849252918],
              [-96.2884267478892, 30.6570219610146],
              [-96.2889846705473, 30.6565104536949],
              [-96.2915786107746, 30.6542299461997],
              [-96.292757963863, 30.6531846789207],
              [-96.2930930327661, 30.6528867235555],
              [-96.2954257266302, 30.6508170651763],
              [-96.2956740506113, 30.650578561247],
              [-96.2962384774792, 30.6500356120156],
              [-96.2964727197819, 30.6498276496203],
              [-96.2970056151883, 30.6493950106733],
              [-96.2972782911189, 30.6491817844383],
              [-96.2973750003474, 30.6491084541902],
              [-96.2976470492602, 30.6489070906138],
              [-96.2979219720084, 30.6487106849024],
              [-96.2980010880509, 30.6486562290522],
              [-96.2982193856042, 30.6485096557068],
              [-96.2984395825673, 30.6483670647126],
              [-96.298675208385, 30.6482199591866],
              [-96.299625246926, 30.6475651369809],
              [-96.2998382542977, 30.6474339710898],
              [-96.2998563933865, 30.6474222290597],
              [-96.30032601499, 30.6471029253489],
              [-96.3006397295353, 30.6469039582989],
              [-96.3025090738374, 30.6457183341283],
              [-96.3040702490498, 30.6447281217558],
              [-96.3046965132875, 30.6443308868544],
              [-96.3053830310965, 30.6438954278927],
              [-96.3098256431627, 30.6476234506464],
              [-96.3102713888598, 30.6479973018497],
              [-96.3106279881286, 30.6482963815219],
              [-96.313024204055, 30.6461259812801],
              [-96.3134753813137, 30.6457173065628],
              [-96.3139295076363, 30.6453059233068],
              [-96.3099934730353, 30.6406065986586],
              [-96.3114138824961, 30.6396906015066],
              [-96.3131332690481, 30.6386451833482],
              [-96.3165851891722, 30.6375531116551],
              [-96.3193635703758, 30.6367628662802],
              [-96.32182909536, 30.636041916086],
              [-96.3254776836799, 30.634952405141],
              [-96.326500067177, 30.6346015874615],
              [-96.3269115875862, 30.6344240478227],
              [-96.327969564337, 30.6338332961456],
              [-96.3290498783828, 30.6330638193454],
              [-96.3250508790326, 30.6297649917013],
              [-96.3234091171195, 30.6312678320664],
              [-96.3198688549013, 30.6286327350251],
              [-96.3182053872925, 30.6302013760884],
              [-96.317104533176, 30.6294249154216],
              [-96.3163098158222, 30.6288763113074],
              [-96.315685616909, 30.6283719379668],
              [-96.3150505042279, 30.6276821625133],
              [-96.31444305587, 30.6269427012709],
              [-96.3138776755165, 30.6263823738667],
              [-96.3143029106108, 30.6259803694107],
              [-96.3147150681473, 30.6253389938315],
              [-96.3148906879997, 30.6250096234608],
              [-96.3152267548362, 30.6246408475946],
              [-96.3196112611877, 30.6206355932053],
              [-96.3198999466096, 30.6201690109026],
              [-96.3224399399294, 30.6178850067917],
              [-96.3090996415471, 30.6074128740179],
              [-96.3010081700234, 30.6008134164794],
              [-96.2941556838666, 30.5951454468894],
              [-96.2926919489806, 30.593959753901],
              [-96.2911222541783, 30.5929437588975],
              [-96.2901958855456, 30.5922959085763],
              [-96.2895375163605, 30.5916459072873],
              [-96.2887837768656, 30.5906107625507],
              [-96.2875751828237, 30.5888812578896],
              [-96.2867395091066, 30.5876926848218],
              [-96.2851111536897, 30.5849274568489],
              [-96.28338881876, 30.585634894398],
              [-96.282044534118, 30.586066641083],
              [-96.281231131877, 30.5861579115015],
              [-96.2770087681476, 30.585757530886],
              [-96.2675904393389, 30.584910756697],
              [-96.2648224541032, 30.5845953465354],
              [-96.2633007915851, 30.584394013035],
              [-96.2592028424767, 30.5837738695914],
              [-96.2562364811199, 30.5830751253802],
              [-96.254062632988, 30.5825523897614],
              [-96.2469266564528, 30.5807945161762],
              [-96.2460961939627, 30.580505124199],
              [-96.2374129288274, 30.5773732191188],
              [-96.232670955575, 30.5813300414465],
              [-96.2292110502022, 30.5844322287302],
              [-96.2276317222476, 30.5833929213251]
            ]
          ]
        },
        "properties": {
          "Enforce_Of": "Community3"
        }
      },
      {
        "type": "Feature",
        "geometry": {
          "type": "Polygon",
          "coordinates": [
            [
              [-96.3521947404061, 30.6201083841096],
              [-96.3503569423033, 30.6179924951107],
              [-96.3493241197999, 30.6166272584095],
              [-96.3486519962784, 30.6157889012646],
              [-96.3477917859664, 30.6163840911872],
              [-96.3454911678065, 30.6183087235544],
              [-96.3446398372434, 30.6190774975196],
              [-96.3434320543009, 30.620141489374],
              [-96.3421804547245, 30.6212469039601],
              [-96.3406272647768, 30.6227062816296],
              [-96.3456883464777, 30.626932869353],
              [-96.3458075141407, 30.6266597488963],
              [-96.345888497132, 30.6264741434215],
              [-96.3459586307046, 30.6263310002679],
              [-96.3462787938533, 30.6256775374937],
              [-96.3465082827118, 30.6253487533398],
              [-96.3468970440363, 30.6247502420742],
              [-96.3473228967443, 30.6241154590367],
              [-96.3473412628076, 30.624090056482],
              [-96.3473631085047, 30.6240648123487],
              [-96.3477210911539, 30.6236881903928],
              [-96.3479107564948, 30.6238548740812],
              [-96.3482202955116, 30.6235800158509],
              [-96.3485208732287, 30.6233131125423],
              [-96.3488214502831, 30.6230462094624],
              [-96.3491091858573, 30.6227907049243],
              [-96.3496126491835, 30.6223436348237],
              [-96.3497108422799, 30.6222564390145],
              [-96.3501450804823, 30.6218798255759],
              [-96.3502236532197, 30.6218116810225],
              [-96.3503022238356, 30.6217435345534],
              [-96.3503807974675, 30.621675388133],
              [-96.3504593699083, 30.6216072425337],
              [-96.3505603880009, 30.6215196416729],
              [-96.3506613977942, 30.6214320350651],
              [-96.3507624182384, 30.6213444187838],
              [-96.35094116042, 30.6211893929689],
              [-96.3510411510846, 30.6211034181551],
              [-96.3511845321275, 30.6209785475303],
              [-96.351297454719, 30.6208796061838],
              [-96.3513471514163, 30.6208363246123],
              [-96.3514070923347, 30.6207841204669],
              [-96.3515115744733, 30.6206931274082],
              [-96.3515785392119, 30.6206349573612],
              [-96.3516201475772, 30.6205988136314],
              [-96.3517054370945, 30.6205259458125],
              [-96.3519623964181, 30.6203055316424],
              [-96.352176153423, 30.6201244241835],
              [-96.3521947404061, 30.6201083841096]
            ]
          ]
        },
        "properties": {
          "Enforce_Of": "Community4"
        }
      },
      {
        "type": "Feature",
        "geometry": {
          "type": "MultiPolygon",
          "coordinates": [
            [
              [
                [-96.3010916920084, 30.550909247308],
                [-96.301783171554, 30.5509243582144],
                [-96.3019278864361, 30.5509243343721],
                [-96.3020724040928, 30.5509178390698],
                [-96.3022163409713, 30.5509048900635],
                [-96.3023541777545, 30.5508863279111],
                [-96.3024907750541, 30.5508618474661],
                [-96.3026257944966, 30.5508315085275],
                [-96.3027025629188, 30.5508114443951],
                [-96.3027786356131, 30.5507894880056],
                [-96.3029139670945, 30.5507451189332],
                [-96.3030464650135, 30.5506947635213],
                [-96.3049696540281, 30.549911897107],
                [-96.3050754809276, 30.5498712242937],
                [-96.3051833525019, 30.5498345259798],
                [-96.3052929108467, 30.5498019308561],
                [-96.3054039353708, 30.5497735015096],
                [-96.3055746070347, 30.5497332599322],
                [-96.3060604320994, 30.5496187096751],
                [-96.3130981108787, 30.547959125315],
                [-96.314475837768, 30.547634184422],
                [-96.3158156264009, 30.5473175696614],
                [-96.3158359731964, 30.5473071560922],
                [-96.3158535507508, 30.5472902513214],
                [-96.3158635688999, 30.5472692258701],
                [-96.3158643456037, 30.5472435243403],
                [-96.3148419985883, 30.5448240343027],
                [-96.3134429553791, 30.5415000411117],
                [-96.3131206367926, 30.5407333598616],
                [-96.312684980266, 30.5396985410951],
                [-96.312323291502, 30.5388383880067],
                [-96.3122399304899, 30.5386479742088],
                [-96.3121508114461, 30.5384595248989],
                [-96.3120559967851, 30.5382731692979],
                [-96.3120487681898, 30.5381958800924],
                [-96.3120339921554, 30.5380378515336],
                [-96.3108785763361, 30.5366014264981],
                [-96.3100561811656, 30.5357616537249],
                [-96.3082444628528, 30.5340759306116],
                [-96.3076744850085, 30.5335455749225],
                [-96.305890120018, 30.5334738597532],
                [-96.3057104345693, 30.5341096304066],
                [-96.304159309388, 30.5328459346204],
                [-96.3031917503125, 30.5320533356038],
                [-96.305006538218, 30.5303868029267],
                [-96.3048833940967, 30.530152137888],
                [-96.3047114799457, 30.5297793264497],
                [-96.3045689194232, 30.5294102879492],
                [-96.3043795099009, 30.5288462291805],
                [-96.3035471699851, 30.5295907958294],
                [-96.3028713331237, 30.530196354277],
                [-96.3028923078899, 30.530217362809],
                [-96.30200120136, 30.5310293499849],
                [-96.3016739276014, 30.5311210331404],
                [-96.3012033571154, 30.531253260973],
                [-96.3009274681653, 30.5314649466499],
                [-96.300017673637, 30.5321632678826],
                [-96.2962214190042, 30.5289318135596],
                [-96.2952721342431, 30.5297861708479],
                [-96.2965292412949, 30.5308559993985],
                [-96.2960616470142, 30.5312677864457],
                [-96.2974878037186, 30.5324814423246],
                [-96.2968143235176, 30.5330753584501],
                [-96.297288138886, 30.5334785207844],
                [-96.2972387818654, 30.5335219856601],
                [-96.2971186607692, 30.5334253904618],
                [-96.2964040145934, 30.5338364876713],
                [-96.2974172858882, 30.5348739957513],
                [-96.2923649838318, 30.539277867953],
                [-96.2993567181315, 30.5454269261529],
                [-96.3014810517321, 30.5435264037004],
                [-96.3010916920084, 30.550909247308]
              ],
              [
                [-96.3044778311935, 30.5465412393518],
                [-96.3044602243721, 30.5471531813161],
                [-96.3044169864944, 30.5486559179615],
                [-96.3017749965611, 30.5486021814254],
                [-96.3017873754697, 30.5481739580478],
                [-96.3018404388911, 30.5463553573128],
                [-96.3018593006263, 30.54570889755],
                [-96.3045000025088, 30.5457666917848],
                [-96.3044778311935, 30.5465412393518]
              ],
              [
                [-96.3014161441317, 30.5421266181048],
                [-96.3014114082348, 30.5422616978822],
                [-96.2991596458366, 30.5422767210889],
                [-96.2992250531927, 30.5415901897382],
                [-96.3014326581916, 30.5415760042203],
                [-96.3014161441317, 30.5421266181048]
              ]
            ],
            [
              [
                [-96.3717814134005, 30.6103142729422],
                [-96.3740633725456, 30.6083908784334],
                [-96.3743888961668, 30.6078674155168],
                [-96.3756586357624, 30.6090864389529],
                [-96.3758060448923, 30.6090829865395],
                [-96.3758207018761, 30.6089398007987],
                [-96.3761922227147, 30.6051666209333],
                [-96.3761990339783, 30.6050856324513],
                [-96.3762035303727, 30.6050045230634],
                [-96.3762058823176, 30.6048701964648],
                [-96.3762018892663, 30.6047358993126],
                [-96.3761915587596, 30.6046018547977],
                [-96.3761749066392, 30.6044682872686],
                [-96.376151961327, 30.6043354196543],
                [-96.3761227606987, 30.6042034733691],
                [-96.3762399313099, 30.6040982910254],
                [-96.3794672251324, 30.6012010269559],
                [-96.3819922883228, 30.5989332405236],
                [-96.3829162219261, 30.5981034068924],
                [-96.385123839413, 30.596120542626],
                [-96.3855831252542, 30.5957080012346],
                [-96.3856085156696, 30.5956851942632],
                [-96.3876620218424, 30.5938406213942],
                [-96.387376457194, 30.5935919947476],
                [-96.3870427633406, 30.5933014618519],
                [-96.3869956874408, 30.5932604759291],
                [-96.3854885106667, 30.5919494803866],
                [-96.3858411039524, 30.5916733309045],
                [-96.3874502156262, 30.5902580431473],
                [-96.3841066207866, 30.5874233373727],
                [-96.3840371012519, 30.5874835983737],
                [-96.3839675197504, 30.587423884288],
                [-96.3809064413223, 30.5895687996981],
                [-96.3774650189889, 30.5926428692276],
                [-96.3749094857577, 30.5946734117681],
                [-96.3710363177285, 30.5972437052233],
                [-96.3640747647884, 30.6022622880877],
                [-96.3664967214277, 30.6052046523505],
                [-96.3717814134005, 30.6103142729422]
              ]
            ]
          ]
        },
        "properties": {
          "Enforce_Of": "Community5"
        }
      },
      {
        "type": "Feature",
        "geometry": {
          "type": "Polygon",
          "coordinates": [
            [
              [-96.2911222541783, 30.5929437588975],
              [-96.2926919489806, 30.593959753901],
              [-96.2941556838666, 30.5951454468894],
              [-96.3010081700234, 30.6008134164794],
              [-96.3090996415471, 30.6074128740179],
              [-96.3224399399294, 30.6178850067917],
              [-96.3234422869167, 30.6185713370784],
              [-96.3235068687647, 30.6185161831997],
              [-96.327878424902, 30.6147826238858],
              [-96.3274367857675, 30.6143809002429],
              [-96.323106613521, 30.6109369763493],
              [-96.3199083824634, 30.6084750189968],
              [-96.3179063489074, 30.6072818793585],
              [-96.317027160529, 30.6066673275738],
              [-96.3154766558104, 30.6064039420463],
              [-96.3139263101334, 30.6062836208899],
              [-96.3132336241396, 30.6062009881667],
              [-96.3123884330825, 30.6057604349639],
              [-96.3115179092339, 30.6050701110199],
              [-96.3124101713338, 30.6039138439655],
              [-96.3130163447127, 30.602473637998],
              [-96.3134474474048, 30.6016667995057],
              [-96.3138321005806, 30.6010361271791],
              [-96.3146022834478, 30.6002313330474],
              [-96.3174594432563, 30.5984488860752],
              [-96.3219753881165, 30.5961625597989],
              [-96.3232431756307, 30.5954405798704],
              [-96.321592444177, 30.5935472677249],
              [-96.3199119088765, 30.5920008251629],
              [-96.3190571474495, 30.5915459941249],
              [-96.3185558256688, 30.5914005757658],
              [-96.3177787531471, 30.591175165749],
              [-96.3169055039132, 30.590566031158],
              [-96.3164310970346, 30.5898815756729],
              [-96.316437374522, 30.589853632281],
              [-96.3200684425047, 30.5882163436687],
              [-96.3209449747104, 30.5877012350228],
              [-96.3231777941709, 30.5867846013135],
              [-96.3244984321618, 30.5865545627357],
              [-96.3266468963943, 30.5866265714132],
              [-96.3275145989557, 30.5866732641692],
              [-96.3279334865413, 30.5866650186858],
              [-96.3279682859753, 30.5866983300503],
              [-96.3357445359077, 30.5867787909451],
              [-96.3440875278729, 30.5863878216105],
              [-96.3460026358031, 30.5867184100255],
              [-96.3486047866568, 30.5881716439674],
              [-96.3479596059984, 30.5874801300922],
              [-96.3422877398167, 30.5811960423722],
              [-96.340538885145, 30.5797468330267],
              [-96.3394334187615, 30.578830739551],
              [-96.3373156523267, 30.5796950106889],
              [-96.337073687248, 30.5797929231282],
              [-96.3354980540863, 30.5811733411618],
              [-96.3338108061968, 30.5826517152633],
              [-96.3332588081153, 30.5831449316205],
              [-96.3332335014473, 30.5831573403302],
              [-96.3331233308925, 30.5830196475166],
              [-96.3322094772536, 30.5818771855935],
              [-96.3318162089355, 30.5820479086973],
              [-96.3316007015449, 30.5821415465291],
              [-96.331005817616, 30.5823513320834],
              [-96.3290392079845, 30.5777129033026],
              [-96.3296867224363, 30.577160373067],
              [-96.331006170988, 30.576036282537],
              [-96.3315007396675, 30.5763512141498],
              [-96.3324242119088, 30.5756150838448],
              [-96.3340975918771, 30.5742808482033],
              [-96.3338987845008, 30.5740897673949],
              [-96.3381904239985, 30.5702254830838],
              [-96.3385759755553, 30.5698787351943],
              [-96.3389612661558, 30.5695317723082],
              [-96.3393465539413, 30.5691848091662],
              [-96.3397313153621, 30.5688369881949],
              [-96.341576933078, 30.5671753223304],
              [-96.3417447449982, 30.567005291804],
              [-96.3403000627199, 30.5658216186502],
              [-96.3443360472606, 30.5620780265416],
              [-96.3431445016641, 30.5611179134224],
              [-96.3426613314768, 30.5607615236184],
              [-96.3410817805262, 30.5594682349528],
              [-96.3386103507781, 30.5573645631565],
              [-96.3344829837834, 30.5610196184752],
              [-96.3343081775388, 30.5608040154807],
              [-96.3339837442744, 30.5604038080629],
              [-96.3337088271548, 30.5600646759965],
              [-96.3334389056721, 30.559731705274],
              [-96.3332533287998, 30.5595026078345],
              [-96.3304904027282, 30.5560921661662],
              [-96.3298637892291, 30.5553186979412],
              [-96.3318272503382, 30.5536073738816],
              [-96.3329879691411, 30.5525907428452],
              [-96.3326150964416, 30.5522638950972],
              [-96.3316731272273, 30.5514850380696],
              [-96.3305161432016, 30.5504802877515],
              [-96.3286872729224, 30.5520868016556],
              [-96.328372809455, 30.5523630251848],
              [-96.3266782685192, 30.5538644899388],
              [-96.3262463780187, 30.5542308115796],
              [-96.3241309688884, 30.5560888108624],
              [-96.322061150564, 30.5579068218521],
              [-96.3216924812114, 30.558230597683],
              [-96.321531059738, 30.5583722338873],
              [-96.3212795457076, 30.5585930697395],
              [-96.321031740725, 30.5588107035727],
              [-96.3208140268054, 30.5590021120269],
              [-96.3224567962341, 30.5629293409909],
              [-96.3225961613109, 30.5631810291112],
              [-96.3232691750935, 30.5647737806462],
              [-96.3238219365815, 30.5660819093157],
              [-96.3237811477058, 30.5661191705545],
              [-96.3237516129978, 30.5661461528878],
              [-96.3236835524074, 30.5662083321797],
              [-96.3218972792262, 30.5678393226677],
              [-96.3187990326874, 30.5652182058302],
              [-96.3183048520516, 30.5648010451855],
              [-96.318228221614, 30.564735851389],
              [-96.3107308586891, 30.5713869070818],
              [-96.3107287900028, 30.5713883290596],
              [-96.3095083736536, 30.5703314914725],
              [-96.3072326889164, 30.5683594507578],
              [-96.3042532162761, 30.5657827176667],
              [-96.303945424515, 30.5655139764064],
              [-96.3029345413753, 30.5646055476942],
              [-96.3021791441335, 30.5637140518548],
              [-96.2976413461574, 30.567789413506],
              [-96.2968962070917, 30.5683379541613],
              [-96.2914100441586, 30.5731494522139],
              [-96.2885359714839, 30.5756864540679],
              [-96.2849961545824, 30.578915432738],
              [-96.2827437403602, 30.5809059032268],
              [-96.2824764113573, 30.581082221214],
              [-96.2844251736014, 30.5839882406364],
              [-96.2848232845467, 30.5845886072554],
              [-96.2849884271778, 30.5848363369346],
              [-96.2850472838439, 30.5849221961868],
              [-96.2851264693046, 30.584919399728],
              [-96.2851111536897, 30.5849274568489],
              [-96.2867395091066, 30.5876926848218],
              [-96.2875751828237, 30.5888812578896],
              [-96.2887837768656, 30.5906107625507],
              [-96.2895375163605, 30.5916459072873],
              [-96.2901958855456, 30.5922959085763],
              [-96.2911222541783, 30.5929437588975]
            ]
          ]
        },
        "properties": {
          "Enforce_Of": "Community6"
        }
      },
      {
        "type": "Feature",
        "geometry": {
          "type": "Polygon",
          "coordinates": [
            [
              [-96.3415079664278, 30.6332617888906],
              [-96.3415129547022, 30.6332592844448],
              [-96.3415961010548, 30.6332054624193],
              [-96.3416259139776, 30.6331967165723],
              [-96.3416273120739, 30.6331963059244],
              [-96.3416468957711, 30.6331905589794],
              [-96.3417131078937, 30.6331798197661],
              [-96.3418847838606, 30.6332099943155],
              [-96.3420264184756, 30.633207319121],
              [-96.3421124287134, 30.6331979380452],
              [-96.3421556812661, 30.6331638981419],
              [-96.3421751107669, 30.6331151136752],
              [-96.3421529809795, 30.6330281159465],
              [-96.3421077164903, 30.6329550100346],
              [-96.3420611290884, 30.6328654919999],
              [-96.3420383384738, 30.6327714580886],
              [-96.3420430191663, 30.6326356856375],
              [-96.3420690049064, 30.6325362593213],
              [-96.3421105347648, 30.6324870054237],
              [-96.3421108760541, 30.6324866043942],
              [-96.3421151176285, 30.6324816169409],
              [-96.3421876951837, 30.6324393801086],
              [-96.3423214792458, 30.6323858909009],
              [-96.3424178316433, 30.6323297485578],
              [-96.3424179450929, 30.6323292032483],
              [-96.342477263426, 30.6322798685643],
              [-96.3425203609452, 30.6322595860309],
              [-96.3425940866086, 30.6322248895103],
              [-96.3426154646563, 30.6322182069702],
              [-96.3426233725948, 30.6322138902442],
              [-96.3427237984203, 30.6321476719934],
              [-96.3429135596574, 30.632081639903],
              [-96.3432245355192, 30.6319659654617],
              [-96.3433356694389, 30.6319614343127],
              [-96.343591826896, 30.6319277266285],
              [-96.3437455571961, 30.6319609183484],
              [-96.3438330434615, 30.6319565620524],
              [-96.3440147635998, 30.6319079425578],
              [-96.3441965125624, 30.6319606027607],
              [-96.3443242320021, 30.6318561601857],
              [-96.3443534015182, 30.6317443418505],
              [-96.3444380486372, 30.6315399811261],
              [-96.3444776888261, 30.6314035537215],
              [-96.3444634028178, 30.6313413707501],
              [-96.3444721476265, 30.6312697208873],
              [-96.3445125652438, 30.6311533255257],
              [-96.3445392376138, 30.6310590166351],
              [-96.3445807785975, 30.6309303579733],
              [-96.3446014795559, 30.6308506804466],
              [-96.3446295826043, 30.6307371274264],
              [-96.3446556458834, 30.6305765680851],
              [-96.3447169321795, 30.6304649136854],
              [-96.3447480230307, 30.6304082698969],
              [-96.3450521079439, 30.6301869714177],
              [-96.3452368660566, 30.6301378677328],
              [-96.3454026665967, 30.6301039953132],
              [-96.3457049035417, 30.6300476653053],
              [-96.3458309629579, 30.6300736686689],
              [-96.3458879605116, 30.6300426400229],
              [-96.346024760928, 30.62997842745],
              [-96.3461778179227, 30.629898128461],
              [-96.3462451881818, 30.6298517110486],
              [-96.3464002534705, 30.6298449911205],
              [-96.3465238273482, 30.6298848929464],
              [-96.3466579420001, 30.6299621828339],
              [-96.3467997362933, 30.6300292278418],
              [-96.3468602760911, 30.6301091893892],
              [-96.3469048472523, 30.6301737426415],
              [-96.3470024230537, 30.6302459925262],
              [-96.3470847381449, 30.6302681064442],
              [-96.3471640283024, 30.6303140638182],
              [-96.3472084532904, 30.6303783732136],
              [-96.3472086610755, 30.630378673929],
              [-96.3472493612471, 30.6304376052087],
              [-96.3473145655149, 30.630474155879],
              [-96.3473294894904, 30.6304761422422],
              [-96.3473296587088, 30.6304761646388],
              [-96.3474188244819, 30.6304880629365],
              [-96.3475417118625, 30.6304954495755],
              [-96.3476587305083, 30.6304724712551],
              [-96.3477152228156, 30.6304236794513],
              [-96.3477960117887, 30.6303851324116],
              [-96.3478821941321, 30.6303638393308],
              [-96.3479820898108, 30.6303786018343],
              [-96.3480486495756, 30.6304116177185],
              [-96.3481817495621, 30.6304957800111],
              [-96.3483177254734, 30.6305381839323],
              [-96.3484543481656, 30.6305611549902],
              [-96.3484897138401, 30.6305653318446],
              [-96.3485176936244, 30.6305650164393],
              [-96.348653154785, 30.6305507527383],
              [-96.3486964138215, 30.6305502491218],
              [-96.3487396689844, 30.63056366831],
              [-96.348825825298, 30.6305975392848],
              [-96.3490891829478, 30.6306763274161],
              [-96.3494462696766, 30.6307521037789],
              [-96.3496078507032, 30.6307877875265],
              [-96.3496940276545, 30.6308027284429],
              [-96.3497347720026, 30.6308007167212],
              [-96.3498683656021, 30.6307985277],
              [-96.3499895759741, 30.6308271822289],
              [-96.3500526122681, 30.6308707909661],
              [-96.350093854623, 30.6309036271648],
              [-96.3501357464137, 30.6309338142432],
              [-96.3501575455574, 30.63094370679],
              [-96.3501687729031, 30.630948400987],
              [-96.3501788221744, 30.63095006089],
              [-96.3501875354843, 30.6309455429909],
              [-96.3502025009657, 30.6309360473132],
              [-96.3502025288553, 30.6309360292209],
              [-96.3496028337852, 30.6304325349575],
              [-96.3495904604341, 30.6304221453994],
              [-96.3456203560806, 30.6270886974312],
              [-96.3456883464777, 30.626932869353],
              [-96.3406272647768, 30.6227062816296],
              [-96.3421804547245, 30.6212469039601],
              [-96.3434320543009, 30.620141489374],
              [-96.3446398372434, 30.6190774975196],
              [-96.3454911678065, 30.6183087235544],
              [-96.3477917859664, 30.6163840911872],
              [-96.3486519962784, 30.6157889012646],
              [-96.3493241197999, 30.6166272584095],
              [-96.3503569423033, 30.6179924951107],
              [-96.3521947404061, 30.6201083841096],
              [-96.3527230480585, 30.6196524593412],
              [-96.3528003504746, 30.6195864467397],
              [-96.3553799238554, 30.6224470757045],
              [-96.3561889411898, 30.6233420238862],
              [-96.3569208319128, 30.6241516359328],
              [-96.3592634617374, 30.6267429147943],
              [-96.3607183088243, 30.6283523534998],
              [-96.3632160703565, 30.6311149063102],
              [-96.3633732636073, 30.6309710880456],
              [-96.366310488958, 30.628283650784],
              [-96.3711928711416, 30.6324356152925],
              [-96.3713556130545, 30.6322944499344],
              [-96.3757330001075, 30.6284971852524],
              [-96.375690588963, 30.628001593575],
              [-96.3757139616759, 30.627250310073],
              [-96.3758538585517, 30.6265855452202],
              [-96.3761226431279, 30.6257750163033],
              [-96.3762691661193, 30.6248783878965],
              [-96.3763964989274, 30.6240991769596],
              [-96.3764543139263, 30.6237453719035],
              [-96.3764206631786, 30.6230436368207],
              [-96.3763548361258, 30.6219748876643],
              [-96.3763093851239, 30.6212369071533],
              [-96.3760935660435, 30.6205553652793],
              [-96.3758799020506, 30.6199886686145],
              [-96.3757242142432, 30.6196065428715],
              [-96.376518342715, 30.6188998900855],
              [-96.3819235907744, 30.6141361835166],
              [-96.378695119522, 30.6115994807463],
              [-96.3757997171833, 30.6091448026753],
              [-96.3758060448923, 30.6090829865395],
              [-96.3756586357624, 30.6090864389529],
              [-96.3743888961668, 30.6078674155168],
              [-96.3740633725456, 30.6083908784334],
              [-96.3717814134005, 30.6103142729422],
              [-96.3664967214277, 30.6052046523505],
              [-96.3640747647884, 30.6022622880877],
              [-96.3710363177285, 30.5972437052233],
              [-96.3749094857577, 30.5946734117681],
              [-96.3774650189889, 30.5926428692276],
              [-96.3809064413223, 30.5895687996981],
              [-96.3839675197504, 30.587423884288],
              [-96.3836703668461, 30.5871688715791],
              [-96.3828140784631, 30.5864457559794],
              [-96.3823145454685, 30.5860239039908],
              [-96.3805866731719, 30.5845646884276],
              [-96.3799582480975, 30.5851101634221],
              [-96.3797866678561, 30.5852607517545],
              [-96.378590778129, 30.5863102074988],
              [-96.3777032728079, 30.5854759652204],
              [-96.3764081119681, 30.5865397686059],
              [-96.3756204274444, 30.5858757796962],
              [-96.3759897724056, 30.5858346026172],
              [-96.376515119844, 30.586119034866],
              [-96.3767257103332, 30.5858276331153],
              [-96.3763438045784, 30.5856125473976],
              [-96.3761142172598, 30.5854832268149],
              [-96.3764932453119, 30.5849586993996],
              [-96.3761887742863, 30.5847988738944],
              [-96.3761681521687, 30.5847667744488],
              [-96.376069823647, 30.5847620570895],
              [-96.3759257272394, 30.5848002724342],
              [-96.3758470398985, 30.5847516443318],
              [-96.3758358426675, 30.5847124872784],
              [-96.3758739129016, 30.5845601373064],
              [-96.3759758623352, 30.5845032035725],
              [-96.3761726419727, 30.5844352505198],
              [-96.3763958841824, 30.5844198378175],
              [-96.3765763160184, 30.584418735635],
              [-96.3767218438502, 30.584406096677],
              [-96.3768345676398, 30.5843990507522],
              [-96.3769069773934, 30.5843695923975],
              [-96.3769451191463, 30.5843399980268],
              [-96.3769530124926, 30.5843100745701],
              [-96.376960908923, 30.5842801521106],
              [-96.3769641131696, 30.5842335184417],
              [-96.3769673174873, 30.5841868829696],
              [-96.3769408687123, 30.5841340702685],
              [-96.3769233023275, 30.5840347183517],
              [-96.3768942723492, 30.5839518700562],
              [-96.3768254948758, 30.5838457539429],
              [-96.3768161653042, 30.5838059278266],
              [-96.3768068356291, 30.5837661044141],
              [-96.3767926718874, 30.5836386658262],
              [-96.3767852577728, 30.5835096721038],
              [-96.3767587519454, 30.5834571627028],
              [-96.3766715180604, 30.5834142756531],
              [-96.3764154905502, 30.5834537141119],
              [-96.3762774311484, 30.5835630974013],
              [-96.3761832782467, 30.5836099962608],
              [-96.3760748678697, 30.5836949740453],
              [-96.3760240828721, 30.5837698974776],
              [-96.3759346316753, 30.5837946349645],
              [-96.3758650190323, 30.583809310958],
              [-96.3757833588636, 30.5838361143558],
              [-96.3756775551527, 30.5838435872741],
              [-96.3756530131067, 30.5838102829121],
              [-96.3756384476383, 30.5837904900796],
              [-96.3756400302877, 30.5837520190147],
              [-96.3756271228533, 30.5836967416766],
              [-96.3756156964154, 30.5836478178282],
              [-96.3756172791456, 30.5836093449604],
              [-96.3755902885583, 30.5835697240949],
              [-96.3755558917611, 30.5835126467155],
              [-96.3755532518059, 30.5834651290026],
              [-96.3755403612364, 30.5834244827106],
              [-96.375505356123, 30.5833916278893],
              [-96.3786115140694, 30.580639096511],
              [-96.3817523255544, 30.5778728554733],
              [-96.3768808088566, 30.5737067229738],
              [-96.3695172688877, 30.5676471502636],
              [-96.3696961903607, 30.5676993331803],
              [-96.3700603929038, 30.5675028321475],
              [-96.3703239916125, 30.5674715069751],
              [-96.3705852758767, 30.5674194250794],
              [-96.370671807778, 30.5673823117761],
              [-96.3707333310749, 30.5673488458077],
              [-96.3708642665847, 30.567207373089],
              [-96.3711403868591, 30.5670375629903],
              [-96.3714390042695, 30.5668893997754],
              [-96.3716598708796, 30.5669320664021],
              [-96.3717537780758, 30.5670438278456],
              [-96.3718187958654, 30.5671635854143],
              [-96.3718359169556, 30.5672215089529],
              [-96.3718662420745, 30.567324081478],
              [-96.371825669743, 30.5674606719013],
              [-96.3717452245054, 30.5675610886807],
              [-96.3717468200128, 30.5676494998568],
              [-96.3717788338389, 30.5677324921767],
              [-96.371895590503, 30.5677971450149],
              [-96.3720193902198, 30.5678020627823],
              [-96.3720616865803, 30.5678323804569],
              [-96.3720955153324, 30.5678566500356],
              [-96.3721211424856, 30.5678865269441],
              [-96.3721531230772, 30.5679238138817],
              [-96.3722841464797, 30.5679710069979],
              [-96.3724633915441, 30.5679841309012],
              [-96.3725687061814, 30.5679408622333],
              [-96.3726840339068, 30.5678489130307],
              [-96.3728851114098, 30.5677805983471],
              [-96.3731585773926, 30.567857258799],
              [-96.3732925721145, 30.5678462558266],
              [-96.3734218081696, 30.5677963136176],
              [-96.3735009727284, 30.5677420083309],
              [-96.3735374190678, 30.5676911978669],
              [-96.3735719300141, 30.5676591015845],
              [-96.3736217356438, 30.5676127855697],
              [-96.3736891477151, 30.5675307498229],
              [-96.3737520101723, 30.5674235751765],
              [-96.3737885266396, 30.5674027157529],
              [-96.3739996291025, 30.5672821283876],
              [-96.3740362268643, 30.5671394310799],
              [-96.3741797875323, 30.5669983892829],
              [-96.3744013401133, 30.5669703865504],
              [-96.3745338640381, 30.5669177923186],
              [-96.3746915587352, 30.5667944364393],
              [-96.3747836189741, 30.5666391943515],
              [-96.374698275262, 30.5665579043276],
              [-96.3747636705232, 30.5664326571907],
              [-96.3748885880072, 30.5663330507989],
              [-96.3751393263859, 30.5661891741684],
              [-96.3753430901758, 30.5661052040295],
              [-96.3754894560555, 30.5661025640623],
              [-96.3755918070766, 30.5661651441038],
              [-96.3756633467647, 30.5661503276023],
              [-96.3759786034012, 30.5661146036327],
              [-96.3762292398743, 30.5660505127779],
              [-96.3764407747372, 30.5658376563415],
              [-96.3766694295702, 30.5657066621823],
              [-96.3768211150705, 30.5656519061604],
              [-96.3768676230002, 30.5655734677783],
              [-96.376914129701, 30.5654950320517],
              [-96.3769869735696, 30.5653410626793],
              [-96.3770740895341, 30.5652536589729],
              [-96.3771206004976, 30.5652072817738],
              [-96.3771467234189, 30.5651414470678],
              [-96.377172848314, 30.5650756142237],
              [-96.3771924687575, 30.5648814158748],
              [-96.3771916495185, 30.5648164495887],
              [-96.3771908303549, 30.5647514814995],
              [-96.3771211271301, 30.5645135470998],
              [-96.377066484038, 30.5643218301741],
              [-96.3770676160711, 30.5641081290057],
              [-96.3770685210022, 30.5639371696737],
              [-96.3770814749742, 30.5634668114524],
              [-96.3771631693114, 30.5632946142298],
              [-96.3772817678286, 30.5631862917173],
              [-96.3775330203733, 30.5631620408038],
              [-96.3776007051664, 30.5631619951299],
              [-96.3777557944277, 30.5632321213191],
              [-96.3778934446308, 30.5633554755327],
              [-96.3779129275655, 30.5634656120181],
              [-96.3779255586119, 30.5635370186884],
              [-96.3782254437972, 30.5635773512994],
              [-96.3783053531776, 30.563577404404],
              [-96.3784502442941, 30.5635331657325],
              [-96.3785448479964, 30.5633974087926],
              [-96.3785461403274, 30.5633681730623],
              [-96.3785549146967, 30.5631695047213],
              [-96.3785470421831, 30.5630086009847],
              [-96.3785009927466, 30.5629054983895],
              [-96.378490478925, 30.5628054618633],
              [-96.3781978227335, 30.5622954628746],
              [-96.3779065052192, 30.5621612178736],
              [-96.3778067724069, 30.5620354960159],
              [-96.3778614297235, 30.5618725525766],
              [-96.3780002233857, 30.5616116836906],
              [-96.3781246680652, 30.5615233433056],
              [-96.3782490139631, 30.5614374767027],
              [-96.378380963473, 30.5613986178615],
              [-96.3784313131499, 30.5613243854667],
              [-96.3784819247609, 30.5612497675509],
              [-96.3785446268023, 30.5610523077165],
              [-96.3785675751631, 30.5608716389498],
              [-96.378582852228, 30.5605574299533],
              [-96.3784532667167, 30.559716738847],
              [-96.3784549135095, 30.5594859190371],
              [-96.3784211433714, 30.5593037445913],
              [-96.3783545688054, 30.5591113495016],
              [-96.3783041437776, 30.5590107578149],
              [-96.3781671665156, 30.5588933497197],
              [-96.3781282672559, 30.5588516664793],
              [-96.3780818301948, 30.5587736604891],
              [-96.3779555475846, 30.5586765376759],
              [-96.3777961992522, 30.558685941342],
              [-96.3776594984735, 30.5587196099643],
              [-96.3776117784103, 30.5587313631856],
              [-96.3773425339955, 30.5588131145173],
              [-96.3772394625949, 30.5588495620788],
              [-96.3770489732246, 30.5588388756306],
              [-96.3768745119532, 30.558683016133],
              [-96.3768257105428, 30.5585511212287],
              [-96.3758062665293, 30.5590574583754],
              [-96.3746941319121, 30.5596099906181],
              [-96.3743069662051, 30.5598023388098],
              [-96.3742896808328, 30.5598109241241],
              [-96.3734246588394, 30.560222279077],
              [-96.373245596372, 30.5603128131666],
              [-96.3724729465782, 30.5607034644132],
              [-96.3722574656666, 30.5608124084244],
              [-96.3716917716897, 30.5610938564821],
              [-96.3715183502581, 30.5611801282477],
              [-96.3705629353219, 30.5616554105328],
              [-96.3703239144521, 30.5617743140236],
              [-96.3697466697906, 30.5620642528623],
              [-96.3694904178002, 30.5621929607807],
              [-96.368556543594, 30.5626700541104],
              [-96.3680817224266, 30.5629073562244],
              [-96.3673002298148, 30.5632747767712],
              [-96.366471313287, 30.5636152217379],
              [-96.3660526453112, 30.5637159329995],
              [-96.3657973842739, 30.5633802578055],
              [-96.3657100320001, 30.5632922476379],
              [-96.3586066439667, 30.5694551586392],
              [-96.3569429393171, 30.5708984918548],
              [-96.3561544453057, 30.5715724376621],
              [-96.3521415011466, 30.5750021800655],
              [-96.3505880404866, 30.5737437292084],
              [-96.3422877398167, 30.5811960423722],
              [-96.3479596059984, 30.5874801300922],
              [-96.3486047866568, 30.5881716439674],
              [-96.3444104970734, 30.5919184551281],
              [-96.3374603108744, 30.598116208497],
              [-96.3397092616701, 30.6033919695772],
              [-96.340092977056, 30.6038530158798],
              [-96.336768827759, 30.6067917528528],
              [-96.3349525049273, 30.6085164973183],
              [-96.3323481515836, 30.6106650686596],
              [-96.3316016191201, 30.6114292814055],
              [-96.3308635021081, 30.612160517076],
              [-96.3291649167757, 30.613683803469],
              [-96.3235068687647, 30.6185161831997],
              [-96.3347506627944, 30.6277871901622],
              [-96.336417781955, 30.6266479642441],
              [-96.3390446755861, 30.6287650710053],
              [-96.3396697441962, 30.6292680136226],
              [-96.3382589318924, 30.6305309135728],
              [-96.338313175305, 30.6305764936919],
              [-96.3383705564815, 30.6306247394083],
              [-96.3392063944194, 30.6313272881154],
              [-96.3413205234708, 30.6331042451331],
              [-96.3415079664278, 30.6332617888906]
            ]
          ]
        },
        "properties": {
          "Enforce_Of": "Community7"
        }
      }
    ]
  }