{"type":"FeatureCollection","features":[{"type":"Feature","id":1,"geometry":{"type":"Polygon","coordinates":[[[-96.31072878960191,30.571388329108174],[-96.310730858941952,30.571386907279987],[-96.318228221755021,30.564735851478417],[-96.318224782747507,30.564732925983776],[-96.318075176927834,30.564605686303423],[-96.317932358291671,30.564722824798594],[-96.317794468839622,30.564844305220561],[-96.317661404250373,30.564969726471759],[-96.31642182460746,30.563921134952466],[-96.314982293298158,30.562703149830554],[-96.313054146831348,30.56437380061044],[-96.313025773220829,30.564349946093216],[-96.312941952808842,30.564279405969842],[-96.310046289604543,30.561811222010363],[-96.310020627449944,30.561790156290726],[-96.308249803885303,30.560338839366011],[-96.308918667462478,30.559719228959295],[-96.308184477131874,30.559120053847437],[-96.303007092703126,30.554894450718393],[-96.301594833334832,30.556107158618545],[-96.301573874634585,30.556125154951985],[-96.300944807856581,30.556111403418583],[-96.300918374982984,30.556110726229065],[-96.300918826442626,30.556094668833964],[-96.300957478404882,30.555664616628803],[-96.30095815739304,30.555640692863733],[-96.300964782698543,30.555407076875156],[-96.300972087891523,30.555149539819467],[-96.300979721337058,30.554880419495817],[-96.300988102119163,30.554584872593864],[-96.30099480476639,30.554348528062178],[-96.300998197009164,30.554228968592099],[-96.301039583809711,30.5527696387079],[-96.301049359440356,30.552424942057485],[-96.301066459149752,30.551822002383574],[-96.301075379525116,30.551507408739951],[-96.301082329485894,30.551262287724455],[-96.301083976144525,30.551204341707034],[-96.301085642588305,30.551145537736431],[-96.301091692327702,30.5509092471641],[-96.30148105200891,30.543526404020383],[-96.299356718437764,30.545426926011885],[-96.292364984156677,30.539277868179113],[-96.297417285479298,30.534873996038129],[-96.296404014833399,30.533836487763779],[-96.297118661097272,30.533425390569391],[-96.29723878174434,30.533521985850996],[-96.297288139236173,30.53347852071721],[-96.296814323322337,30.533075358241263],[-96.297487804018886,30.532481442364713],[-96.296061647427052,30.531267786579122],[-96.296529240931704,30.530855999604739],[-96.295272134401444,30.529786170595344],[-96.296221419183098,30.528931813752251],[-96.300017673376885,30.532163267620774],[-96.300927468028192,30.531464946749963],[-96.3012033575489,30.531253260729443],[-96.301673927809475,30.531121033409022],[-96.301325844312203,30.529181327955996],[-96.300607853469614,30.525180058013291],[-96.30005418944927,30.522094329389859],[-96.299802128365513,30.520689457052868],[-96.29915015135839,30.517055439656872],[-96.299090159383297,30.516728072042952],[-96.296784626809028,30.517039161028492],[-96.296686217594811,30.516485415169825],[-96.295980819059537,30.516580375484011],[-96.294576462034058,30.517846659595705],[-96.294476263168974,30.517765417540033],[-96.29386243900035,30.517240308793248],[-96.288277739925718,30.522060721724984],[-96.288145942481208,30.522175194629597],[-96.288121508800543,30.52219674778172],[-96.286233957730929,30.523861602431055],[-96.285918967486339,30.524139419198889],[-96.282397281709166,30.527245557936226],[-96.282761587177447,30.527550425411846],[-96.284206113321432,30.528729874584087],[-96.285479598304789,30.529764114722184],[-96.286485780494331,30.530573915553816],[-96.287433897056644,30.531352675385733],[-96.28821365333738,30.531991402681115],[-96.28844527642832,30.532179384371148],[-96.287354104708129,30.533131311360989],[-96.28620996112079,30.534129211693823],[-96.286127572429507,30.534207764776568],[-96.286101170132838,30.534233062705709],[-96.28615223813523,30.534274337990382],[-96.286063947193384,30.534353463941272],[-96.285939695060847,30.534464600361048],[-96.285838166997792,30.534555408505355],[-96.285812973389966,30.534577941019222],[-96.28541533365069,30.534933595908797],[-96.285017690314135,30.535289248100355],[-96.284674871448146,30.535595865656717],[-96.284471593189437,30.535777674400208],[-96.284343498253804,30.535892240834301],[-96.284219656212144,30.536002999538823],[-96.2838268656173,30.536333360995854],[-96.283118251106373,30.536957015653797],[-96.282640391840573,30.537377574615448],[-96.281154782866906,30.538690299717587],[-96.280947340747161,30.538515994017985],[-96.271805604445035,30.530832824075617],[-96.270916883607242,30.530085800419386],[-96.27080393595287,30.530182057555976],[-96.270596072950354,30.530105911059024],[-96.263589079872077,30.524466544895176],[-96.262325704167893,30.523473249091239],[-96.260039881135583,30.525366008134824],[-96.258489258372549,30.526825677962734],[-96.258466900327164,30.528149515987423],[-96.258522725743148,30.529352485129152],[-96.258531386214486,30.530006417262371],[-96.258540831793937,30.530719513095107],[-96.258657922624991,30.539558533999184],[-96.258652755120522,30.540190441735547],[-96.258625661245219,30.543503579226865],[-96.25863487839689,30.543916426501937],[-96.258643558653262,30.54430518633535],[-96.258647305228919,30.544534976607963],[-96.258667298057333,30.545760996273032],[-96.258691841455288,30.547117512962927],[-96.258715405491557,30.547729237214583],[-96.258762002964033,30.5477674404151],[-96.258773239992991,30.548656427452215],[-96.258823354714025,30.552659710077592],[-96.258827264966271,30.552964705257011],[-96.258674972871688,30.55296712713124],[-96.25659238493057,30.55298109989792],[-96.256044651939078,30.552373069161888],[-96.255608019394515,30.551936313410181],[-96.255462588227829,30.551791348092308],[-96.254797339925233,30.55114236223028],[-96.254162326829885,30.551558627828456],[-96.253743160018757,30.551833398592521],[-96.25352710958839,30.551774667466987],[-96.252891537114692,30.551601896010766],[-96.252255967339011,30.551429122755849],[-96.2516204281402,30.551256353997587],[-96.251361612248559,30.551185996436629],[-96.250985039128238,30.551256848624689],[-96.250415244867611,30.551364053208545],[-96.250349731055223,30.551384655777269],[-96.250023956140637,30.551487097551558],[-96.249761236291988,30.551586817977295],[-96.249714483236801,30.551547267592355],[-96.249078484484414,30.550844867396791],[-96.248445711600255,30.550146015026598],[-96.248130206044152,30.549795363065584],[-96.248031914641103,30.549680864979962],[-96.247818840067396,30.549432650296637],[-96.247327988295979,30.548860844252602],[-96.247333311383159,30.548787451479768],[-96.247097242044049,30.548523904254807],[-96.246672909527092,30.548222839112782],[-96.246113327967691,30.5475838941814],[-96.244451632636697,30.545703585352214],[-96.245071130628162,30.545393064738221],[-96.244916313237241,30.545221439018235],[-96.245440095483957,30.545145988596573],[-96.245493878539605,30.545017534831402],[-96.24575924689168,30.544851235795932],[-96.245895565228125,30.542705171906221],[-96.245901801127161,30.542677774959373],[-96.246014829720593,30.542638364868708],[-96.246098985579692,30.542521842409144],[-96.246110660578495,30.542399285498675],[-96.246116877591817,30.542342049046397],[-96.246124122530205,30.542278442696045],[-96.246130492428222,30.542250185997318],[-96.246140288743277,30.542212044850032],[-96.246153100485174,30.54218552833953],[-96.246435981335424,30.54202148480374],[-96.246713477045319,30.541947333902385],[-96.247254997520088,30.541835049947622],[-96.247268079957905,30.541886959715498],[-96.247638284978848,30.541813079510064],[-96.248123410766766,30.541717669534876],[-96.24858038687529,30.541602068880422],[-96.248980516837321,30.541500845687551],[-96.249043826411423,30.541383002123894],[-96.249237214825541,30.541022849724811],[-96.249010573079431,30.540939537429779],[-96.248784387289618,30.54087473318242],[-96.248646978075556,30.540839808010787],[-96.24817483759864,30.540719896905784],[-96.247640098012084,30.540583860956474],[-96.247515483452787,30.540546997745821],[-96.247346892944734,30.540479402002859],[-96.247289498211728,30.540448533672929],[-96.247189077214102,30.54039452578678],[-96.247011918864928,30.540266688956592],[-96.246895307372483,30.540161222762265],[-96.246697383677258,30.539959315070405],[-96.24662366355119,30.539885498716842],[-96.246602614918686,30.539869586112559],[-96.246578147063815,30.53986144455007],[-96.246537114596151,30.539863602023672],[-96.246509251800489,30.539877369744886],[-96.246468338043314,30.5399039923754],[-96.24632305886206,30.539991832756925],[-96.246195376715207,30.540060949253473],[-96.246083293309312,30.540116213492524],[-96.245954117388578,30.540176894348235],[-96.245698098388516,30.540289353670801],[-96.245610495427968,30.54014303667185],[-96.245613514452089,30.540117343940324],[-96.245626512353624,30.539977367161839],[-96.245647400906762,30.539761329321948],[-96.245654456088232,30.539629155061505],[-96.245632850775394,30.539543052170188],[-96.245610790405635,30.539518080694904],[-96.245574280628489,30.539475200120421],[-96.245529710227913,30.539424692395698],[-96.245473294856652,30.539368803127786],[-96.245439246523972,30.539335074054463],[-96.245411455674116,30.539319272966111],[-96.245284330207653,30.53931767037426],[-96.2452194180417,30.539316852890522],[-96.245125834589544,30.539341178652535],[-96.244922740691891,30.539429969617458],[-96.244854168285201,30.539459800129748],[-96.244845098622363,30.539444614177626],[-96.244831293129664,30.539421461131553],[-96.244763213551437,30.53945107220926],[-96.244755070190308,30.539493789107155],[-96.24469068772504,30.539463550302628],[-96.244633091543903,30.539436496896883],[-96.244309914770724,30.539284703926],[-96.244011847069032,30.539144702865769],[-96.243951064589908,30.539116153887448],[-96.243890283010103,30.539087604909071],[-96.24383917004161,30.539063598406415],[-96.243713606697554,30.539004621765912],[-96.243672223494286,30.53898518202061],[-96.243609123462249,30.538956243635766],[-96.243590103700285,30.538947518413295],[-96.243342547320651,30.538896717509544],[-96.242994780384777,30.538825350009972],[-96.242776775727577,30.538768664842053],[-96.242370775890549,30.538755773959849],[-96.241958087795467,30.538742963117329],[-96.241684869261292,30.538734480711753],[-96.241054798839855,30.538714914162028],[-96.240997276403164,30.538713218939961],[-96.240799441740819,30.538706984839507],[-96.240776705980181,30.538706277073061],[-96.240413431134925,30.538694995977323],[-96.240219623636676,30.53868927359116],[-96.240168019638361,30.538632702637187],[-96.240111636642666,30.538572318557726],[-96.240078122507327,30.538536499459951],[-96.239988150732529,30.538440351141332],[-96.239898181655747,30.538344198326115],[-96.239808213478227,30.538248049108233],[-96.239718244401445,30.538151896293016],[-96.239653293564629,30.538082485718178],[-96.239628327485264,30.538055709303592],[-96.23953854546744,30.537959430583328],[-96.239448763449616,30.537863146467089],[-96.239358982331112,30.537766865048809],[-96.239269201212608,30.537670582731266],[-96.239179419194784,30.537574300413667],[-96.239142876142807,30.537535113354863],[-96.23908963807628,30.537478018995444],[-96.238999857857095,30.537381737577164],[-96.238960400102371,30.537339425374228],[-96.23890840579827,30.537283739353143],[-96.238820178708238,30.537189253881024],[-96.238730324744665,30.537093025522779],[-96.238640470781093,30.536996794466518],[-96.238550616817463,30.536900563410313],[-96.238357875015879,30.536694143819716],[-96.238260734745097,30.536589086816946],[-96.238121078125232,30.536439312824086],[-96.237590864826529,30.5358706867828],[-96.236813605063787,30.53503711417153],[-96.235066496621471,30.535619183278754],[-96.234367602882514,30.536300955724585],[-96.234798599375836,30.536668249640059],[-96.234838467221437,30.536703766565608],[-96.234946452416807,30.53679734192383],[-96.234916192927926,30.53681411877659],[-96.234876762152794,30.536835769055529],[-96.226263184198558,30.541565111240971],[-96.220821417974037,30.545347425943021],[-96.220393483672296,30.545644660872426],[-96.220302551421582,30.545540211811385],[-96.220115065258028,30.545324811590831],[-96.213965630609323,30.538259080192461],[-96.213778685837667,30.538380798934782],[-96.213461549810631,30.53858757825418],[-96.210953115793643,30.539751348645893],[-96.204649386260144,30.53983307543615],[-96.204646910426561,30.544828615148504],[-96.204651568914755,30.547744938478161],[-96.206084352610731,30.547733051239391],[-96.206231560837807,30.556241154905422],[-96.206234153583296,30.557899140532982],[-96.206245483242412,30.565144745333782],[-96.206247576864143,30.566483763914619],[-96.206254582582858,30.566863203174364],[-96.206255647380203,30.566920894683619],[-96.206260676389093,30.56719326245917],[-96.206287293623689,30.56783649805601],[-96.206289421419626,30.567887921290605],[-96.206295992765831,30.568046701993751],[-96.206151238788607,30.568047076111725],[-96.205443858147476,30.568178735959975],[-96.204638417229148,30.568344320933704],[-96.204140437431192,30.568462189678371],[-96.204080967962284,30.568476265867048],[-96.203584028679927,30.568585537992249],[-96.202598743137457,30.568781311408429],[-96.201131317556246,30.569075795311733],[-96.199573369815141,30.569320588974051],[-96.197551566151844,30.569778574121926],[-96.197387591863844,30.57035520772672],[-96.196742224873731,30.57389304352921],[-96.196570278995125,30.575232890385621],[-96.196553024602395,30.575370461477689],[-96.196650203544039,30.575433085768339],[-96.196668453486325,30.57542160322447],[-96.196837445092001,30.575315289868797],[-96.196847314252125,30.574940696156261],[-96.196965804428316,30.574935025930756],[-96.197095279823259,30.574928831400484],[-96.197258397956659,30.574654534579167],[-96.197989210433661,30.574190976332545],[-96.198182057455938,30.574479270202232],[-96.198492849665229,30.574516547101041],[-96.198799079613821,30.574921699776667],[-96.199315643901798,30.574588388543361],[-96.199822678074099,30.574840631290158],[-96.200012168826504,30.574550216819091],[-96.19999001222925,30.574260355431136],[-96.200236698964432,30.574025833825203],[-96.200871418880865,30.57379489421902],[-96.20102204183371,30.573831975964993],[-96.201212898656308,30.574199579247249],[-96.201561321197971,30.574185309704319],[-96.202049963335128,30.574364147987069],[-96.202635203451848,30.57467468928553],[-96.202957196717193,30.574748262822141],[-96.202944441632667,30.574622347843103],[-96.203263298062723,30.57442121626616],[-96.203471002784511,30.574290197634582],[-96.203816465657326,30.574451322870289],[-96.204178222446956,30.574427139201191],[-96.20454853538655,30.574402381764571],[-96.204572613835012,30.574330554711366],[-96.204629539121925,30.574160752816567],[-96.20489010779221,30.574214709441321],[-96.205113226893843,30.574260991251776],[-96.205270812398055,30.574419533634625],[-96.205822988939758,30.574693188340007],[-96.206428465601164,30.573723248828912],[-96.206754576862181,30.573585090479583],[-96.206864932670499,30.573683213709387],[-96.207002919249305,30.573805901920878],[-96.207202893398801,30.57372794329001],[-96.207505938847987,30.573719360160396],[-96.207686502929732,30.573714349137958],[-96.207810426809715,30.57386120842807],[-96.208227692453988,30.57406588693118],[-96.208379364016423,30.573811791580965],[-96.208937823221902,30.57446676422984],[-96.209193763980977,30.574235988300245],[-96.210104098225543,30.574335054019571],[-96.21007783532383,30.574481047262566],[-96.210051563428863,30.57462709086758],[-96.210440922210751,30.574750070459459],[-96.210855472801768,30.574836147270446],[-96.211139856419209,30.57489519765528],[-96.211408491108955,30.574371990075349],[-96.211577571747512,30.574370462127149],[-96.21185908023233,30.57440971573584],[-96.212283916369586,30.574795835159705],[-96.212525295306079,30.575001271791336],[-96.21274659058264,30.575017891262746],[-96.212847352423353,30.574942081112226],[-96.213142238323599,30.574874770454358],[-96.213616497603255,30.575248571864165],[-96.213661630979459,30.575630761250693],[-96.213871286330743,30.57587908295335],[-96.214048627242335,30.575967921582389],[-96.214543713921216,30.576215865569793],[-96.214563923486253,30.576357447638145],[-96.214860120598075,30.576624927598402],[-96.215083808970576,30.576826928819742],[-96.215090064654703,30.577114406105011],[-96.215895239373765,30.577369553662038],[-96.216237484472288,30.577477983122492],[-96.216352288327414,30.577536242103918],[-96.217148420363287,30.577941248190086],[-96.217538630803119,30.578110765899169],[-96.217650418332084,30.57815932928969],[-96.217989141685507,30.578297512820029],[-96.218019406570306,30.578304670524176],[-96.218227068124634,30.578282924017799],[-96.218515491496703,30.578513617209694],[-96.218561301163106,30.578550895007822],[-96.218680198732159,30.578636066201568],[-96.218782755619657,30.578694540120978],[-96.219023625539876,30.57883188098657],[-96.219286947934279,30.578982019204886],[-96.219355984391143,30.579015436213467],[-96.219679018172087,30.579277531033256],[-96.219899892565934,30.579373291744048],[-96.22099434141569,30.579847776753525],[-96.221180504676511,30.580006568248564],[-96.221195089881462,30.580019009469765],[-96.221493673793987,30.580074798912904],[-96.221602277722923,30.580165714076486],[-96.222003664937176,30.580500641391552],[-96.222096642246186,30.580578221407848],[-96.222296177526516,30.580615751915445],[-96.222472703652329,30.580650639315593],[-96.222827061719499,30.580878729869539],[-96.222990687969855,30.580879510481054],[-96.223161525883654,30.580880323468193],[-96.223670470216007,30.581008201667203],[-96.223838172193837,30.581050336703754],[-96.224055799135783,30.581104688130893],[-96.224533859849714,30.580764800155464],[-96.224635406798541,30.580434792131996],[-96.224965577599278,30.580366761117205],[-96.225005598329687,30.580181092483485],[-96.225182411339176,30.580172898760338],[-96.225297548842775,30.580235590500138],[-96.225652183901104,30.580420476723646],[-96.225705920192013,30.580448585933539],[-96.226123164252613,30.580666837004969],[-96.226233321310701,30.580724456568475],[-96.226260211939177,30.580738521965259],[-96.226622589261069,30.580928114341077],[-96.226747516784428,30.581184883375727],[-96.226517603304728,30.581280928272292],[-96.226350977815343,30.581350535798663],[-96.226545766473919,30.581712066858472],[-96.226902996076376,30.581658217252993],[-96.226993993078281,30.58189575698367],[-96.227256488995749,30.581916516034426],[-96.227676085682788,30.582352099969512],[-96.228472900304098,30.582071934172461],[-96.228431957768578,30.582271763531139],[-96.22839636619932,30.582444915400572],[-96.22834894764577,30.582675612189803],[-96.228378261947171,30.582723352700611],[-96.227631722126262,30.583392921346274],[-96.229211050349647,30.584432229164122],[-96.232670955400238,30.581330041148533],[-96.237412928563742,30.577373219298693],[-96.246096194084032,30.580505124511944],[-96.246926656839719,30.580794516453807],[-96.254062633383796,30.582552389781029],[-96.256236480928806,30.583075125216908],[-96.259202842537093,30.583773869668391],[-96.263300791398365,30.584394013373071],[-96.264822454192881,30.584595346398146],[-96.267590439746982,30.584910756626186],[-96.277008767940231,30.585757531285083],[-96.281231131711309,30.586157911258624],[-96.282044534327781,30.586066640862839],[-96.283388818439164,30.58563489433493],[-96.285111153257105,30.584927457036542],[-96.285126469610873,30.584919400010335],[-96.28504728340539,30.584922196002594],[-96.284988427274072,30.58483633682755],[-96.28482328476673,30.584588606878754],[-96.284425173782722,30.583988241064503],[-96.282476411257335,30.581082221267536],[-96.28274374013148,30.580905902885149],[-96.284996154249086,30.578915432501276],[-96.288535971258057,30.575686454466336],[-96.291410044437953,30.573149452585199],[-96.296896207493944,30.568337953733646],[-96.297641346171133,30.567789413150933],[-96.302179144451941,30.563714051662203],[-96.30293454169572,30.564605547807844],[-96.303945424641597,30.565513976388957],[-96.304253216712539,30.565782718098035],[-96.307232688637612,30.568359451127833],[-96.309508373612516,30.570331491705019],[-96.31072878960191,30.571388329108174]]]},"properties":{"OBJECTID_1":1,"Enforce_Of":"James Johnson","CE_Area_ID":4,"OBJECTID":4,"CE_Area_ID_1":4,"PNT_COUNT":324,"PERCENTAGE":32.399999999999999,"Shape_Length":0.46519694240551629,"Shape_Area":0.0042996500734339207}},{"type":"Feature","id":2,"geometry":{"type":"MultiPolygon","coordinates":[[[[-96.316905504285558,30.590566030897662],[-96.317778753186872,30.591175166001165],[-96.318555825890598,30.591400575676062],[-96.319057147569254,30.591545994252272],[-96.319911909107304,30.592000825477783],[-96.321592444335806,30.593547267292593],[-96.323243176031724,30.595440580318552],[-96.32197538825352,30.596162559654431],[-96.317459443498478,30.598448886307096],[-96.314602283868282,30.600231332709882],[-96.313832100870741,30.601036127015675],[-96.313447447341787,30.601666799083546],[-96.31301634472851,30.602473637548371],[-96.312410171092495,30.603913844248552],[-96.311517909623774,30.605070110697113],[-96.312388432679995,30.605760434796252],[-96.313233624532131,30.606200988384956],[-96.313926310250963,30.60628362079251],[-96.315476656022838,30.60640394198839],[-96.317027160974646,30.606667327335344],[-96.317906348998747,30.607281879055506],[-96.319908382865549,30.608475018607294],[-96.323106613079688,30.610936976560254],[-96.327436785779014,30.614380900658091],[-96.327878424849416,30.614782624218776],[-96.329164916727507,30.613683803764559],[-96.330863502248803,30.612160516794461],[-96.331601619019466,30.611429281636106],[-96.332348151645817,30.610665068338278],[-96.334952504654325,30.60851649713868],[-96.336768827619267,30.606791753037044],[-96.340092977309041,30.603853015904008],[-96.339709261772953,30.603391969463871],[-96.33746031094455,30.598116208196529],[-96.344410497446461,30.591918454772895],[-96.348604787081229,30.588171644405918],[-96.346002635613104,30.586718410126593],[-96.344087527517331,30.586387822040422],[-96.335744535781657,30.586778790608776],[-96.327968286007547,30.586698330063939],[-96.32793348674096,30.586665018276051],[-96.327514598719745,30.586673264159856],[-96.326519381064543,30.586617583534689],[-96.324498431757206,30.586554562643016],[-96.323177794419621,30.5867846011285],[-96.321873290919598,30.587311026482723],[-96.320944974730764,30.587701235123973],[-96.320068442404647,30.588216343409556],[-96.316437374784982,30.589853632039535],[-96.316429478737405,30.589882356385715],[-96.316431096617805,30.589881575774143],[-96.316905504285558,30.590566030897662]]],[[[-96.311413882344766,30.639690601939776],[-96.309993473320105,30.640606598315912],[-96.313929507340845,30.645305922930049],[-96.314502305337101,30.644787030297266],[-96.314542212752883,30.644750954892686],[-96.315841132362323,30.643580323573133],[-96.317024070004777,30.64251008717082],[-96.318768687325019,30.640925734435143],[-96.318995186078951,30.640720037000165],[-96.320324711416276,30.639512585637362],[-96.32055006263522,30.639319820453409],[-96.320756226818389,30.639491592762852],[-96.320796413923347,30.639525075421943],[-96.321139893791042,30.639811254985489],[-96.321483376356696,30.640097433649714],[-96.32164366792091,30.640230982973549],[-96.321815410552745,30.640374070506994],[-96.321988695521839,30.64052001518661],[-96.321968619955783,30.640666700907559],[-96.322069600331758,30.640750948497555],[-96.322215720379177,30.640862381693637],[-96.322084529077699,30.640979713543004],[-96.323771871274801,30.642374806652072],[-96.324808172659004,30.643230993615532],[-96.326980757555873,30.64132231117577],[-96.326994853529641,30.641309928410521],[-96.32819532615332,30.640255228695878],[-96.328380847298206,30.640109053789843],[-96.328439879696646,30.640055288720646],[-96.329206603901639,30.639356851837306],[-96.329513867171215,30.639050968127719],[-96.329842905725457,30.638752396805728],[-96.330203030245627,30.63842561375111],[-96.330483396591433,30.638171201839555],[-96.330967641043742,30.637731782295987],[-96.331121742574339,30.637591944912401],[-96.331266715986089,30.637460388486204],[-96.331453030333023,30.637291317740164],[-96.33163405576704,30.637127044877275],[-96.331768854249162,30.637004719991864],[-96.331888996479961,30.6368958156894],[-96.331932356393111,30.636855693335633],[-96.332066983104767,30.636731658839039],[-96.332260304969054,30.636553547208507],[-96.332380797036137,30.636442533995819],[-96.332559006692748,30.636278344769835],[-96.33291820311257,30.63594740145146],[-96.334109305699883,30.634849967751848],[-96.333091366673216,30.633997792664047],[-96.332509746327673,30.633525023561049],[-96.332649572919422,30.633400470155607],[-96.332787998367394,30.63327716590851],[-96.332926423815366,30.633153860762093],[-96.333064848364018,30.633030556514996],[-96.333203273811989,30.632907250469259],[-96.333341698360641,30.632783944423522],[-96.333480122909293,30.632660638377786],[-96.33360444428962,30.632549895861075],[-96.33374589595627,30.632423890050518],[-96.33387324625329,30.632310448668306],[-96.334000595650934,30.632197006386775],[-96.334157843909338,30.632056929783516],[-96.334310661208008,30.631920798506087],[-96.334463481204637,30.631784667228658],[-96.334607439281854,30.631656428401527],[-96.334751396459751,30.63152818867502],[-96.334895353637648,30.631399948948513],[-96.335039311714809,30.631271709222062],[-96.335183267993386,30.631143468596235],[-96.335327225171284,30.631015227970465],[-96.335471180550485,30.630886988243958],[-96.335614703355816,30.63075838609069],[-96.335758226161147,30.630629784836742],[-96.3359929285308,30.630426798857741],[-96.336890546361587,30.629625913005555],[-96.337029579751288,30.62949789181431],[-96.338258932303859,30.63053091337099],[-96.339669743763636,30.629268013408137],[-96.33904467537144,30.628765071151179],[-96.336417781755188,30.626647964531969],[-96.334750662612976,30.627787189727087],[-96.323506868946822,30.618516183075428],[-96.323481289529866,30.618495088577504],[-96.322439940251002,30.617885006487938],[-96.319899946325449,30.620169011091036],[-96.319611261250657,30.620635592858378],[-96.315226755110643,30.624640847697037],[-96.314890688354524,30.625009623695234],[-96.314715067846066,30.625338994099366],[-96.314302910350989,30.62598036899891],[-96.313877675814069,30.626382374047353],[-96.314443056202037,30.626942701144799],[-96.315050504177407,30.627682162401925],[-96.315685617097529,30.628371937914665],[-96.316309815845273,30.628876310993007],[-96.317104533247573,30.629424915427535],[-96.318205387068929,30.630201375692991],[-96.319868854963659,30.628632735012786],[-96.323409117137032,30.631267832244703],[-96.32505087899483,30.629764991361299],[-96.329049878149306,30.633063819739561],[-96.32796956394418,30.633833295869977],[-96.326911587999348,30.634424047931532],[-96.326500067224288,30.634601587593238],[-96.32547768374809,30.634952405029537],[-96.321829095536316,30.636041915701924],[-96.319363569972722,30.63676286621336],[-96.316585189155091,30.637553111287104],[-96.313133269185016,30.638645183228675],[-96.311413882344766,30.639690601939776]]]]},"properties":{"OBJECTID_1":2,"Enforce_Of":"Adrienne Bishop","CE_Area_ID":1,"OBJECTID":1,"CE_Area_ID_1":1,"PNT_COUNT":66,"PERCENTAGE":6.6000000000000005,"Shape_Length":0.23507975763557343,"Shape_Area":0.00086387679887746371}},{"type":"Feature","id":3,"geometry":{"type":"Polygon","coordinates":[[[-96.227631722126262,30.583392921346274],[-96.223630204870005,30.586981633595542],[-96.222598056555057,30.587927656536181],[-96.221828030039546,30.588781189600297],[-96.220969574086553,30.590018553313655],[-96.220603755958507,30.590747345013995],[-96.220388077847474,30.591177022201862],[-96.219929020707696,30.592564438697934],[-96.219849576396825,30.592918894791239],[-96.219726504174787,30.593581360591372],[-96.218987398149864,30.594239540222645],[-96.219524327585589,30.594684467214449],[-96.219355221766023,30.595608413597461],[-96.219161017666806,30.596668644142653],[-96.21893594883494,30.597725126313605],[-96.218814921671253,30.598072693599988],[-96.218736806558354,30.598297029484399],[-96.218659123120005,30.598475403716975],[-96.218615065332983,30.598576567554574],[-96.218328484671815,30.599119973008385],[-96.217765075597697,30.600071985433829],[-96.217749069463935,30.600099031645073],[-96.216485888912587,30.602233399851571],[-96.215492204601503,30.60391233788414],[-96.21548150176983,30.603930418753862],[-96.215393155969309,30.604079681931807],[-96.215353794442024,30.604146184998513],[-96.21363028421024,30.607058062979263],[-96.210881288740438,30.611702083784166],[-96.209521503014912,30.613961650210058],[-96.208983533962908,30.61468190824354],[-96.207948974565511,30.615756724893004],[-96.206239078270812,30.617260048712353],[-96.204112330019996,30.619077680190856],[-96.202633063964697,30.620297942396178],[-96.202859122950144,30.62054929031757],[-96.203378739537186,30.621126999511489],[-96.203556084945319,30.621436577636018],[-96.203864781734239,30.621846890621555],[-96.204025272048625,30.622025364678905],[-96.205701635322157,30.623891010961415],[-96.207587955219935,30.622171274284938],[-96.206693188240024,30.621413657514324],[-96.210965206279184,30.617696397970462],[-96.21188079346382,30.616729158224132],[-96.212922708416215,30.615327661942104],[-96.213248276486752,30.614781404738096],[-96.214232684290891,30.613129671197441],[-96.215560521600764,30.610886418473513],[-96.215804688435583,30.610473911142151],[-96.216367948222171,30.609522289022493],[-96.217143600896406,30.608211798735567],[-96.217706557611507,30.607260643364043],[-96.218463985524465,30.605980880213508],[-96.219274515706275,30.604611353930864],[-96.220143299473648,30.603143341092391],[-96.221061360693227,30.601592010562911],[-96.221553510186311,30.600761549605863],[-96.221653034559836,30.600592179385615],[-96.221792804494271,30.600340584150672],[-96.222002217927979,30.599945317722302],[-96.222156255606649,30.599614100110671],[-96.222311975916909,30.599232112172274],[-96.222483607932134,30.598796394238263],[-96.222533770317227,30.598594547700259],[-96.223197782051955,30.597986170725278],[-96.22334787890145,30.597847065389828],[-96.222808061742626,30.597402497227506],[-96.223562023668421,30.593320196569891],[-96.223681912290374,30.592834304559574],[-96.223915855632185,30.592238474026431],[-96.224165726866772,30.591719122739391],[-96.224308266713081,30.591466264856308],[-96.224442479736638,30.591345181934628],[-96.224565016862016,30.591234645362647],[-96.226959712720543,30.589074333513736],[-96.230735485754053,30.585668025359155],[-96.230588747872389,30.586090186912656],[-96.230705090467495,30.586642062181454],[-96.231335331760135,30.587064491732974],[-96.231933863856682,30.587547833265944],[-96.231968013812775,30.58792578864427],[-96.232004132384759,30.588326763969008],[-96.232006483212615,30.588352844308361],[-96.232391018930343,30.588773737817803],[-96.232296984018546,30.589264695709176],[-96.232009094843818,30.589658349653178],[-96.231818502421902,30.590144094174661],[-96.231739020339489,30.590346664666868],[-96.231868544297868,30.590779900472057],[-96.231657762096006,30.591348254018783],[-96.231329083270566,30.59191781085832],[-96.231664585252361,30.592607370533756],[-96.232174884863014,30.592901367004515],[-96.232586425423165,30.593533521155109],[-96.233187208522793,30.593860940929744],[-96.23356964162565,30.593762740358216],[-96.233812428900421,30.593740571170486],[-96.234102757935887,30.594184463941929],[-96.234371473564636,30.594171336538011],[-96.234657599168827,30.593577275870643],[-96.234889088260786,30.593416519356936],[-96.235347273957473,30.593588600133842],[-96.235990957416732,30.593642420961032],[-96.236042854594018,30.594062357591781],[-96.235961121508524,30.594254848482535],[-96.235721523229699,30.594506407744575],[-96.235538691057684,30.594698579375972],[-96.236290871426547,30.594949700668224],[-96.236708921279671,30.594850491956663],[-96.237035790669154,30.594388903225365],[-96.237360895588836,30.593726916763842],[-96.237431762166068,30.59370700937103],[-96.237625413182229,30.593652609380456],[-96.23797446884663,30.593892429791879],[-96.238535123297254,30.594396108593571],[-96.238736984224431,30.594645740608485],[-96.238971501333708,30.594935785458176],[-96.239293923575701,30.595023011602734],[-96.239705574752463,30.594803502379762],[-96.239905433788692,30.594524476923141],[-96.240093599839724,30.594788550251451],[-96.24015451451919,30.595210576007332],[-96.240510860088079,30.595524426810925],[-96.240934273497885,30.595702508763793],[-96.241440838224094,30.595586630218861],[-96.241625606636376,30.595437186277195],[-96.241852001068935,30.595254070818783],[-96.242337532451131,30.59545578155911],[-96.242415936246402,30.595132649752031],[-96.242784738324985,30.59487987640523],[-96.242971995161383,30.594791339049095],[-96.243022562241435,30.594766185910828],[-96.2431003949672,30.594729126647906],[-96.243210998089069,30.594699923862436],[-96.243400685793006,30.594646251423399],[-96.243877177189916,30.594815305082307],[-96.243911003390053,30.594858908711728],[-96.243944852073241,30.594902583387579],[-96.2440563428259,30.595045295903731],[-96.244159987893113,30.595154305426888],[-96.24426363026231,30.595263313151406],[-96.244372987823112,30.595380853643519],[-96.244491181222998,30.595514092701251],[-96.244617580037243,30.595664337938899],[-96.244653537630597,30.595758938524227],[-96.244674530505165,30.59581390328907],[-96.244708947559843,30.595847357169873],[-96.244890439741937,30.596073140962744],[-96.244974916659032,30.596201528178028],[-96.245050466905468,30.596278885162462],[-96.245005863229949,30.59637381759768],[-96.244908852461549,30.59666928266131],[-96.244922762275621,30.596870362077595],[-96.244725466307216,30.596990445852441],[-96.244683298895097,30.597067211982278],[-96.244798989481751,30.597223468288462],[-96.245070616215912,30.597402536797688],[-96.245264443499252,30.597401308323754],[-96.245494709513196,30.597180897980081],[-96.245774927470904,30.597123648937327],[-96.24585981268018,30.597201711889568],[-96.245934656958809,30.597209039565598],[-96.246052623729554,30.59711902012674],[-96.246208402495768,30.597035977628309],[-96.246502922371917,30.59714105351685],[-96.246702712160413,30.59713577539577],[-96.246949778409487,30.596961013739872],[-96.247051274096975,30.59678326543542],[-96.247211704156769,30.596654951065204],[-96.24739443470537,30.596592281808398],[-96.247984195714025,30.596642293107379],[-96.248195704568047,30.596718464785397],[-96.248453390011889,30.596805735896055],[-96.248577800425096,30.596795973755263],[-96.248885849702162,30.596702667294323],[-96.249121771552495,30.596726832977026],[-96.249213207423566,30.596643539567765],[-96.249349442122991,30.5966245198058],[-96.249519391506681,30.596560138239852],[-96.249750103584404,30.596696654427092],[-96.249999273347726,30.596719148270154],[-96.250098507240295,30.596772854883397],[-96.250188135474048,30.596821404784066],[-96.250338436469633,30.597183460148642],[-96.250467913663272,30.597346593570478],[-96.250938384099129,30.597559669043562],[-96.251119416727647,30.597584861752011],[-96.251165685947626,30.597584164777459],[-96.251848948570057,30.597573864842047],[-96.252050293286345,30.597682991277054],[-96.252151915778256,30.597737551346995],[-96.252296571729346,30.597871446909778],[-96.25230190380978,30.598018763954826],[-96.252314675981495,30.598379836360436],[-96.252522838458219,30.598451992565458],[-96.252566797319787,30.598467216289066],[-96.252734560451586,30.598405327643832],[-96.253242862667946,30.597951045904097],[-96.253514264571606,30.597980243293648],[-96.253620032938159,30.598107631362154],[-96.253767232171981,30.598284962381172],[-96.253872172262902,30.598512385638116],[-96.253987665898023,30.598762678654737],[-96.254061605458674,30.598837119137784],[-96.254173887614797,30.598885224773369],[-96.254322487992397,30.598951493116942],[-96.254338261201781,30.599002560220015],[-96.254361032035945,30.599076273151525],[-96.254550261085626,30.599249814427424],[-96.254703881478918,30.59941744985548],[-96.254851877512124,30.599636709966262],[-96.254909649960325,30.599722302042665],[-96.254957430940635,30.599933032983131],[-96.254869597753725,30.600162616411694],[-96.254774423400875,30.600258152291929],[-96.254574946576497,30.600458388144148],[-96.254696271415753,30.600611888927574],[-96.255326599043258,30.600898699815218],[-96.255935502121702,30.601516114077469],[-96.256213609370548,30.60150479521019],[-96.256343298804154,30.601505925657989],[-96.256499300602229,30.601429403244424],[-96.256676705365635,30.601342382145276],[-96.25697463816897,30.601290778146961],[-96.257465828085458,30.60127075564094],[-96.257590439047476,30.601065241667641],[-96.257486880315241,30.600819535193466],[-96.257460449240284,30.600756825467158],[-96.257019006222151,30.600237670232332],[-96.256628929781243,30.600277129785752],[-96.256610107870131,30.600279040845123],[-96.256177185928379,30.600084501298738],[-96.25610658375183,30.599805843664797],[-96.256311423233569,30.599513196177099],[-96.256475293200197,30.599279075668846],[-96.256698667709315,30.599045244742285],[-96.257087548951176,30.599079281383808],[-96.257609374273159,30.599184750276038],[-96.257960751987071,30.599230370185467],[-96.258427166480487,30.599343958157192],[-96.259138914229482,30.599570365180284],[-96.259885919899261,30.599602171503079],[-96.260098366746206,30.599939849844247],[-96.26023198711647,30.600151818251845],[-96.260357813961889,30.600582133958369],[-96.261084915836136,30.600918997513759],[-96.261170705763448,30.601311954483151],[-96.261560578058209,30.601436004268237],[-96.261645475857961,30.601736865264172],[-96.262013458654167,30.602062522367589],[-96.261686924711796,30.602333750702087],[-96.261561248952432,30.602687408197369],[-96.261165102987093,30.602808768110208],[-96.260838043840636,30.602715837565881],[-96.260438259218233,30.602882476545119],[-96.260370889205149,30.602960541296],[-96.260336008100239,30.603152596015548],[-96.260331828950711,30.603175599774147],[-96.260294445931891,30.6034708723829],[-96.260295901034965,30.60351944027002],[-96.26029771766548,30.60358014810538],[-96.260193861257676,30.60382304419818],[-96.260434250040589,30.604053859697899],[-96.260870504869843,30.60420752685593],[-96.261072571741749,30.604477434985711],[-96.26154183618678,30.604616675219461],[-96.261949542937032,30.604765846666567],[-96.262289551421645,30.60466667033063],[-96.262472637202393,30.604783649645753],[-96.262663415783948,30.604951955968033],[-96.262891994669758,30.605153614547703],[-96.263156931347282,30.605263312951593],[-96.263865609710081,30.605204546752475],[-96.264032233400826,30.605717054198749],[-96.263727199550601,30.606116551038042],[-96.263419165562027,30.606000646412781],[-96.263125232943082,30.605866497241095],[-96.262654393785226,30.606154061760606],[-96.262505718763862,30.606638425822723],[-96.262242534865038,30.606679032911075],[-96.262247331848869,30.606982611658225],[-96.262583595556464,30.607313023477275],[-96.262369854585074,30.607681693355516],[-96.262786009566639,30.607699949593041],[-96.262752684288898,30.607818850759429],[-96.26289113221992,30.608057004727016],[-96.263275310906863,30.608262186850482],[-96.2629696889,30.608472127286916],[-96.262445281624423,30.608891750953603],[-96.262244970229176,30.608789606854941],[-96.262242173337597,30.608564299702721],[-96.262100910528545,30.608477517823246],[-96.261936730295815,30.608636803945387],[-96.261526244640436,30.608583236727043],[-96.261340665039597,30.608797784390276],[-96.261321493292257,30.608893131412913],[-96.261297529057686,30.609012315865755],[-96.261265684064028,30.609171358271624],[-96.261674468202102,30.609365400492891],[-96.261768219827445,30.609682853081267],[-96.260972916067203,30.610005291511072],[-96.260885409334151,30.610075069908589],[-96.261212895658559,30.610576593934695],[-96.261272744641417,30.610585762522987],[-96.261485770651745,30.610687991157931],[-96.261852188627586,30.610863828403012],[-96.26221625487625,30.611156777163615],[-96.262404227573029,30.611308031440558],[-96.262510656941231,30.611352928295048],[-96.262697167340377,30.611431612678814],[-96.263045018812534,30.611578356855716],[-96.263485806224935,30.611763903181611],[-96.263511399131744,30.611770463735979],[-96.263592785978233,30.611790818991153],[-96.263665565413476,30.611804648765599],[-96.263796345724757,30.611866414203689],[-96.263862221064642,30.611885787399217],[-96.263895160533195,30.611895474896301],[-96.26392809820311,30.611905161494064],[-96.264092426823993,30.611962227974516],[-96.264157329097429,30.612004620217078],[-96.26420346701633,30.612017607326777],[-96.264276797735988,30.61203593640937],[-96.264338783508038,30.61205090472555],[-96.264430784153319,30.612059378137815],[-96.264600508706451,30.612092778059321],[-96.264640154419567,30.612100581476682],[-96.264666901156545,30.612107031414439],[-96.264805213289947,30.612140380973869],[-96.264904394122482,30.612160808174792],[-96.264970756894854,30.612168671846803],[-96.265010235334046,30.6121814458171],[-96.265108931431996,30.612213383440917],[-96.265173833705433,30.612255775683536],[-96.265231831883511,30.612303712246558],[-96.265296495836594,30.612351861948923],[-96.265361883743878,30.612382742869329],[-96.265460578942509,30.612414679593826],[-96.265493394304656,30.612427244022172],[-96.265558788507235,30.612458127640537],[-96.265591603869382,30.612470690270186],[-96.26569005715038,30.61250838175647],[-96.265755929792306,30.612523003833587],[-96.265823967102392,30.612530290140853],[-96.265889636497491,30.612520460550854],[-96.265990520645971,30.612500600822102],[-96.266058101999761,30.612479687987275],[-96.266125927069822,30.612453019491284],[-96.266159475379425,30.612448318734948],[-96.266326480382702,30.612442076540674],[-96.266492028484265,30.612470366514231],[-96.266683805313335,30.612573069991242],[-96.266817766526685,30.61265355122049],[-96.267015887173443,30.612700155887524],[-96.267213765003191,30.612752517115041],[-96.267346790022316,30.612813260923303],[-96.267484925888596,30.61296869974575],[-96.267587274133348,30.613063840823656],[-96.267878878407487,30.613269147952849],[-96.267986301526548,30.613410847832426],[-96.267973557233859,30.613554513629936],[-96.267929946409879,30.613639574207014],[-96.267851902343409,30.613792462552169],[-96.267832558825489,30.613953757759759],[-96.267985357238388,30.614125680255995],[-96.268273504518561,30.614330753561489],[-96.268471921042305,30.614449400219712],[-96.268536511250943,30.614497513049855],[-96.2685768377508,30.61457085366203],[-96.268617094103547,30.614644159200623],[-96.268654404277299,30.61474455411792],[-96.268752786511868,30.614862919288328],[-96.268740624979841,30.615150669068157],[-96.268737948597391,30.615213975044981],[-96.268756396390529,30.615329813120411],[-96.268797309248384,30.615388744794814],[-96.268855507075955,30.615430914005515],[-96.269021181981941,30.615456319853308],[-96.26912207062702,30.615436458325917],[-96.269463508134379,30.615248439763718],[-96.269634775024826,30.615141480694831],[-96.26973736788517,30.615081332237764],[-96.269779358130847,30.61506657526229],[-96.269872775208398,30.615033748208987],[-96.269922686682605,30.614990131089712],[-96.269990509054708,30.614930859471656],[-96.270219367629693,30.614802667409208],[-96.270358725674612,30.614730791792681],[-96.270489788373027,30.614630669369944],[-96.270646910726327,30.614458838604548],[-96.27067951115049,30.614395254737246],[-96.27084375883237,30.614313219479527],[-96.271014791899063,30.614247550084428],[-96.271149495053123,30.614245345846086],[-96.271285014791545,30.614223783700709],[-96.271452233833486,30.614248451205128],[-96.271511251842753,30.614267544711481],[-96.271585027726815,30.614291414517197],[-96.271685441529883,30.614304276621112],[-96.271789996710936,30.614307579831006],[-96.271886077580405,30.614246005948473],[-96.271908427531855,30.614159484872403],[-96.271816479946551,30.61403044205133],[-96.27167261449955,30.613903401121092],[-96.271580281105059,30.613784059286957],[-96.271615060586555,30.613668855233527],[-96.271789636982135,30.613519303373209],[-96.271975551130765,30.613436273465311],[-96.27214263347571,30.613464165039261],[-96.27224209219878,30.613499612717021],[-96.27241094530882,30.613485564407313],[-96.272717904607589,30.613388650765671],[-96.273584105521991,30.613241554953845],[-96.27379863429951,30.613232175924225],[-96.27398807199188,30.613238158214472],[-96.274426167733395,30.613400598259034],[-96.274713663005116,30.613526067174291],[-96.275362811644413,30.613618437441005],[-96.275468045813625,30.613603605821822],[-96.275602011523574,30.61356848549724],[-96.275667870675647,30.613584938594101],[-96.275753826977507,30.61351937082236],[-96.275949300919478,30.613421318638984],[-96.276065397100353,30.613331541117759],[-96.276233608993834,30.613189501294528],[-96.276665471534272,30.613206724211011],[-96.27679572664141,30.61327559429327],[-96.276903138069315,30.613390321706049],[-96.277021678607525,30.613537753864307],[-96.27719330882411,30.613615256538935],[-96.27728386605753,30.613699797307845],[-96.277309066859914,30.613726575521071],[-96.277358226500894,30.613843130356258],[-96.277363944390459,30.614102067656347],[-96.277322922714689,30.614187024811372],[-96.277254799069681,30.614308362241161],[-96.277116520211223,30.614411982127308],[-96.27686201836741,30.614519648962698],[-96.276826031995768,30.614526224805502],[-96.276565030751556,30.614787945507317],[-96.276530585817852,30.615032660928591],[-96.276297109224174,30.615008754250653],[-96.276127911673768,30.61499004655343],[-96.276038841918989,30.614987308117804],[-96.275965568755964,30.615031273274667],[-96.275908176720918,30.615122018466423],[-96.275863232202369,30.615552530225159],[-96.275852211010715,30.615718616121285],[-96.275838715784062,30.615921983412875],[-96.275758293910087,30.616135411420146],[-96.275640907202046,30.616378523350249],[-96.275519156983478,30.616513514287305],[-96.275470679927878,30.616604540966819],[-96.27545786279012,30.61669669269827],[-96.275490924566498,30.616759442894022],[-96.275467450462429,30.616880867558052],[-96.275482257799922,30.617005295058391],[-96.275500768545612,30.617160831906915],[-96.275403131849032,30.617242028996486],[-96.275327608582245,30.617304833151593],[-96.275252132979517,30.617395315741305],[-96.275216505437356,30.617457552424185],[-96.275182508366015,30.61751694005477],[-96.275140072955992,30.617593613554448],[-96.2751226971547,30.617686241926549],[-96.275142595554314,30.617697960092812],[-96.275127154194763,30.617711925664878],[-96.275138535115275,30.617744080924638],[-96.275145893368233,30.617764874149657],[-96.275156455905687,30.617794714554464],[-96.27523720153556,30.617921148442292],[-96.275333910131792,30.618004619917315],[-96.275438384373899,30.618076018893191],[-96.275523215623878,30.61810345990682],[-96.275628996580906,30.618143946485986],[-96.275698456618443,30.618195672792126],[-96.275725749243918,30.618227405370533],[-96.275831573368407,30.618267966593407],[-96.275973136550988,30.61830958272111],[-96.276042612776337,30.618361303631332],[-96.276111714883712,30.618419112951756],[-96.276102062460154,30.618480810041376],[-96.27603374366231,30.618571518360909],[-96.275981039793123,30.61863176574343],[-96.275898667289653,30.618715839764263],[-96.275863185437629,30.618770150721957],[-96.27580626914397,30.618867701083616],[-96.275788044382693,30.61895999041127],[-96.275805600947706,30.61905340928746],[-96.275814377431516,30.619100120074506],[-96.275823156613342,30.61914682996229],[-96.275898431667258,30.619229613455957],[-96.275968743362796,30.619262864089933],[-96.276038482190188,30.619308400362456],[-96.276108759711462,30.619341633009981],[-96.276183717304662,30.619436955750984],[-96.276218027340065,30.619468842113406],[-96.276252341872066,30.619500730274524],[-96.276323028584841,30.619527876310485],[-96.27637750231986,30.619569161487675],[-96.276467921957021,30.619631890999017],[-96.276520583558067,30.619660529909595],[-96.276627748571684,30.619735396671274],[-96.276698857066549,30.619793240165961],[-96.276752032180525,30.619822225315488],[-96.276806352131416,30.619860197390267],[-96.276839233144074,30.619898814278883],[-96.276923660598413,30.619972399506707],[-96.276982782929053,30.620009968685167],[-96.277059017559566,30.620033512037026],[-96.27713803918914,30.620061270511258],[-96.277426494037456,30.620197455748041],[-96.277522035313666,30.620250651546371],[-96.277550628358767,30.62026052610247],[-96.277623424881142,30.620286726950951],[-96.277691449600695,30.620314454848256],[-96.27775117087981,30.620350816237249],[-96.277781253202249,30.620378777058988],[-96.277807007987008,30.62039370220765],[-96.277871365271267,30.620424214406],[-96.278005518040175,30.620488953902168],[-96.278115797406087,30.620529487246074],[-96.278219743746149,30.620571960427696],[-96.278255466616429,30.620596916614488],[-96.278319380534924,30.620634106279056],[-96.278344941066166,30.620655335675281],[-96.27838133123339,30.620664428720488],[-96.278417389550839,30.62068145108816],[-96.278525863977393,30.620752221437897],[-96.278550829157382,30.620788950649626],[-96.278613026270136,30.620838533871279],[-96.27864941733668,30.620847623319207],[-96.27869884047908,30.62085997011161],[-96.278792333998979,30.620883804843743],[-96.278893710975922,30.620908194457684],[-96.2789772768798,30.620921506222601],[-96.279046001271922,30.620914104802125],[-96.279146003185474,30.62091212719298],[-96.279203944706239,30.620897854952091],[-96.27926861495456,30.620865713182184],[-96.279294003715279,30.620835856589565],[-96.279359406011736,30.620798528429418],[-96.279433192687634,30.62079291306253],[-96.279518769475601,30.620808646701732],[-96.279614817070126,30.620846296819195],[-96.279702736591958,30.620887882369914],[-96.279776289444158,30.620958867657691],[-96.279813610409747,30.621020285058137],[-96.279834656344292,30.62108357035055],[-96.279867370982345,30.621179913822004],[-96.279936978508715,30.621277573001635],[-96.280033965894802,30.621367701258464],[-96.280060337614429,30.621400454567379],[-96.280112754599884,30.621465649120466],[-96.280160474426339,30.62152661685991],[-96.280168108771193,30.621588892213651],[-96.28015982061919,30.621657761396648],[-96.28013878008062,30.621720640195463],[-96.280117742239952,30.621783518994278],[-96.280106824470352,30.621816156290606],[-96.28009670619798,30.621846398692412],[-96.280059431097811,30.621905333964037],[-96.279989020476876,30.622001860897228],[-96.279977164714353,30.622065030177055],[-96.279985008601216,30.622097046941235],[-96.27999151519623,30.622160793585806],[-96.280007202970012,30.622224831610765],[-96.280050438776698,30.622289737481424],[-96.280094004634577,30.622346710432396],[-96.28013725213242,30.622411571337011],[-96.280209356176783,30.622445661937775],[-96.280318197526753,30.622480863201304],[-96.280442857052151,30.622528170238922],[-96.28051706281218,30.622559582658653],[-96.280607330463909,30.622601176303306],[-96.280679780747221,30.622627288118906],[-96.280733569198844,30.622660810348179],[-96.280787503340548,30.622719774398149],[-96.280851544063466,30.622764559736709],[-96.280894687239993,30.622851441440901],[-96.28092360314173,30.622880758440317],[-96.280956233243558,30.622891380332987],[-96.281026813836377,30.622912603433974],[-96.281058957404923,30.622932652919644],[-96.281105975760113,30.622991096262126],[-96.281136701097864,30.623055717047748],[-96.281164321975837,30.623106932538974],[-96.281174450140725,30.623192751244517],[-96.281139166139553,30.623283469456624],[-96.281134671328005,30.623302489218531],[-96.281134312498466,30.623362481193624],[-96.281155422284883,30.623448646138172],[-96.281172061541383,30.623468229775028],[-96.281205190766912,30.623507189305371],[-96.281237232712101,30.623529597712832],[-96.281302020771591,30.623557763579981],[-96.281367510302346,30.623569327062853],[-96.281400555890912,30.623567994267546],[-96.281500989479071,30.623533159927433],[-96.28156847910202,30.623497286870361],[-96.281641912344355,30.623385604562031],[-96.281667818215226,30.623357921630827],[-96.28169647151492,30.623330325034544],[-96.281703973659432,30.623266436297058],[-96.281694576643361,30.623244767132348],[-96.281694428255207,30.623220002501171],[-96.281694232202994,30.623187756409891],[-96.281741755977237,30.623103757032823],[-96.281775599264449,30.623083447643069],[-96.281845886678298,30.623058116438983],[-96.281899715599366,30.623061976329211],[-96.28193422618358,30.623071682712066],[-96.282002884925191,30.623099704687661],[-96.282037395509349,30.623109411070516],[-96.282140565734494,30.623147138529646],[-96.28220348500281,30.623177902538202],[-96.282243554296542,30.623189171942784],[-96.282277884117036,30.623203183380269],[-96.282346725421007,30.623226900301233],[-96.282415564926339,30.623250618121574],[-96.282484769556447,30.623265727631292],[-96.282553790724819,30.623285142195584],[-96.282656599422467,30.623331477066074],[-96.282735223551697,30.623359810207148],[-96.282870997798284,30.623406755717269],[-96.282971103133889,30.623455512461987],[-96.283009318025563,30.623484808776936],[-96.283077795104134,30.62351713310926],[-96.283112124924571,30.623531143647426],[-96.283191059319904,30.623585144339017],[-96.283213810369034,30.623603288161291],[-96.283266109543263,30.623665285624497],[-96.283294734064668,30.623696356301878],[-96.283303427810893,30.623726797453799],[-96.283327047605098,30.623757645099317],[-96.283361399009323,30.623771722187257],[-96.283395910492857,30.623781427670792],[-96.283470246654531,30.623806688727768],[-96.28349604280811,30.623813945357369],[-96.283638758022221,30.62381924326354],[-96.283746408669799,30.623791503675022],[-96.283894110624658,30.623797119941173],[-96.283973459607466,30.623808237360322],[-96.28406148794727,30.623825367646646],[-96.284150633245076,30.623865534966512],[-96.284217960090757,30.623923634768005],[-96.284270277251437,30.623985618741358],[-96.284366228618524,30.624043233808266],[-96.284474640092526,30.62410846163624],[-96.284537232906928,30.624162150263089],[-96.284571564526061,30.624176160801255],[-96.284775662067091,30.62427462487409],[-96.28480971219841,30.624301344631419],[-96.28485606865263,30.624346596718112],[-96.284901642696639,30.624393419021146],[-96.284959012248578,30.624451185174109],[-96.284974167623716,30.62446130614444],[-96.284993039896847,30.624473871472048],[-96.285055589543788,30.624527533119192],[-96.285084253635375,30.624558627178942],[-96.285101247224759,30.624585066347777],[-96.28513549700557,30.624638237864417],[-96.285169230575491,30.624668900249617],[-96.285272573470479,30.62470677699622],[-96.285341054146272,30.624739100429167],[-96.285376452361334,30.624763709477634],[-96.285425800859969,30.624798334275738],[-96.28550183224371,30.624852777433773],[-96.285565033899161,30.624891423100735],[-96.285605050132915,30.624948685633399],[-96.285642979040233,30.62500115747747],[-96.285668141171755,30.6250497955117],[-96.28569185359612,30.62507849737483],[-96.28572362124811,30.625094638406892],[-96.285756096666489,30.625093505261134],[-96.285788388623189,30.62509667716995],[-96.285854649772261,30.625122466128971],[-96.285955061776633,30.625166568882094],[-96.286053525849525,30.625197682726935],[-96.28610391036716,30.625215429048865],[-96.286154296683435,30.625233175370795],[-96.286187973596043,30.625255997466354],[-96.286234494626171,30.625287566368172],[-96.286294173637145,30.625343017666182],[-96.28635783844345,30.625375339300547],[-96.286455940089525,30.625415059657314],[-96.286528698840357,30.625457628167055],[-96.286582577224124,30.625488000071186],[-96.286707571297313,30.625582171679923],[-96.286764850017789,30.625635393558639],[-96.286797536776874,30.62569259673603],[-96.286823750215888,30.625721407417075],[-96.28691570229779,30.625788974381692],[-96.287012220237727,30.625807095720916],[-96.287115847318489,30.625834060093837],[-96.287140722566278,30.625842386017325],[-96.287243753396467,30.62587687142053],[-96.287339001493706,30.625925121846933],[-96.287355942922375,30.625937505511502],[-96.287372801613458,30.625949857699823],[-96.287383033200399,30.625970868560785],[-96.287400419793528,30.626006783885998],[-96.287403373167081,30.626039217935613],[-96.287405536935921,30.62606296993016],[-96.287411833089607,30.62609118256205],[-96.287441862352011,30.626148151915743],[-96.28748933036826,30.626205670755155],[-96.287589517542187,30.626314411381031],[-96.287627107405058,30.626370320433978],[-96.287649961876184,30.626419725589926],[-96.287685022845494,30.626475182283912],[-96.287710770435694,30.626568247726482],[-96.287725961783678,30.626630228102613],[-96.287763559740426,30.626723663166558],[-96.287796525289366,30.626786206518261],[-96.287817639572381,30.626848373054031],[-96.287816348145896,30.626879082203914],[-96.287849153615525,30.626975243113009],[-96.287859145982793,30.627004873076487],[-96.287869137450684,30.627034500341949],[-96.287884327899349,30.62709648071808],[-96.287900810673818,30.627127751944272],[-96.28790894504175,30.627216428695306],[-96.287894350843601,30.627281303089717],[-96.287838657627901,30.627335927910792],[-96.287813665468263,30.627365895120022],[-96.287740413888969,30.627414842521034],[-96.287673300182632,30.627458856241276],[-96.28763689023026,30.627478209651713],[-96.287564714240148,30.627501565944556],[-96.287529164039654,30.627500448087233],[-96.287492535552019,30.627524923136718],[-96.28745634323559,30.627539158505385],[-96.287431351075952,30.627569123016656],[-96.287427474098592,30.627661255862336],[-96.287454514014598,30.627723608557744],[-96.287487479563481,30.627786148312168],[-96.287509887970941,30.627817606597318],[-96.28751452037875,30.627848501906897],[-96.287505203402361,30.627907411997512],[-96.287498363158875,30.627950498516725],[-96.287505208798336,30.627984046826327],[-96.287524530732469,30.628015952074577],[-96.287575926987415,30.628044572998704],[-96.287606412206117,30.628061587272498],[-96.287602538826093,30.628153658964266],[-96.287585246661763,30.628178119624579],[-96.287564766400806,30.628226822409999],[-96.287538120387921,30.628274635765877],[-96.287507203494613,30.628304416815411],[-96.287470576805617,30.628328889166937],[-96.287439659912366,30.628358668417889],[-96.287403249060674,30.628378022727645],[-96.287331502047152,30.628391142936948],[-96.287294657722214,30.628420732430925],[-96.287232941746822,30.628457796190389],[-96.287197661342987,30.628482053603932],[-96.287146296564288,30.628539629999977],[-96.287130388456603,30.628568725766115],[-96.287126657169438,30.628657396221911],[-96.287138833989957,30.628716973609471],[-96.287155656708137,30.62873521365924],[-96.287200599428104,30.628761195972459],[-96.28726796494459,30.628788684650146],[-96.287336393459782,30.628790837627093],[-96.287371493999217,30.628770803429859],[-96.287440459409652,30.628760288556521],[-96.287474405219598,30.628767698970194],[-96.287508354626823,30.628775109383866],[-96.287542393066929,30.628780407290037],[-96.287609399753933,30.628816338803063],[-96.287643616259857,30.628817415291508],[-96.28788551860174,30.628884221429701],[-96.287919734208344,30.628885297918202],[-96.287993680064233,30.628911993393842],[-96.288020235245597,30.628943573087497],[-96.288081135535947,30.629000154833307],[-96.288149200725002,30.629015130344044],[-96.288183591699351,30.629011982716861],[-96.288217807305898,30.629013059205363],[-96.288319208564587,30.629045847587861],[-96.288352536540287,30.629068034762042],[-96.288453280394549,30.62911778525762],[-96.288481243014928,30.629148099605175],[-96.288549029414128,30.629167232681709],[-96.288582889788472,30.629176755602828],[-96.28861639582999,30.629194719560701],[-96.28868411388072,30.629213762705035],[-96.288721736119214,30.629224342329564],[-96.288751832830769,30.62923280405073],[-96.288863544816707,30.629253231251653],[-96.28889722532665,30.629266974691177],[-96.288930908534553,30.629280719030021],[-96.289204449925364,30.629293551456271],[-96.289238666431288,30.629294627944773],[-96.289264709898418,30.62930861240261],[-96.289308789269171,30.629372936411926],[-96.28932709766741,30.629403108666565],[-96.289324611041934,30.629462222004008],[-96.28930621810747,30.629550431107589],[-96.289278049542304,30.629638334441609],[-96.289265240498423,30.629698019747877],[-96.289257169982363,30.629785658681271],[-96.289258327409868,30.629874484719721],[-96.289238822013999,30.629910163523277],[-96.289226515691098,30.629932677151373],[-96.289191056322181,30.629961156881961],[-96.289164130620122,30.630019503996948],[-96.289172661589021,30.630049366884805],[-96.289181196155255,30.630079232470678],[-96.289209164171552,30.630164422550138],[-96.289251527635884,30.630255330519162],[-96.289280024453547,30.630280381134753],[-96.289295573731692,30.630309698134113],[-96.289293596122548,30.630375927806881],[-96.289275757170401,30.630434139124247],[-96.289253324481308,30.630496513403443],[-96.289233095131181,30.630552758802821],[-96.289191653472017,30.630684115579527],[-96.289147981494125,30.630798534524786],[-96.289141720414023,30.630947406497683],[-96.289128978819292,30.6309768206238],[-96.289127208054197,30.631155650812673],[-96.28914016728487,30.631394571002716],[-96.289126173833836,30.631453759883186],[-96.289094944875785,30.631512406472439],[-96.289066957074397,30.63163078333406],[-96.289052963623362,30.631689972214474],[-96.289043014423555,30.631712939100908],[-96.289040964868605,30.63181086358054],[-96.289066694472353,30.631875989785158],[-96.28909960066602,30.6318949277088],[-96.289136113141069,30.6319012877143],[-96.289240977688905,30.631869801550181],[-96.289431177107076,30.631860876678161],[-96.289500532823297,30.631853120025539],[-96.289602475473828,30.631891107388753],[-96.289669679112365,30.631932973527967],[-96.289743951422167,30.632084349213414],[-96.289777749743337,30.632100349951259],[-96.289845850005918,30.632122368952196],[-96.289880317422671,30.632123453534632],[-96.289985181970508,30.632091966471137],[-96.290033298397987,30.632065619932462],[-96.290050251517869,30.632049290942064],[-96.290092970214346,30.631991005880252],[-96.290111321780046,30.631950513005847],[-96.290129588809464,30.631929088456729],[-96.290166877399429,30.63189575778307],[-96.290213469475987,30.631875221764119],[-96.290240626303842,30.631862573698868],[-96.290290195136379,30.631841728313191],[-96.290308783223736,30.631836148019886],[-96.290390026178727,30.631811753909346],[-96.290456252254216,30.631799641840075],[-96.29054231827331,30.631807081032036],[-96.290669350210294,30.631811074921245],[-96.290728453655163,30.631804464004858],[-96.290867628238402,30.631784192386647],[-96.290999483239545,30.631774146060025],[-96.291196569665942,30.631775611055673],[-96.291228983930409,30.631786090855485],[-96.291261203042041,30.631801295693265],[-96.291325979410374,30.631822307453604],[-96.291345532470302,30.631879637435361],[-96.291359555599001,30.63193684690799],[-96.291357563600627,30.632037787713784],[-96.29135419294164,30.632072630147832],[-96.291347035237436,30.632108505003544],[-96.291339878432609,30.632144377161353],[-96.291331638844042,30.632169018585387],[-96.291321088897121,30.632200555111581],[-96.291284699629159,30.632284563481846],[-96.291270559588611,30.632331424455742],[-96.291259248815265,30.632368915393158],[-96.291248509111369,30.632401021190219],[-96.291240457481081,30.632425090645484],[-96.291121237055393,30.632525420811589],[-96.291007520480662,30.632596812592851],[-96.290919779024534,30.632627892263486],[-96.290857633173175,30.632673245973592],[-96.290836530581373,30.632698543003414],[-96.2907677432367,30.632727185511271],[-96.290682128677247,30.632809646148303],[-96.290630521081653,30.632864792576186],[-96.290568375230293,30.632910144487653],[-96.290501155403945,30.632945878149826],[-96.29047261811678,30.632973364129498],[-96.290442918006249,30.633005101204503],[-96.290421013219145,30.633028510557381],[-96.290408882264046,30.633056511848622],[-96.290410775336966,30.633141723511756],[-96.290426018845665,30.633170526098979],[-96.290458425016254,30.633181138998395],[-96.290479155288722,30.633210134939816],[-96.290536066186462,30.633255386127246],[-96.29058586074882,30.633299157929855],[-96.290696185080833,30.63339547711962],[-96.290778279693825,30.633444026120969],[-96.290908048267795,30.633505263657071],[-96.290972589013734,30.633544037027718],[-96.291136676616304,30.633652145430233],[-96.291240534822805,30.633691279429058],[-96.291309625238966,30.63373427871403],[-96.291383777039641,30.63376927313351],[-96.29156529710076,30.633836221364561],[-96.291672490892722,30.633872254501],[-96.291742610133326,30.63389078862906],[-96.291774964143258,30.633908135652007],[-96.291840705484162,30.633918369037531],[-96.291938460891231,30.633954103599081],[-96.292003686920566,30.633976566865101],[-96.292092897868883,30.634014026326327],[-96.292134141677252,30.634021497893855],[-96.292161256236966,30.634029119648233],[-96.29219953947711,30.634039882734442],[-96.292232067955524,30.634053155828553],[-96.292252130931047,30.634058794577754],[-96.29228040022025,30.634066744584629],[-96.292319889451278,30.634080688572965],[-96.292354196788722,30.634091360827711],[-96.29239573647402,30.634095044450817],[-96.292418354423489,30.634101400859038],[-96.29247249450998,30.634116624582589],[-96.292523010328637,30.634133135236027],[-96.292550299356776,30.634146345377587],[-96.29257047384823,30.634158995241478],[-96.292595451618752,30.634178893641092],[-96.292627618569725,30.634200336176605],[-96.292650205042889,30.634229755698698],[-96.292681713690115,30.634259028631334],[-96.292704283975468,30.634288467039198],[-96.292721542864854,30.634316910796827],[-96.292749040535739,30.634346968837576],[-96.292789104433609,30.634369733376559],[-96.292826116032415,30.634396360503672],[-96.292860434161696,30.634422564949489],[-96.292895065255038,30.634444454448044],[-96.292932680298918,30.63448651484083],[-96.292945991164515,30.634506007646166],[-96.292970487797731,30.634543660461588],[-96.293019686109574,30.634572829072852],[-96.293057791284014,30.63459344423211],[-96.293092408887503,30.634602370003449],[-96.293135274173551,30.634626005985467],[-96.293185255794867,30.634655916537383],[-96.293218084646867,30.634671774282992],[-96.293289069035268,30.634693293260909],[-96.293328358616805,30.634700145195609],[-96.293408659981651,30.634722482556583],[-96.293431101663998,30.634731192490619],[-96.293460968149134,30.634740377266667],[-96.293485730082352,30.634746613165703],[-96.293551815863566,30.634754983155972],[-96.293595296285844,30.634754991249906],[-96.29362804329952,30.634751929058325],[-96.293662071847109,30.634742621974453],[-96.293686442575222,30.634725862208825],[-96.293716078833938,30.634700751338642],[-96.293748079410307,30.63466697280262],[-96.293779703170742,30.634630916283811],[-96.293796596036032,30.634604199224441],[-96.293807530892821,30.634575174504732],[-96.293834247052814,30.634517277950067],[-96.293836215668762,30.634501533519028],[-96.293843987609932,30.634458845399422],[-96.293857346139589,30.634429896222798],[-96.293880405656182,30.634401253714941],[-96.293915238197656,30.634381369704499],[-96.293949543736403,30.634374056417641],[-96.293988152531199,30.634364779910698],[-96.294062426639641,30.634368426661638],[-96.294119400489876,30.634377293976968],[-96.294164657073225,30.634385829442522],[-96.294195908514325,30.63440305955362],[-96.294219676696684,30.634418203237544],[-96.294252574796474,30.634444410381263],[-96.294298395254714,30.634479219540424],[-96.294351707964893,30.634512553811362],[-96.294384413609748,30.63454077004053],[-96.294392988645484,30.634570489936209],[-96.294403881234075,30.634600200838634],[-96.294427051367279,30.634630413562775],[-96.294444112405813,30.634645138162625],[-96.294459668878574,30.63465856234285],[-96.294487585633533,30.634688836220846],[-96.294508259248744,30.634718905053489],[-96.294573907959432,30.634773388680969],[-96.294595188617052,30.634794670237909],[-96.294637256204396,30.634825695949132],[-96.294670419604131,30.634845616831797],[-96.294704108208009,30.634852968789517],[-96.29477166348147,30.634863480964952],[-96.294805441118172,30.634868737502302],[-96.294839111735598,30.634878272114634],[-96.294852550304938,30.634892838433814],[-96.294866842330862,30.634908331954023],[-96.294900693712009,30.634913683819491],[-96.294943632742445,30.634890740315484],[-96.294970359694332,30.634873917597247],[-96.295004403530356,30.634872889672181],[-96.295038093033554,30.634880238931942],[-96.295071077468208,30.634904349755971],[-96.295137291852484,30.634946307626024],[-96.295180929656169,30.635006394029915],[-96.295194253112243,30.635036181374744],[-96.295219697630898,30.635066350032105],[-96.295236772159285,30.635098491802012],[-96.295248199844536,30.635113031141543],[-96.295271181120086,30.635201857179993],[-96.295317212919031,30.635261984952706],[-96.295350562478461,30.635277770752566],[-96.295417686976634,30.635298828378268],[-96.29545887142973,30.635358789776376],[-96.295467339446134,30.635388424236453],[-96.295484279076163,30.63544769315655],[-96.295507299022574,30.635477741304783],[-96.29556266398572,30.635508122202111],[-96.295285674594197,30.635755233417342],[-96.29528600734335,30.635755540086166],[-96.29528314570058,30.635758839698724],[-96.295135209921966,30.635890623653438],[-96.294051747190338,30.6368557706773],[-96.29399148721734,30.636909450310952],[-96.293440310721735,30.637426334757606],[-96.293192930609223,30.637658321174627],[-96.293148630904568,30.637699100033501],[-96.292387547247472,30.638399677303312],[-96.291932528063683,30.638808154772562],[-96.291672621294424,30.639041473984889],[-96.291571710166238,30.639132061795294],[-96.290838329225494,30.639774514981923],[-96.290748468067306,30.639853232640633],[-96.290617770493668,30.639743015327952],[-96.289442112863185,30.638751560436219],[-96.288979949465045,30.639161320338701],[-96.288620753045279,30.63947998341456],[-96.289384540064418,30.640124094051771],[-96.289944788021501,30.640596572673758],[-96.289942832895406,30.640598381210395],[-96.289136614063466,30.641338714809876],[-96.288332093151553,30.642081488270094],[-96.287527086605735,30.642795727141163],[-96.287738141302157,30.642964840155287],[-96.286138018954375,30.644055676428366],[-96.286084925678722,30.644199306253029],[-96.285133161466206,30.645099425098465],[-96.28513247528349,30.645100075308278],[-96.285065000049656,30.645163925374902],[-96.285000971017951,30.645224514499773],[-96.284969616154854,30.645254184932753],[-96.284933247571303,30.645288597490833],[-96.284848552118945,30.645368742373591],[-96.284847830862645,30.645368483368884],[-96.284847892915877,30.645368743272911],[-96.284002267590552,30.646166743200695],[-96.283669748659918,30.646521182206868],[-96.283262941231726,30.646906189169329],[-96.283058266325895,30.647099893245525],[-96.282861774351375,30.64729646076313],[-96.282455842862817,30.647702545136383],[-96.282247544588472,30.647947648165484],[-96.281505224386535,30.648912311354138],[-96.280836318541219,30.648437479206336],[-96.280361825437865,30.648102087841153],[-96.279555104784208,30.648814316727396],[-96.279878268067591,30.648949373314963],[-96.280136959852769,30.649057436751377],[-96.280297843170899,30.649124643087873],[-96.280755973109649,30.649316017919944],[-96.281182749084564,30.649676575013984],[-96.281072376189172,30.649774437440385],[-96.280738918366353,30.650069375501346],[-96.280410516532072,30.650359838535792],[-96.280071633998659,30.650658945853706],[-96.279931624844551,30.650783043302852],[-96.279738481046024,30.650954235549591],[-96.279624143039712,30.651049864060042],[-96.279286914359602,30.651322355942],[-96.278936488128409,30.651602206976349],[-96.278752629829967,30.651749035689477],[-96.278586060098576,30.651882058010642],[-96.278235630270103,30.652161909944255],[-96.27788356187682,30.65244306229755],[-96.27776675163426,30.65253634627544],[-96.277416315510493,30.652816194611717],[-96.277089239276961,30.653077383814264],[-96.276758836451108,30.653341229614114],[-96.276551491458122,30.653506806493965],[-96.276435086809784,30.653599759521342],[-96.275489774333607,30.653187107399162],[-96.275290126637969,30.65352896039326],[-96.274917300992627,30.654165458269347],[-96.27480489023344,30.654359040037718],[-96.274727858803601,30.654491876199188],[-96.275535830414185,30.654851317234545],[-96.276125718227263,30.655118559773769],[-96.276402924355466,30.655237327840439],[-96.2767644500193,30.655398154501256],[-96.27720349724359,30.655585510263165],[-96.277781281980538,30.655825264124701],[-96.27797779014287,30.655906406355598],[-96.278539526477914,30.656063427085542],[-96.279157955175435,30.656238619516728],[-96.27971582532507,30.656350335999264],[-96.279791409745712,30.656402753884038],[-96.280113444379936,30.656459489413976],[-96.280435505094431,30.65651619256829],[-96.28076422349011,30.65657725203863],[-96.281187535276501,30.65666400424044],[-96.281609718413733,30.65677183295378],[-96.281900209327148,30.656858903515626],[-96.28192137846878,30.656865249132011],[-96.28213710334461,30.656938509704503],[-96.282309682345954,30.65699711672363],[-96.282380057893306,30.657022902984636],[-96.282564746266019,30.657090575169946],[-96.282815171482923,30.657182832122032],[-96.282959383168986,30.657235035068879],[-96.283074754496283,30.65727679508808],[-96.283317030056878,30.657364834219777],[-96.283534432168267,30.657444848700834],[-96.283783238605565,30.657537673125148],[-96.284144627572459,30.65767474149618],[-96.284453985363086,30.657792029278767],[-96.284669795674517,30.657871453804603],[-96.284976920448457,30.657976744631128],[-96.285244082948054,30.658058305946099],[-96.285503143455287,30.658127526764019],[-96.285809436356374,30.658190678057395],[-96.286154460360024,30.658247133898158],[-96.286413278050304,30.658283578024736],[-96.286530761885103,30.6582753600199],[-96.286620014202242,30.658241608463527],[-96.286656408866122,30.658247294876787],[-96.287750067211789,30.658418170562186],[-96.287610567973275,30.658251916492816],[-96.287628985189485,30.658137237643473],[-96.287727863849796,30.657883283486797],[-96.287784370052577,30.657684925419005],[-96.288426747696235,30.657021961394435],[-96.288984670905791,30.656510453994315],[-96.291578610664317,30.654229945955308],[-96.29275796360912,30.653184679229639],[-96.293093033017044,30.652886723943197],[-96.29542572691571,30.650817065555202],[-96.295674050417063,30.650578560851955],[-96.296238477523673,30.65003561225376],[-96.29647271944043,30.649827649426527],[-96.297005615416765,30.649395010771173],[-96.29727829076046,30.649181784212033],[-96.297375000256011,30.649108454391694],[-96.297647049671582,30.648907090789635],[-96.297921972421079,30.648710685150036],[-96.298001088479396,30.648656229401524],[-96.298219385416246,30.648509656095825],[-96.298439582620631,30.648367064988122],[-96.298675208593977,30.648219959283722],[-96.299625247007498,30.64756513682164],[-96.299838254132112,30.647433970701229],[-96.299856393457731,30.647422229152596],[-96.300326014933603,30.647102925759441],[-96.300639729939576,30.646903957951338],[-96.302509074234365,30.645718334033916],[-96.30407024874296,30.64472812200529],[-96.304696513233466,30.644330886960915],[-96.305383031401732,30.643895428031612],[-96.309825642739213,30.647623450661797],[-96.310271389013337,30.647997301534303],[-96.310627988191072,30.648296381872569],[-96.313024203903865,30.646125981428952],[-96.313475381183878,30.645717307008169],[-96.313929507340845,30.645305922930049],[-96.309993473320105,30.640606598315912],[-96.311413882344766,30.639690601939776],[-96.313133269185016,30.638645183228675],[-96.316585189155091,30.637553111287104],[-96.319363569972722,30.63676286621336],[-96.321829095536316,30.636041915701924],[-96.32547768374809,30.634952405029537],[-96.326500067224288,30.634601587593238],[-96.326911587999348,30.634424047931532],[-96.32796956394418,30.633833295869977],[-96.329049878149306,30.633063819739561],[-96.32505087899483,30.629764991361299],[-96.323409117137032,30.631267832244703],[-96.319868854963659,30.628632735012786],[-96.318205387068929,30.630201375692991],[-96.317104533247573,30.629424915427535],[-96.316309815845273,30.628876310993007],[-96.315685617097529,30.628371937914665],[-96.315050504177407,30.627682162401925],[-96.314443056202037,30.626942701144799],[-96.313877675814069,30.626382374047353],[-96.314302910350989,30.62598036899891],[-96.314715067846066,30.625338994099366],[-96.314890688354524,30.625009623695234],[-96.315226755110643,30.624640847697037],[-96.319611261250657,30.620635592858378],[-96.319899946325449,30.620169011091036],[-96.322439940251002,30.617885006487938],[-96.3090996416351,30.607412874304771],[-96.301008169591341,30.600813416206222],[-96.294155683637825,30.595145447104755],[-96.292691948874278,30.593959753939544],[-96.291122254188622,30.592943759247134],[-96.290195885931382,30.592295908329561],[-96.289537516543135,30.591645907132943],[-96.288783776749881,30.590610762276924],[-96.287575183248066,30.58888125806368],[-96.286739508921187,30.587692685269246],[-96.285111153257105,30.584927457036542],[-96.283388818439164,30.58563489433493],[-96.282044534327781,30.586066640862839],[-96.281231131711309,30.586157911258624],[-96.277008767940231,30.585757531285083],[-96.267590439746982,30.584910756626186],[-96.264822454192881,30.584595346398146],[-96.263300791398365,30.584394013373071],[-96.259202842537093,30.583773869668391],[-96.256236480928806,30.583075125216908],[-96.254062633383796,30.582552389781029],[-96.246926656839719,30.580794516453807],[-96.246096194084032,30.580505124511944],[-96.237412928563742,30.577373219298693],[-96.232670955400238,30.581330041148533],[-96.229211050349647,30.584432229164122],[-96.227631722126262,30.583392921346274]]]},"properties":{"OBJECTID_1":3,"Enforce_Of":"Vincent Rosas","CE_Area_ID":5,"OBJECTID":5,"CE_Area_ID_1":5,"PNT_COUNT":245,"PERCENTAGE":24.5,"Shape_Length":0.49089564868699825,"Shape_Area":0.0029472539941424146}},{"type":"Feature","id":4,"geometry":{"type":"Polygon","coordinates":[[[-96.352194740394907,30.620108384194623],[-96.350356942518829,30.617992495257511],[-96.349324119712321,30.616627258741062],[-96.348651996092713,30.615788900837174],[-96.347791785562436,30.616384091053021],[-96.345491167783109,30.618308723868552],[-96.344639837158695,30.619077497628439],[-96.343432053946117,30.620141489138462],[-96.342180454864092,30.621246904321254],[-96.340627264536579,30.622706281869455],[-96.345688346839722,30.62693286975616],[-96.345807514205376,30.626659749248063],[-96.345888497256283,30.626474143566895],[-96.345958630886059,30.626331000275513],[-96.346278794031093,30.625677537588331],[-96.346508283030801,30.625348753542198],[-96.346897043763533,30.624750242130006],[-96.347322897034019,30.624115459261077],[-96.347341262988834,30.624090056111243],[-96.347363108420666,30.624064812141398],[-96.34772109075567,30.623688190457699],[-96.347910756875876,30.62385487440298],[-96.348220295430281,30.623580015505354],[-96.348520873139762,30.623313112909898],[-96.348821449949924,30.623046209415065],[-96.3491091862399,30.622790704827196],[-96.349612649204346,30.622343634751019],[-96.34971084258126,30.622256439183388],[-96.350145080231243,30.62187982559351],[-96.350223653099079,30.621811681264148],[-96.350302224168274,30.621743534236771],[-96.350380797036109,30.621675388108713],[-96.350459369903945,30.621607242880032],[-96.350560388051406,30.621519641718123],[-96.35066139810499,30.621432035160353],[-96.35076241805109,30.621344418710009],[-96.350941160106402,30.621189392676399],[-96.351041151228117,30.621103418388088],[-96.351184531940532,30.620978547521986],[-96.351297454413952,30.620879605909124],[-96.351347151849552,30.620836324237018],[-96.35140709256325,30.620784120390908],[-96.351511574899234,30.620693126986282],[-96.351578539318098,30.62063495703768],[-96.351620147351866,30.62059881328463],[-96.351705437256101,30.620525945715883],[-96.351962396047725,30.620305531774932],[-96.352176153206869,30.620124424502649],[-96.352194740394907,30.620108384194623]]]},"properties":{"OBJECTID_1":4,"Enforce_Of":"Northgate Group","CE_Area_ID":6,"OBJECTID":6,"CE_Area_ID_1":6,"PNT_COUNT":3,"PERCENTAGE":0.29999999999999999,"Shape_Length":0.032580873116049805,"Shape_Area":5.8108103835648406e-05}},{"type":"Feature","id":5,"geometry":{"type":"MultiPolygon","coordinates":[[[[-96.301091692327702,30.5509092471641],[-96.301783171156387,30.5509243584724],[-96.301927886462749,30.550924334190711],[-96.30207240391826,30.55091783928691],[-96.302216341311066,30.550904889948754],[-96.30235417770308,30.550886327941726],[-96.30249077482938,30.550861847496321],[-96.302625794544724,30.550831508867077],[-96.302702562473257,30.550811444092915],[-96.30277863522582,30.550789488044472],[-96.302913967005964,30.550745119092028],[-96.303046465022305,30.550694763352681],[-96.304969654425975,30.549911897216361],[-96.305075481248423,30.549871224477499],[-96.305183352229903,30.549834525842755],[-96.305292911238837,30.54980193081451],[-96.305403935243362,30.549773501445998],[-96.305574606782614,30.549733260381686],[-96.3060604322431,30.549618709236086],[-96.313098111088891,30.547959125513273],[-96.314475837389921,30.547634184270237],[-96.315815626689812,30.547317569850009],[-96.315835972951731,30.547307155700707],[-96.315853551100474,30.547290251144204],[-96.315863568648751,30.547269225894127],[-96.315864345662987,30.547243524169346],[-96.314841998159636,30.544824034002033],[-96.31344295522814,30.54150004079429],[-96.3131206364082,30.540733359756814],[-96.312684980527365,30.539698541354653],[-96.312323291186885,30.538838388380952],[-96.312239930328474,30.538647974024855],[-96.312150811110996,30.538459524687369],[-96.312055996487004,30.538273168971614],[-96.312048768635748,30.53819588033565],[-96.312033991875182,30.538037851465731],[-96.310878576185303,30.536601426414734],[-96.310056181247717,30.535761653877273],[-96.308244462811672,30.534075930459892],[-96.307674485089365,30.533545575068274],[-96.30589012043265,30.533473859531057],[-96.305710434988555,30.534109630754926],[-96.304159309504485,30.532845934892009],[-96.303191750498854,30.532053335393186],[-96.305006538321038,30.530386802608916],[-96.304883394153308,30.530152138010806],[-96.304711479750949,30.529779326754579],[-96.30456891922023,30.529410288154338],[-96.304379510306092,30.528846228870407],[-96.303547169766034,30.529590795578827],[-96.302871332845712,30.530196354078555],[-96.302892307733771,30.530217363140821],[-96.302001200994596,30.531029350224401],[-96.301673927809475,30.531121033409022],[-96.3012033575489,30.531253260729443],[-96.300927468028192,30.531464946749963],[-96.300017673376885,30.532163267620774],[-96.296221419183098,30.528931813752251],[-96.295272134401444,30.529786170595344],[-96.296529240931704,30.530855999604739],[-96.296061647427052,30.531267786579122],[-96.297487804018886,30.532481442364713],[-96.296814323322337,30.533075358241263],[-96.297288139236173,30.53347852071721],[-96.29723878174434,30.533521985850996],[-96.297118661097272,30.533425390569391],[-96.296404014833399,30.533836487763779],[-96.297417285479298,30.534873996038129],[-96.292364984156677,30.539277868179113],[-96.299356718437764,30.545426926011885],[-96.30148105200891,30.543526404020383],[-96.301091692327702,30.5509092471641]],[[-96.304477831386748,30.546541239086991],[-96.304460224459774,30.54715318097459],[-96.304416986854449,30.548655917536621],[-96.301774996319011,30.548602181245712],[-96.301787375486981,30.5481739582616],[-96.30184043908497,30.546355357313928],[-96.301859300566207,30.545708897647557],[-96.304500002373175,30.545766691679546],[-96.304477831386748,30.546541239086991]],[[-96.301416144339555,30.542126618248858],[-96.301411408509637,30.542261698218852],[-96.29915964550122,30.542276721393648],[-96.299225053193595,30.54159018973553],[-96.301432658590272,30.541576003829562],[-96.301416144339555,30.542126618248858]]],[[[-96.371781413381484,30.610314273385086],[-96.374063372926287,30.60839087803663],[-96.374388896030666,30.607867415948533],[-96.375658635337686,30.609086438888085],[-96.375806045012951,30.609082986390774],[-96.375820702163651,30.608939800831195],[-96.376192222892712,30.605166620543173],[-96.37619903435791,30.605085632096291],[-96.376203530068835,30.605004523140281],[-96.376205882695274,30.60487019680221],[-96.376201889705385,30.604735899242428],[-96.376191559193046,30.604601854392115],[-96.376174906446749,30.604468287081829],[-96.376151961144046,30.604335419444112],[-96.376122761056536,30.604203473611449],[-96.376239931027953,30.604098290703632],[-96.379467225531982,30.601201026706065],[-96.381992288013635,30.598933240476697],[-96.38291622180617,30.598103407246526],[-96.385123839793323,30.596120542429162],[-96.385583125360938,30.595708000923537],[-96.385608515920239,30.59568519411647],[-96.387662021585015,30.593840621647416],[-96.387376457157757,30.593591995074576],[-96.387042763712543,30.59330146189302],[-96.38699568780072,30.593260476190096],[-96.385488510386381,30.591949480484175],[-96.385841103983751,30.59167333105944],[-96.387450215954686,30.590258042774508],[-96.384106621123635,30.587423337417135],[-96.384037100831506,30.587483598289452],[-96.383967519385465,30.587423884204952],[-96.380906441179263,30.589568799660412],[-96.377465018995395,30.592642869472911],[-96.374909485684157,30.594673411848532],[-96.371036317871756,30.597243704833147],[-96.364074764838506,30.602262287874339],[-96.366496721846204,30.605204651973168],[-96.371781413381484,30.610314273385086]]]]},"properties":{"OBJECTID_1":5,"Enforce_Of":"Francesca Spell","CE_Area_ID":2,"OBJECTID":2,"CE_Area_ID_1":2,"PNT_COUNT":48,"PERCENTAGE":4.7999999999999998,"Shape_Length":0.17653144305228077,"Shape_Area":0.00047536835606836847}},{"type":"Feature","id":6,"geometry":{"type":"Polygon","coordinates":[[[-96.291122254188622,30.592943759247134],[-96.292691948874278,30.593959753939544],[-96.294155683637825,30.595145447104755],[-96.301008169591341,30.600813416206222],[-96.3090996416351,30.607412874304771],[-96.322439940251002,30.617885006487938],[-96.323442286832062,30.618571336697869],[-96.323506868946822,30.618516183075428],[-96.327878424849416,30.614782624218776],[-96.327436785779014,30.614380900658091],[-96.323106613079688,30.610936976560254],[-96.319908382865549,30.608475018607294],[-96.317906348998747,30.607281879055506],[-96.317027160974646,30.606667327335344],[-96.315476656022838,30.60640394198839],[-96.313926310250963,30.60628362079251],[-96.313233624532131,30.606200988384956],[-96.312388432679995,30.605760434796252],[-96.311517909623774,30.605070110697113],[-96.312410171092495,30.603913844248552],[-96.31301634472851,30.602473637548371],[-96.313447447341787,30.601666799083546],[-96.313832100870741,30.601036127015675],[-96.314602283868282,30.600231332709882],[-96.317459443498478,30.598448886307096],[-96.32197538825352,30.596162559654431],[-96.323243176031724,30.595440580318552],[-96.321592444335806,30.593547267292593],[-96.319911909107304,30.592000825477783],[-96.319057147569254,30.591545994252272],[-96.318555825890598,30.591400575676062],[-96.317778753186872,30.591175166001165],[-96.316905504285558,30.590566030897662],[-96.316431096617805,30.589881575774143],[-96.316437374784982,30.589853632039535],[-96.320068442404647,30.588216343409556],[-96.320944974730764,30.587701235123973],[-96.323177794419621,30.5867846011285],[-96.324498431757206,30.586554562643016],[-96.326646896836792,30.586626571359204],[-96.327514598719745,30.586673264159856],[-96.32793348674096,30.586665018276051],[-96.327968286007547,30.586698330063939],[-96.335744535781657,30.586778790608776],[-96.344087527517331,30.586387822040422],[-96.346002635613104,30.586718410126593],[-96.348604787081229,30.588171644405918],[-96.347959606250811,30.58748013050365],[-96.342287739487574,30.58119604216364],[-96.340538885461172,30.579746833249828],[-96.339433419017041,30.578830739746877],[-96.337315652295501,30.57969501071625],[-96.337073687001009,30.579792923504669],[-96.335498054091886,30.581173341476585],[-96.33381080632364,30.582651715404381],[-96.333258807847642,30.58314493149345],[-96.333233501824623,30.583157340339028],[-96.333123331276681,30.583019647838512],[-96.332209477085655,30.581877185983387],[-96.331816208950841,30.582047908784034],[-96.331600701710954,30.58214154619543],[-96.331005817264611,30.582351331948473],[-96.329039207693256,30.577712903128031],[-96.329686722264398,30.577160373152765],[-96.331006170698174,30.576036282648374],[-96.331500739367584,30.576351214437068],[-96.332424211807904,30.575615084268748],[-96.334097592030218,30.574280848282569],[-96.333898784301425,30.57408976752879],[-96.33819042374904,30.570225483219531],[-96.338575975700678,30.569878735215525],[-96.338961265949649,30.569531772273535],[-96.339346553500604,30.569184809331546],[-96.33973131494821,30.568836988436317],[-96.341576933328781,30.567175321883667],[-96.341744745023902,30.567005291561031],[-96.340300062397944,30.565821618273105],[-96.344336047070897,30.562078026579741],[-96.34314450201714,30.56111791306131],[-96.342661331355316,30.56076152342564],[-96.341081780100012,30.559468235370844],[-96.338610350487272,30.557364562824375],[-96.334482983902546,30.561019618060982],[-96.334308177280548,30.560804015492977],[-96.333983744154409,30.560403808189221],[-96.333708826800887,30.560064675644298],[-96.33343890608063,30.559731705254023],[-96.333253329177751,30.559502607459422],[-96.330490402310204,30.556092166020676],[-96.329863788882733,30.555318697799692],[-96.331827249927585,30.553607374280944],[-96.33298796891961,30.552590742868517],[-96.332615096509471,30.552263895062765],[-96.331673126813314,30.55148503810409],[-96.330516143605109,30.550480287635196],[-96.32868727329901,30.552086801464782],[-96.32837280915777,30.552363025533225],[-96.32667826878702,30.553864489554599],[-96.326246378367614,30.554230811302943],[-96.324130968769168,30.556088810650124],[-96.322061150301806,30.557906821642575],[-96.321692481322941,30.558230597364229],[-96.321531059310928,30.558372234291255],[-96.321279545914251,30.55859307001424],[-96.321031740422427,30.558810703251424],[-96.320814027145616,30.559002112257701],[-96.322456796244126,30.562929341016343],[-96.322596161483602,30.563181028881445],[-96.323269175432074,30.564773780385735],[-96.323821936533136,30.566081909052912],[-96.323781147781688,30.566119170663228],[-96.323751613146385,30.566146153022601],[-96.323683552453929,30.566208332148847],[-96.321897279435859,30.567839322826558],[-96.318799032249501,30.565218205555766],[-96.318304852087238,30.564801045132185],[-96.318228221755021,30.564735851478417],[-96.310730858941952,30.571386907279987],[-96.31072878960191,30.571388329108174],[-96.309508373612516,30.570331491705019],[-96.307232688637612,30.568359451127833],[-96.304253216712539,30.565782718098035],[-96.303945424641597,30.565513976388957],[-96.30293454169572,30.564605547807844],[-96.302179144451941,30.563714051662203],[-96.297641346171133,30.567789413150933],[-96.296896207493944,30.568337953733646],[-96.291410044437953,30.573149452585199],[-96.288535971258057,30.575686454466336],[-96.284996154249086,30.578915432501276],[-96.28274374013148,30.580905902885149],[-96.282476411257335,30.581082221267536],[-96.284425173782722,30.583988241064503],[-96.28482328476673,30.584588606878754],[-96.284988427274072,30.58483633682755],[-96.28504728340539,30.584922196002594],[-96.285126469610873,30.584919400010335],[-96.285111153257105,30.584927457036542],[-96.286739508921187,30.587692685269246],[-96.287575183248066,30.58888125806368],[-96.288783776749881,30.590610762276924],[-96.289537516543135,30.591645907132943],[-96.290195885931382,30.592295908329561],[-96.291122254188622,30.592943759247134]]]},"properties":{"OBJECTID_1":6,"Enforce_Of":"Mark Szydlowski","CE_Area_ID":3,"OBJECTID":3,"CE_Area_ID_1":3,"PNT_COUNT":132,"PERCENTAGE":13.200000000000001,"Shape_Length":0.29631327054190465,"Shape_Area":0.0016796364511590808}},{"type":"Feature","id":7,"geometry":{"type":"Polygon","coordinates":[[[-96.341507966119707,30.633261789300207],[-96.341512954659095,30.633259284688279],[-96.341596101478842,30.633205462062449],[-96.34162591400468,30.633196716155567],[-96.341627312450498,30.633196306064747],[-96.341646896087354,30.633190559396837],[-96.341713107773671,30.633179819692998],[-96.341884783855676,30.633209994645597],[-96.342026418084686,30.633207319162523],[-96.342112428345843,30.633197938334263],[-96.34215568123966,30.633163898095461],[-96.342175111092445,30.633115113471774],[-96.342152980575577,30.633028115754996],[-96.34210771679767,30.632955009865839],[-96.342061129217711,30.632865492248698],[-96.3420383385984,30.632771458236277],[-96.342043019569644,30.63263568578833],[-96.342069004580878,30.632536259440883],[-96.342110534373603,30.632487005371047],[-96.34211087611601,30.632486604273424],[-96.34211511731877,30.632481616633356],[-96.342187695305881,30.632439379973448],[-96.342321479352734,30.632385890996147],[-96.342417831817443,30.632329748119446],[-96.342417945132013,30.632329203130269],[-96.342477263514866,30.632279868121486],[-96.342520360825972,30.632259585711381],[-96.342594086347958,30.632224889866848],[-96.342615465031656,30.632218207004712],[-96.34262337277039,30.632213890258868],[-96.342723798264615,30.632147672277313],[-96.342913559712997,30.632081639556077],[-96.343224535383968,30.631965965157235],[-96.343335669105784,30.631961434372727],[-96.343591826601482,30.631927726883134],[-96.343745557611385,30.631960918161894],[-96.343833043660027,30.631956561845925],[-96.344014763370581,30.631907942697467],[-96.344196512758799,30.631960602499873],[-96.344324231777819,30.631856160633333],[-96.344353401288402,30.631744341628121],[-96.344438049076643,30.631539981484991],[-96.344477688494464,30.631403553431312],[-96.344463402763779,30.63134137070773],[-96.344472147771341,30.631269720821024],[-96.344512565102775,30.631153325165883],[-96.344539237195988,30.631059016860206],[-96.344580778679983,30.630930358049625],[-96.344601479274786,30.630850680814319],[-96.344629582189441,30.630737127016857],[-96.344655645441662,30.630576568354002],[-96.344716932440463,30.630464913924698],[-96.344748022902877,30.630408270125599],[-96.345052107968399,30.63018697125176],[-96.345236866488165,30.630137867368717],[-96.345402666399877,30.630103995303216],[-96.34570490335858,30.630047665367499],[-96.345830963128435,30.630073668365128],[-96.34588796036104,30.630042639955946],[-96.34602476073411,30.629978427462504],[-96.346177818151773,30.629898128795674],[-96.346245188164858,30.629851711187598],[-96.34640025376865,30.62984499145324],[-96.346523826913028,30.629884892573784],[-96.346657941910451,30.629962183008388],[-96.346799736218827,30.630029227466935],[-96.346860275880999,30.630109189787333],[-96.346904847180895,30.630173742224486],[-96.347002422723619,30.630245992858363],[-96.347084738569777,30.630268106288099],[-96.347164028197312,30.630314063443336],[-96.347208452907751,30.630378373063536],[-96.34720866065112,30.630378674336384],[-96.34724936126895,30.63043760511141],[-96.347314565714612,30.630474156257378],[-96.347329489064634,30.630476141960457],[-96.347329659036518,30.630476164443508],[-96.347418824119416,30.630488063373491],[-96.347541711980398,30.630495449505418],[-96.347658730865703,30.630472470927828],[-96.347715222679369,30.630423679109526],[-96.347796011476703,30.630385132368019],[-96.347882194407703,30.630363839119923],[-96.347982090201242,30.630378601491316],[-96.348048649925204,30.630411617402274],[-96.348181749588036,30.630495780455931],[-96.348317725282755,30.630538183490444],[-96.348454348489383,30.630561154873476],[-96.348489713429501,30.630565332224364],[-96.348517694036332,30.630565016562343],[-96.34865315441948,30.630550752415331],[-96.348696413608593,30.630550248794975],[-96.348739669200313,30.630563668478544],[-96.348825825151664,30.630597539644782],[-96.34908918261965,30.630676327450601],[-96.349446269229929,30.630752103426858],[-96.349607850421933,30.630787787626332],[-96.349694027957014,30.630802728063486],[-96.349734771742305,30.630800716280078],[-96.34986836603224,30.630798527330228],[-96.349989575758286,30.630827182428561],[-96.350052611938452,30.630870790554582],[-96.350093854847501,30.630903627500459],[-96.350135746167723,30.630933814144271],[-96.350157545734135,30.630943706686764],[-96.350168772870518,30.630948401147862],[-96.350178821895099,30.630950061296346],[-96.350187535426357,30.630945543102371],[-96.350202501044578,30.630936047160901],[-96.350202528923546,30.63093602917445],[-96.349602834003576,30.630432534733757],[-96.349590460231525,30.630422145765465],[-96.345620356294376,30.627088697085753],[-96.345688346839722,30.62693286975616],[-96.340627264536579,30.622706281869455],[-96.342180454864092,30.621246904321254],[-96.343432053946117,30.620141489138462],[-96.344639837158695,30.619077497628439],[-96.345491167783109,30.618308723868552],[-96.347791785562436,30.616384091053021],[-96.348651996092713,30.615788900837174],[-96.349324119712321,30.616627258741062],[-96.350356942518829,30.617992495257511],[-96.352194740394907,30.620108384194623],[-96.352723048030214,30.619652459393535],[-96.352800350155974,30.61958644645739],[-96.355379924144131,30.622447075672028],[-96.35618894076697,30.623342024315036],[-96.356920831531113,30.624151636289014],[-96.35926346203911,30.626742914953638],[-96.360718308802859,30.628352353378432],[-96.363216070565159,30.631114906128062],[-96.363373263964945,30.63097108834512],[-96.366310489337593,30.628283650570097],[-96.371192870954189,30.632435615411396],[-96.371355613170977,30.632294449729102],[-96.375733000277705,30.6284971855967],[-96.375690589149315,30.628001593498766],[-96.37571396162997,30.627250309754061],[-96.375853858368828,30.62658554528673],[-96.376122643245367,30.625775016004241],[-96.376269166189047,30.624878388327033],[-96.37639649849956,30.624099177035419],[-96.376454314115279,30.623745372051303],[-96.376420663282943,30.623043636454724],[-96.376354836506437,30.62197488753111],[-96.376309384770252,30.621236907457387],[-96.376093566364943,30.620555365237976],[-96.375879901835958,30.619988668242513],[-96.375724213901321,30.619606542707857],[-96.376518343146984,30.618899890517582],[-96.381923590601161,30.614136183438177],[-96.378695119783913,30.611599481031249],[-96.375799717383018,30.60914480309026],[-96.375806045012951,30.609082986390774],[-96.375658635337686,30.609086438888085],[-96.374388896030666,30.607867415948533],[-96.374063372926287,30.60839087803663],[-96.371781413381484,30.610314273385086],[-96.366496721846204,30.605204651973168],[-96.364074764838506,30.602262287874339],[-96.371036317871756,30.597243704833147],[-96.374909485684157,30.594673411848532],[-96.377465018995395,30.592642869472911],[-96.380906441179263,30.589568799660412],[-96.383967519385465,30.587423884204952],[-96.383670367193645,30.587168871546226],[-96.382814078606827,30.586445756366629],[-96.382314545679719,30.58602390417991],[-96.380586672836671,30.584564688509602],[-96.379958248174603,30.585110163303455],[-96.379786667420717,30.585260752082092],[-96.378590777742147,30.586310207849863],[-96.377703272787755,30.585475965243631],[-96.37640811234445,30.586539768795319],[-96.37562042764057,30.585875779543642],[-96.375989772010314,30.585834602285104],[-96.376515119976773,30.586119034465924],[-96.37672571062302,30.585827633438612],[-96.376343804522946,30.585612547081439],[-96.376114217497104,30.585483226369831],[-96.376493244867333,30.584958699484446],[-96.376188773992681,30.584798873769046],[-96.376168152538185,30.58476677426728],[-96.376069823363594,30.584762057323132],[-96.375925726790797,30.584800272214864],[-96.375847039709072,30.584751644073151],[-96.375835842250297,30.584712487591275],[-96.375873913250473,30.584560137040739],[-96.375975862196242,30.584503203659949],[-96.376172641953815,30.584435250886145],[-96.376395884262593,30.584419837405619],[-96.376576316144053,30.584418735736108],[-96.376721843538235,30.584406096664054],[-96.376834567261426,30.584399050475838],[-96.376906977075294,30.584369592282883],[-96.376945119121899,30.584339998292364],[-96.376953012471517,30.584310074250595],[-96.376960908519095,30.584280152007466],[-96.376964112803535,30.584233518562087],[-96.376967317087974,30.584186883318068],[-96.376940868925942,30.58413407063091],[-96.376923302468413,30.584034718027851],[-96.376894272352729,30.583951869782993],[-96.376825494900629,30.583845754278173],[-96.376816165333707,30.583805927801393],[-96.376806835766843,30.583766104022516],[-96.376792671444605,30.583638665591991],[-96.376785257433653,30.583509672233617],[-96.376758751714988,30.583457162618004],[-96.376671518375815,30.583414275748282],[-96.376415490382556,30.583453713717972],[-96.376277430958623,30.583563097359104],[-96.376183278235658,30.583609996104485],[-96.376074867660975,30.583694973943921],[-96.376024082945037,30.583769897362913],[-96.375934631877726,30.583794635014442],[-96.375865018955437,30.583809311050913],[-96.375783358715012,30.583836114445205],[-96.375677555274933,30.583843586912053],[-96.375653012776297,30.583810283218043],[-96.375638447356437,30.583790490039121],[-96.375640030163197,30.583752018840642],[-96.375627123093238,30.583696742011114],[-96.375615696307307,30.583647817992471],[-96.375617279114124,30.583609344995352],[-96.375590288660874,30.583569724463246],[-96.37555589139123,30.583512646291638],[-96.375553251881058,30.583465128812691],[-96.375540360998798,30.583424483053477],[-96.375505355787482,30.583391628121205],[-96.37861151430991,30.580639096517132],[-96.381752325509353,30.577872855647797],[-96.37688080860238,30.573706722886982],[-96.369517268507082,30.567647150295784],[-96.369696190426794,30.56769933345754],[-96.370060392473079,30.567502832489765],[-96.370323991858697,30.567471507304276],[-96.370585275490043,30.567419424866614],[-96.370671807358008,30.567382311644394],[-96.370733330878465,30.567348846072434],[-96.370864266772458,30.567207372822054],[-96.371140386519585,30.56703756283332],[-96.371439004606316,30.566889399526247],[-96.371659870906285,30.566932066062066],[-96.371753778114339,30.567043827510702],[-96.371818795500985,30.567163585730952],[-96.371835916794112,30.567221509265266],[-96.371866241933503,30.567324081441257],[-96.371825669918678,30.567460672272261],[-96.371745224662334,30.567561088773289],[-96.371746820059684,30.56764950022432],[-96.371778834125848,30.567732492360676],[-96.37189559040911,30.567797144622602],[-96.372019390182686,30.567802063014824],[-96.37206168619781,30.567832380060338],[-96.372095515095907,30.567856650064414],[-96.372121142176923,30.567886527341443],[-96.3721531229682,30.567923814132769],[-96.372284146096433,30.567971006956441],[-96.372463391772101,30.56798413076308],[-96.372568705980939,30.56794086258077],[-96.372684034140832,30.567848913196826],[-96.372885111758478,30.567780597996261],[-96.373158577606262,30.567857258905406],[-96.373292572094499,30.567846255700204],[-96.373421808269825,30.567796313649012],[-96.373500972891577,30.567742008087237],[-96.373537418816795,30.567691198190289],[-96.373571930300329,30.567659101386482],[-96.373621735654524,30.567612785401764],[-96.373689147935806,30.567530750144044],[-96.373752010546809,30.567423575237854],[-96.373788526619194,30.567402715463004],[-96.373999628979675,30.567282128067802],[-96.374036226890325,30.567139430840086],[-96.374179787467199,30.566998389264313],[-96.374401339949827,30.566970386174432],[-96.374533864046555,30.566917792022537],[-96.374691558368681,30.566794436514101],[-96.374783619268555,30.566639194643187],[-96.374698275405024,30.56655790402408],[-96.374763670506979,30.566432657241364],[-96.374888588137821,30.566333051029517],[-96.375139326318845,30.566189173891303],[-96.375343090211402,30.566105204191899],[-96.375489455773732,30.566102563782351],[-96.375591806716443,30.56616514400622],[-96.375663346885915,30.56615032767553],[-96.375978603329827,30.566114603905874],[-96.376229239887493,30.566050512820937],[-96.376440774821845,30.565837656782492],[-96.37666942925074,30.565706662432603],[-96.37682111520229,30.565651906310507],[-96.376867622742566,30.565573467441595],[-96.376914129383522,30.565495032170077],[-96.376986973569956,30.565341062839821],[-96.377074089097903,30.565253658629501],[-96.377120600235457,30.565207281490927],[-96.377146723742271,30.565141446620544],[-96.377172848148405,30.565075614448119],[-96.377192468657483,30.564881415744765],[-96.377191649375106,30.564816449619514],[-96.377190830092673,30.564751481695566],[-96.377121127238183,30.564513547162505],[-96.377066484430657,30.564321830588085],[-96.377067615777833,30.564108129186877],[-96.377068521395131,30.563937169864573],[-96.377081475229886,30.563466811843966],[-96.377163169644518,30.563294614155154],[-96.377281767739362,30.563186291714032],[-96.377533020332578,30.563162040595728],[-96.377600705108421,30.563161994730308],[-96.377755794094583,30.563232121165527],[-96.377893444326958,30.563355475774642],[-96.377912927239777,30.56346561214832],[-96.377925558217896,30.563537018318812],[-96.378225443449423,30.563577351113906],[-96.378305353609164,30.563577404173941],[-96.378450244283329,30.563533165623141],[-96.378544847566616,30.563397408463686],[-96.378546139892421,30.563368173302592],[-96.378554914577592,30.563169504968755],[-96.378547041912441,30.563008600966214],[-96.378500993026364,30.562905498190219],[-96.378490479052346,30.56280546210246],[-96.378197822571394,30.562295462865393],[-96.377906505181045,30.562161217466269],[-96.377806772164774,30.562035495841485],[-96.377861429361417,30.561872552176567],[-96.378000223531444,30.561611684032016],[-96.378124668118915,30.561523343627471],[-96.37824901378093,30.561437476358492],[-96.378380963210873,30.561398617552186],[-96.378431313554245,30.561324385711885],[-96.37848192470102,30.561249767163076],[-96.378544627232714,30.561052307518025],[-96.378567575233376,30.560871639114907],[-96.378582852016962,30.560557430381152],[-96.378453266904728,30.55971673873654],[-96.37845491356336,30.559485918740222],[-96.378421143121216,30.559303744871954],[-96.378354569008138,30.559111349309376],[-96.378304144021001,30.559010757440547],[-96.378167166481489,30.558893350048095],[-96.378128267205739,30.558851666471298],[-96.378081829812572,30.558773660176314],[-96.377955547910176,30.558676537891984],[-96.377796198835483,30.558685941203294],[-96.377659498287187,30.558719610022024],[-96.377611778460789,30.55873136326187],[-96.377342534030674,30.558813114333816],[-96.377239462730984,30.558849562057674],[-96.377048972831801,30.558838875413812],[-96.376874511549431,30.558683015708652],[-96.376825710737933,30.558551121137384],[-96.375806266246173,30.559057458335076],[-96.374694132228399,30.559609991008358],[-96.37430696599364,30.559802338906877],[-96.374289681023924,30.55981092383513],[-96.373424659120701,30.560222279134905],[-96.373245596007393,30.560312812985956],[-96.372472946169466,30.560703464093649],[-96.372257465909286,30.560812408865615],[-96.371691771657879,30.561093856196578],[-96.371518349991845,30.561180128160458],[-96.37056293543111,30.561655410868582],[-96.37032391451703,30.561774313833553],[-96.369746669373285,30.562064252563232],[-96.369490417448787,30.562192960836512],[-96.368556543449699,30.562670053879913],[-96.368081722093791,30.562907356189612],[-96.367300230121486,30.563274776909452],[-96.366471313300451,30.563615221565271],[-96.366052645613081,30.563715933043909],[-96.365797383842164,30.563380257492952],[-96.365710031792503,30.563292248038863],[-96.358606643981375,30.569455159028394],[-96.356942939564988,30.570898491772027],[-96.356154445471248,30.571572437418126],[-96.352141501429116,30.575002180106594],[-96.350588040405682,30.57374372908987],[-96.342287739487574,30.58119604216364],[-96.347959606250811,30.58748013050365],[-96.348604787081229,30.588171644405918],[-96.344410497446461,30.591918454772895],[-96.33746031094455,30.598116208196529],[-96.339709261772953,30.603391969463871],[-96.340092977309041,30.603853015904008],[-96.336768827619267,30.606791753037044],[-96.334952504654325,30.60851649713868],[-96.332348151645817,30.610665068338278],[-96.331601619019466,30.611429281636106],[-96.330863502248803,30.612160516794461],[-96.329164916727507,30.613683803764559],[-96.323506868946822,30.618516183075428],[-96.334750662612976,30.627787189727087],[-96.336417781755188,30.626647964531969],[-96.33904467537144,30.628765071151179],[-96.339669743763636,30.629268013408137],[-96.338258932303859,30.63053091337099],[-96.338313174913083,30.630576493710294],[-96.338370556156178,30.630624739640098],[-96.339206394159703,30.631327288223815],[-96.341320523123613,30.633104245164816],[-96.341507966119707,30.633261789300207]]]},"properties":{"OBJECTID_1":7,"Enforce_Of":"TAMU","CE_Area_ID":99,"OBJECTID":7,"CE_Area_ID_1":99,"PNT_COUNT":182,"PERCENTAGE":18.199999999999999,"Shape_Length":0.32657890794562827,"Shape_Area":0.0021669733649010295}}]}