{
"type": "FeatureCollection",
"name": "Patient2",
"crs": { "type": "name", "properties": { "name": "urn:ogc:def:crs:OGC:1.3:CRS84" } },
"features": [
{ "type": "Feature", "properties": { "FID": 0, "ID": 1, "Longitude": -96.374893084700005, "Latitude": 30.562394465600001, "Name": "Corny Gillions", "Gender": "Polygender", "Age": 63, "Race": "Tohono O'Odham", "Occupation": "Assistant Professor", "Address": "37993 Nevada Way", "Email": "dgoodsal0@weebly.com", "Phone": "190-168-1699", "Income": 89673.16, "Insurance": "YES", "CEOfficers": "TAMU", "CommunityID": 99, "EatingHabits": "High-sugar diet" }, "geometry": { "type": "Point", "coordinates": [ -96.374893084700005, 30.562394465600001 ] } },
{ "type": "Feature", "properties": { "FID": 1, "ID": 2, "Longitude": -96.306493873999997, "Latitude": 30.547407652899999, "Name": "Aime Whal", "Gender": "Male", "Age": 65, "Race": "Pakistani", "Occupation": "Occupational Therapist", "Address": "2111 Moose Way", "Email": "gperch1@army.mil", "Phone": "118-308-7947", "Income": 108328.88, "Insurance": "NO", "CEOfficers": "Francesca Spell", "CommunityID": 2, "EatingHabits": "Low-sugar diet" }, "geometry": { "type": "Point", "coordinates": [ -96.306493874, 30.547407652899999 ] } },
{ "type": "Feature", "properties": { "FID": 2, "ID": 3, "Longitude": -96.269134461299998, "Latitude": 30.547836862299999, "Name": "Coral Batecok", "Gender": "Genderqueer", "Age": 80, "Race": "Indonesian", "Occupation": "Nurse Practicioner", "Address": "81864 Canary Crossing", "Email": "csowten2@google.com.br", "Phone": "357-276-7226", "Income": 144714.46, "Insurance": "YES", "CEOfficers": "James Johnson", "CommunityID": 4, "EatingHabits": "Balanced diet" }, "geometry": { "type": "Point", "coordinates": [ -96.269134461299998, 30.547836862299999 ] } },
{ "type": "Feature", "properties": { "FID": 3, "ID": 4, "Longitude": -96.316735811399994, "Latitude": 30.637535523699999, "Name": "Lorrayne Flacknoe", "Gender": "Female", "Age": 38, "Race": "Ottawa", "Occupation": "Sales Representative", "Address": "30193 Hayes Road", "Email": "cpartkya3@pcworld.com", "Phone": "581-128-8525", "Income": 26308.65, "Insurance": "NO", "CEOfficers": "Adrienne Bishop", "CommunityID": 1, "EatingHabits": "High-sugar diet" }, "geometry": { "type": "Point", "coordinates": [ -96.316735811399994, 30.637535523699999 ] } },
{ "type": "Feature", "properties": { "FID": 4, "ID": 5, "Longitude": -96.268065314599994, "Latitude": 30.6069794679, "Name": "Conn Summerton", "Gender": "Female", "Age": 53, "Race": "Paraguayan", "Occupation": "Accounting Assistant IV", "Address": "65 Reinke Trail", "Email": "xhiggonet4@businesswire.com", "Phone": "409-952-5519", "Income": 74168.14, "Insurance": "YES", "CEOfficers": "Vincent Rosas", "CommunityID": 5, "EatingHabits": "Low-sugar diet" }, "geometry": { "type": "Point", "coordinates": [ -96.268065314599994, 30.6069794679 ] } },
{ "type": "Feature", "properties": { "FID": 5, "ID": 6, "Longitude": -96.330277799000001, "Latitude": 30.601625323899999, "Name": "Tonye Crossfeld", "Gender": "Male", "Age": 72, "Race": "Asian", "Occupation": "Assistant Professor", "Address": "4415 Shopko Pass", "Email": "tizard5@adobe.com", "Phone": "168-275-6720", "Income": 143402.76, "Insurance": "NO", "CEOfficers": "Adrienne Bishop", "CommunityID": 1, "EatingHabits": "Balanced diet" }, "geometry": { "type": "Point", "coordinates": [ -96.330277799, 30.601625323899999 ] } },
{ "type": "Feature", "properties": { "FID": 6, "ID": 7, "Longitude": -96.330531539500001, "Latitude": 30.568531095800001, "Name": "Waldo Nusche", "Gender": "Female", "Age": 73, "Race": "Paiute", "Occupation": "Physical Therapy Assistant", "Address": "75986 Birchwood Trail", "Email": "wbyrnes6@freewebs.com", "Phone": "794-598-0350", "Income": 127157.44, "Insurance": "YES", "CEOfficers": "Mark Szydlowski", "CommunityID": 3, "EatingHabits": "High-sugar diet" }, "geometry": { "type": "Point", "coordinates": [ -96.330531539500001, 30.568531095800001 ] } },
{ "type": "Feature", "properties": { "FID": 7, "ID": 8, "Longitude": -96.312743506900006, "Latitude": 30.6284441112, "Name": "Gorden Ghest", "Gender": "Male", "Age": 80, "Race": "Samoan", "Occupation": "Senior Quality Engineer", "Address": "67 Memorial Street", "Email": "lchiplen7@jigsy.com", "Phone": "447-329-7752", "Income": 146667.28, "Insurance": "NO", "CEOfficers": "Vincent Rosas", "CommunityID": 5, "EatingHabits": "Low-sugar diet" }, "geometry": { "type": "Point", "coordinates": [ -96.312743506900006, 30.6284441112 ] } },
{ "type": "Feature", "properties": { "FID": 8, "ID": 9, "Longitude": -96.292763166499995, "Latitude": 30.639087613600001, "Name": "Godart Grinov", "Gender": "Male", "Age": 33, "Race": "Tongan", "Occupation": "Payment Adjustment Coordinator", "Address": "4 Gateway Alley", "Email": "barkwright8@microsoft.com", "Phone": "970-141-2197", "Income": 170321.22, "Insurance": "YES", "CEOfficers": "Vincent Rosas", "CommunityID": 5, "EatingHabits": "Balanced diet" }, "geometry": { "type": "Point", "coordinates": [ -96.292763166499995, 30.639087613600001 ] } },
{ "type": "Feature", "properties": { "FID": 9, "ID": 10, "Longitude": -96.243908728600005, "Latitude": 30.578716183499999, "Name": "Eddi Baudon", "Gender": "Agender", "Age": 22, "Race": "Crow", "Occupation": "Structural Analysis Engineer", "Address": "26 Quincy Way", "Email": "dsmurfitt9@bing.com", "Phone": "144-635-8955", "Income": 98046.29, "Insurance": "NO", "CEOfficers": "James Johnson", "CommunityID": 4, "EatingHabits": "High-sugar diet" }, "geometry": { "type": "Point", "coordinates": [ -96.243908728600005, 30.578716183499999 ] } },
{ "type": "Feature", "properties": { "FID": 10, "ID": 11, "Longitude": -96.371879870499995, "Latitude": 30.614461440900001, "Name": "Wyatt Copeland", "Gender": "Female", "Age": 56, "Race": "Indonesian", "Occupation": "Assistant Manager", "Address": "4444 Steensland Parkway", "Email": "gclementea@seesaa.net", "Phone": "271-121-8625", "Income": 41789.13, "Insurance": "YES", "CEOfficers": "TAMU", "CommunityID": 99, "EatingHabits": "Low-sugar diet" }, "geometry": { "type": "Point", "coordinates": [ -96.371879870499995, 30.614461440900001 ] } },
{ "type": "Feature", "properties": { "FID": 11, "ID": 12, "Longitude": -96.213222087000005, "Latitude": 30.5448217384, "Name": "Marcile Schiersch", "Gender": "Male", "Age": 53, "Race": "Honduran", "Occupation": "Web Designer III", "Address": "97 Warner Road", "Email": "redmeadsb@studiopress.com", "Phone": "820-155-3875", "Income": 197709.68, "Insurance": "NO", "CEOfficers": "James Johnson", "CommunityID": 4, "EatingHabits": "Balanced diet" }, "geometry": { "type": "Point", "coordinates": [ -96.213222087, 30.5448217384 ] } },
{ "type": "Feature", "properties": { "FID": 12, "ID": 13, "Longitude": -96.340416395000005, "Latitude": 30.617275965699999, "Name": "Rachele Bolle", "Gender": "Male", "Age": 65, "Race": "Yakama", "Occupation": "Recruiting Manager", "Address": "1 Warbler Road", "Email": "alohdenc@macromedia.com", "Phone": "629-567-8718", "Income": 120344.68, "Insurance": "YES", "CEOfficers": "TAMU", "CommunityID": 99, "EatingHabits": "High-sugar diet" }, "geometry": { "type": "Point", "coordinates": [ -96.340416395, 30.617275965699999 ] } },
{ "type": "Feature", "properties": { "FID": 13, "ID": 14, "Longitude": -96.359939885399996, "Latitude": 30.599996319799999, "Name": "Lazaro Thickett", "Gender": "Female", "Age": 20, "Race": "Costa Rican", "Occupation": "Staff Accountant I", "Address": "282 West Trail", "Email": "mhayfordd@bigcartel.com", "Phone": "175-299-9251", "Income": 126867.38, "Insurance": "NO", "CEOfficers": "TAMU", "CommunityID": 99, "EatingHabits": "Low-sugar diet" }, "geometry": { "type": "Point", "coordinates": [ -96.359939885399996, 30.599996319799999 ] } },
{ "type": "Feature", "properties": { "FID": 14, "ID": 15, "Longitude": -96.362935598700005, "Latitude": 30.611787938199999, "Name": "Philbert Emig", "Gender": "Male", "Age": 44, "Race": "Eskimo", "Occupation": "Associate Professor", "Address": "1836 Lawn Plaza", "Email": "zberendse@engadget.com", "Phone": "493-278-9707", "Income": 182877.97, "Insurance": "YES", "CEOfficers": "TAMU", "CommunityID": 99, "EatingHabits": "Balanced diet" }, "geometry": { "type": "Point", "coordinates": [ -96.362935598700005, 30.611787938199999 ] } },
{ "type": "Feature", "properties": { "FID": 15, "ID": 16, "Longitude": -96.239955077499999, "Latitude": 30.589448456700001, "Name": "Cordy Wellen", "Gender": "Female", "Age": 70, "Race": "Sri Lankan", "Occupation": "Research Assistant IV", "Address": "4144 Katie Crossing", "Email": "cnelthropf@nih.gov", "Phone": "662-739-0620", "Income": 126252.68, "Insurance": "NO", "CEOfficers": "Vincent Rosas", "CommunityID": 5, "EatingHabits": "High-sugar diet" }, "geometry": { "type": "Point", "coordinates": [ -96.239955077499999, 30.589448456700001 ] } },
{ "type": "Feature", "properties": { "FID": 16, "ID": 17, "Longitude": -96.311283438900006, "Latitude": 30.6249332533, "Name": "Lyell Rowlings", "Gender": "Female", "Age": 47, "Race": "Korean", "Occupation": "Computer Systems Analyst I", "Address": "8402 Prentice Hill", "Email": "colooneyg@mashable.com", "Phone": "672-373-3854", "Income": 25473.86, "Insurance": "YES", "CEOfficers": "Vincent Rosas", "CommunityID": 5, "EatingHabits": "Low-sugar diet" }, "geometry": { "type": "Point", "coordinates": [ -96.311283438900006, 30.6249332533 ] } },
{ "type": "Feature", "properties": { "FID": 17, "ID": 18, "Longitude": -96.235319603500002, "Latitude": 30.553054998, "Name": "Kora Di Maggio", "Gender": "Female", "Age": 56, "Race": "Chippewa", "Occupation": "Environmental Specialist", "Address": "2 Monterey Road", "Email": "lanthonyh@themeforest.net", "Phone": "388-813-9557", "Income": 14559.95, "Insurance": "NO", "CEOfficers": "James Johnson", "CommunityID": 4, "EatingHabits": "Balanced diet" }, "geometry": { "type": "Point", "coordinates": [ -96.235319603500002, 30.553054998 ] } },
{ "type": "Feature", "properties": { "FID": 18, "ID": 19, "Longitude": -96.266238218300003, "Latitude": 30.576259427, "Name": "Scarlet Giffard", "Gender": "Male", "Age": 24, "Race": "Samoan", "Occupation": "Editor", "Address": "7404 Bellgrove Center", "Email": "abolderoi@livejournal.com", "Phone": "424-682-8635", "Income": 24325.7, "Insurance": "YES", "CEOfficers": "James Johnson", "CommunityID": 4, "EatingHabits": "High-sugar diet" }, "geometry": { "type": "Point", "coordinates": [ -96.266238218300003, 30.576259427 ] } },
{ "type": "Feature", "properties": { "FID": 19, "ID": 20, "Longitude": -96.217349331700007, "Latitude": 30.550816059799999, "Name": "Killie Kingsley", "Gender": "Male", "Age": 33, "Race": "Black or African American", "Occupation": "Research Associate", "Address": "7 Dunning Junction", "Email": "bmcarleyj@time.com", "Phone": "189-230-6529", "Income": 126860.02, "Insurance": "NO", "CEOfficers": "James Johnson", "CommunityID": 4, "EatingHabits": "Low-sugar diet" }, "geometry": { "type": "Point", "coordinates": [ -96.217349331700007, 30.550816059799999 ] } },
{ "type": "Feature", "properties": { "FID": 20, "ID": 21, "Longitude": -96.293594548000002, "Latitude": 30.551909955599999, "Name": "Celisse Dubs", "Gender": "Male", "Age": 73, "Race": "Houma", "Occupation": "Programmer II", "Address": "6829 Upham Place", "Email": "fnockoldsk@cloudflare.com", "Phone": "343-998-7817", "Income": 11870.99, "Insurance": "YES", "CEOfficers": "James Johnson", "CommunityID": 4, "EatingHabits": "Balanced diet" }, "geometry": { "type": "Point", "coordinates": [ -96.293594548, 30.551909955599999 ] } },
{ "type": "Feature", "properties": { "FID": 21, "ID": 22, "Longitude": -96.225743274699994, "Latitude": 30.579661710900002, "Name": "Dorian Nisco", "Gender": "Female", "Age": 31, "Race": "Crow", "Occupation": "Web Developer III", "Address": "86532 Katie Terrace", "Email": "mreisensteinl@cisco.com", "Phone": "274-919-0612", "Income": 163713.41, "Insurance": "NO", "CEOfficers": "James Johnson", "CommunityID": 4, "EatingHabits": "High-sugar diet" }, "geometry": { "type": "Point", "coordinates": [ -96.225743274699994, 30.579661710900002 ] } },
{ "type": "Feature", "properties": { "FID": 22, "ID": 23, "Longitude": -96.255705937200005, "Latitude": 30.562811956000001, "Name": "Clark Civitillo", "Gender": "Male", "Age": 33, "Race": "Colville", "Occupation": "Programmer I", "Address": "78449 Kensington Junction", "Email": "thoffmanm@hubpages.com", "Phone": "165-437-6915", "Income": 128671.19, "Insurance": "YES", "CEOfficers": "James Johnson", "CommunityID": 4, "EatingHabits": "Low-sugar diet" }, "geometry": { "type": "Point", "coordinates": [ -96.255705937200005, 30.562811956 ] } },
{ "type": "Feature", "properties": { "FID": 23, "ID": 24, "Longitude": -96.250611214599999, "Latitude": 30.553855001199999, "Name": "Roseanne Woolfall", "Gender": "Female", "Age": 53, "Race": "Venezuelan", "Occupation": "Administrative Assistant III", "Address": "6392 Porter Avenue", "Email": "rbarnardon@nba.com", "Phone": "491-997-2241", "Income": 179234.11, "Insurance": "NO", "CEOfficers": "James Johnson", "CommunityID": 4, "EatingHabits": "Balanced diet" }, "geometry": { "type": "Point", "coordinates": [ -96.250611214599999, 30.553855001199999 ] } },
{ "type": "Feature", "properties": { "FID": 24, "ID": 25, "Longitude": -96.370962179499998, "Latitude": 30.564562628499999, "Name": "Cordula Phinnessy", "Gender": "Male", "Age": 75, "Race": "Osage", "Occupation": "Executive Secretary", "Address": "69 Kingsford Terrace", "Email": "siddendeno@arstechnica.com", "Phone": "698-311-9535", "Income": 65915.94, "Insurance": "YES", "CEOfficers": "TAMU", "CommunityID": 99, "EatingHabits": "High-sugar diet" }, "geometry": { "type": "Point", "coordinates": [ -96.370962179499998, 30.564562628499999 ] } },
{ "type": "Feature", "properties": { "FID": 25, "ID": 26, "Longitude": -96.3055249879, "Latitude": 30.590505157500001, "Name": "Anetta Randals", "Gender": "Female", "Age": 68, "Race": "American Indian and Alaska Native (AIAN)", "Occupation": "Administrative Assistant III", "Address": "2494 Sachtjen Court", "Email": "carmanp@uol.com.br", "Phone": "641-664-3011", "Income": 107124.71, "Insurance": "NO", "CEOfficers": "Mark Szydlowski", "CommunityID": 3, "EatingHabits": "Low-sugar diet" }, "geometry": { "type": "Point", "coordinates": [ -96.3055249879, 30.590505157500001 ] } },
{ "type": "Feature", "properties": { "FID": 26, "ID": 27, "Longitude": -96.230438089100005, "Latitude": 30.5849902824, "Name": "Hedy Flament", "Gender": "Male", "Age": 33, "Race": "Ottawa", "Occupation": "Senior Quality Engineer", "Address": "10 Maryland Road", "Email": "omeritq@indiatimes.com", "Phone": "903-598-7323", "Income": 156252.24, "Insurance": "YES", "CEOfficers": "Vincent Rosas", "CommunityID": 5, "EatingHabits": "Balanced diet" }, "geometry": { "type": "Point", "coordinates": [ -96.230438089100005, 30.5849902824 ] } },
{ "type": "Feature", "properties": { "FID": 27, "ID": 28, "Longitude": -96.272634525599997, "Latitude": 30.5785350851, "Name": "Allsun O'Coskerry", "Gender": "Female", "Age": 56, "Race": "Vietnamese", "Occupation": "Graphic Designer", "Address": "9 Killdeer Lane", "Email": "mrosenscheinr@barnesandnoble.com", "Phone": "420-213-0257", "Income": 158370.7, "Insurance": "NO", "CEOfficers": "James Johnson", "CommunityID": 4, "EatingHabits": "High-sugar diet" }, "geometry": { "type": "Point", "coordinates": [ -96.272634525599997, 30.5785350851 ] } },
{ "type": "Feature", "properties": { "FID": 28, "ID": 29, "Longitude": -96.2859957525, "Latitude": 30.557139963000001, "Name": "Hannis Zaczek", "Gender": "Female", "Age": 30, "Race": "Guatemalan", "Occupation": "Assistant Media Planner", "Address": "66987 Basil Court", "Email": "jgullbergs@123-reg.co.uk", "Phone": "569-184-1000", "Income": 171653.79, "Insurance": "YES", "CEOfficers": "James Johnson", "CommunityID": 4, "EatingHabits": "Low-sugar diet" }, "geometry": { "type": "Point", "coordinates": [ -96.2859957525, 30.557139963 ] } },
{ "type": "Feature", "properties": { "FID": 29, "ID": 30, "Longitude": -96.296488998399994, "Latitude": 30.577914423799999, "Name": "Veradis Allardyce", "Gender": "Male", "Age": 27, "Race": "Comanche", "Occupation": "Junior Executive", "Address": "36 Northfield Place", "Email": "svallantinet@cornell.edu", "Phone": "406-783-0651", "Income": 36664.75, "Insurance": "NO", "CEOfficers": "Mark Szydlowski", "CommunityID": 3, "EatingHabits": "Balanced diet" }, "geometry": { "type": "Point", "coordinates": [ -96.296488998399994, 30.577914423799999 ] } },
{ "type": "Feature", "properties": { "FID": 30, "ID": 31, "Longitude": -96.303420271500002, "Latitude": 30.5371632148, "Name": "Dulce Askie", "Gender": "Genderqueer", "Age": 50, "Race": "Osage", "Occupation": "Desktop Support Technician", "Address": "85 Glacier Hill Park", "Email": "ogalerou@parallels.com", "Phone": "198-653-3917", "Income": 64333.33, "Insurance": "YES", "CEOfficers": "Francesca Spell", "CommunityID": 2, "EatingHabits": "High-sugar diet" }, "geometry": { "type": "Point", "coordinates": [ -96.303420271500002, 30.5371632148 ] } },
{ "type": "Feature", "properties": { "FID": 31, "ID": 32, "Longitude": -96.366247104699994, "Latitude": 30.593664646200001, "Name": "Valentina Hebbron", "Gender": "Female", "Age": 78, "Race": "Hmong", "Occupation": "Senior Cost Accountant", "Address": "22 Hoffman Crossing", "Email": "bmustillv@comsenz.com", "Phone": "403-219-2157", "Income": 42976.91, "Insurance": "NO", "CEOfficers": "TAMU", "CommunityID": 99, "EatingHabits": "Low-sugar diet" }, "geometry": { "type": "Point", "coordinates": [ -96.366247104699994, 30.593664646200001 ] } },
{ "type": "Feature", "properties": { "FID": 32, "ID": 33, "Longitude": -96.284470857700001, "Latitude": 30.610429795000002, "Name": "Rebekah Leil", "Gender": "Female", "Age": 73, "Race": "Tongan", "Occupation": "Paralegal", "Address": "844 Havey Plaza", "Email": "rblancowew@icio.us", "Phone": "132-570-8070", "Income": 54939.7, "Insurance": "YES", "CEOfficers": "Vincent Rosas", "CommunityID": 5, "EatingHabits": "Balanced diet" }, "geometry": { "type": "Point", "coordinates": [ -96.284470857700001, 30.610429795 ] } },
{ "type": "Feature", "properties": { "FID": 33, "ID": 34, "Longitude": -96.241698025600002, "Latitude": 30.5899909599, "Name": "Andres Gheorghescu", "Gender": "Female", "Age": 79, "Race": "Ute", "Occupation": "Junior Executive", "Address": "46 Buhler Point", "Email": "ljoesburyx@census.gov", "Phone": "919-751-7277", "Income": 41739.8, "Insurance": "NO", "CEOfficers": "Vincent Rosas", "CommunityID": 5, "EatingHabits": "High-sugar diet" }, "geometry": { "type": "Point", "coordinates": [ -96.241698025600002, 30.5899909599 ] } },
{ "type": "Feature", "properties": { "FID": 34, "ID": 35, "Longitude": -96.3139936715, "Latitude": 30.570848990399998, "Name": "Danila Marritt", "Gender": "Female", "Age": 47, "Race": "Osage", "Occupation": "Mechanical Systems Engineer", "Address": "3343 Northport Point", "Email": "rshoulery@w3.org", "Phone": "947-203-8298", "Income": 24852.11, "Insurance": "YES", "CEOfficers": "Mark Szydlowski", "CommunityID": 3, "EatingHabits": "Low-sugar diet" }, "geometry": { "type": "Point", "coordinates": [ -96.3139936715, 30.570848990399998 ] } },
{ "type": "Feature", "properties": { "FID": 35, "ID": 36, "Longitude": -96.279815154399998, "Latitude": 30.653740552799999, "Name": "Frannie Hammell", "Gender": "Non-binary", "Age": 66, "Race": "Nicaraguan", "Occupation": "Database Administrator II", "Address": "92951 Reinke Trail", "Email": "kforrestz@soup.io", "Phone": "206-994-1620", "Income": 141096.09, "Insurance": "NO", "CEOfficers": "Vincent Rosas", "CommunityID": 5, "EatingHabits": "Balanced diet" }, "geometry": { "type": "Point", "coordinates": [ -96.279815154399998, 30.653740552799999 ] } },
{ "type": "Feature", "properties": { "FID": 36, "ID": 37, "Longitude": -96.300332438200002, "Latitude": 30.6450423671, "Name": "Zeke Bilby", "Gender": "Male", "Age": 30, "Race": "Black or African American", "Occupation": "Dental Hygienist", "Address": "90674 Division Court", "Email": "mprobyn10@miitbeian.gov.cn", "Phone": "234-364-9495", "Income": 166413.15, "Insurance": "YES", "CEOfficers": "Vincent Rosas", "CommunityID": 5, "EatingHabits": "High-sugar diet" }, "geometry": { "type": "Point", "coordinates": [ -96.300332438200002, 30.6450423671 ] } },
{ "type": "Feature", "properties": { "FID": 37, "ID": 38, "Longitude": -96.2234359017, "Latitude": 30.570764852700002, "Name": "Ibbie Eleshenar", "Gender": "Genderqueer", "Age": 75, "Race": "Dominican (Dominican Republic)", "Occupation": "Electrical Engineer", "Address": "2599 Waubesa Alley", "Email": "nknibbs11@last.fm", "Phone": "780-605-1204", "Income": 91649.33, "Insurance": "NO", "CEOfficers": "James Johnson", "CommunityID": 4, "EatingHabits": "Low-sugar diet" }, "geometry": { "type": "Point", "coordinates": [ -96.2234359017, 30.570764852700002 ] } },
{ "type": "Feature", "properties": { "FID": 38, "ID": 39, "Longitude": -96.3830163226, "Latitude": 30.5978059354, "Name": "Katherine Mundow", "Gender": "Male", "Age": 62, "Race": "Colville", "Occupation": "Marketing Assistant", "Address": "708 Hudson Junction", "Email": "wjanik12@gmpg.org", "Phone": "788-158-5888", "Income": 163826.81, "Insurance": "YES", "CEOfficers": "Francesca Spell", "CommunityID": 2, "EatingHabits": "Balanced diet" }, "geometry": { "type": "Point", "coordinates": [ -96.3830163226, 30.5978059354 ] } },
{ "type": "Feature", "properties": { "FID": 39, "ID": 40, "Longitude": -96.264737193200006, "Latitude": 30.587742051300001, "Name": "Rita Hanbidge", "Gender": "Female", "Age": 30, "Race": "Uruguayan", "Occupation": "Marketing Manager", "Address": "88796 Gale Point", "Email": "efeechan13@ted.com", "Phone": "328-567-1890", "Income": 50734.3, "Insurance": "NO", "CEOfficers": "Vincent Rosas", "CommunityID": 5, "EatingHabits": "High-sugar diet" }, "geometry": { "type": "Point", "coordinates": [ -96.264737193200006, 30.587742051300001 ] } },
{ "type": "Feature", "properties": { "FID": 40, "ID": 41, "Longitude": -96.295092669599995, "Latitude": 30.577402532400001, "Name": "Ambros Blinerman", "Gender": "Female", "Age": 80, "Race": "Latin American Indian", "Occupation": "Office Assistant II", "Address": "861 Kedzie Avenue", "Email": "llowles14@geocities.com", "Phone": "522-890-7392", "Income": 98514.12, "Insurance": "YES", "CEOfficers": "Mark Szydlowski", "CommunityID": 3, "EatingHabits": "Low-sugar diet" }, "geometry": { "type": "Point", "coordinates": [ -96.295092669599995, 30.577402532400001 ] } },
{ "type": "Feature", "properties": { "FID": 41, "ID": 42, "Longitude": -96.212512088799997, "Latitude": 30.559187493100001, "Name": "Giulia Phelip", "Gender": "Genderfluid", "Age": 43, "Race": "Uruguayan", "Occupation": "Quality Engineer", "Address": "585 Jackson Center", "Email": "lthody15@eepurl.com", "Phone": "134-763-7274", "Income": 25941.46, "Insurance": "NO", "CEOfficers": "James Johnson", "CommunityID": 4, "EatingHabits": "Balanced diet" }, "geometry": { "type": "Point", "coordinates": [ -96.212512088799997, 30.559187493100001 ] } },
{ "type": "Feature", "properties": { "FID": 42, "ID": 43, "Longitude": -96.213997096699998, "Latitude": 30.558288243100002, "Name": "Reina Spowart", "Gender": "Male", "Age": 50, "Race": "Salvadoran", "Occupation": "Director of Sales", "Address": "2969 Badeau Way", "Email": "ltreadgear16@newsvine.com", "Phone": "145-719-8730", "Income": 150934.03, "Insurance": "YES", "CEOfficers": "James Johnson", "CommunityID": 4, "EatingHabits": "High-sugar diet" }, "geometry": { "type": "Point", "coordinates": [ -96.213997096699998, 30.558288243100002 ] } },
{ "type": "Feature", "properties": { "FID": 43, "ID": 44, "Longitude": -96.300178897600006, "Latitude": 30.604080782499999, "Name": "Eryn Johnsey", "Gender": "Female", "Age": 60, "Race": "Osage", "Occupation": "Developer I", "Address": "93 Susan Plaza", "Email": "hgarth17@ovh.net", "Phone": "306-942-7518", "Income": 24776.15, "Insurance": "NO", "CEOfficers": "Vincent Rosas", "CommunityID": 5, "EatingHabits": "Low-sugar diet" }, "geometry": { "type": "Point", "coordinates": [ -96.300178897600006, 30.604080782499999 ] } },
{ "type": "Feature", "properties": { "FID": 44, "ID": 45, "Longitude": -96.302518315399993, "Latitude": 30.6355888983, "Name": "Gerrie Deuss", "Gender": "Male", "Age": 79, "Race": "Cuban", "Occupation": "Safety Technician IV", "Address": "94 Mockingbird Point", "Email": "hcrinson18@biblegateway.com", "Phone": "981-710-9009", "Income": 154460.86, "Insurance": "YES", "CEOfficers": "Vincent Rosas", "CommunityID": 5, "EatingHabits": "Balanced diet" }, "geometry": { "type": "Point", "coordinates": [ -96.302518315399993, 30.6355888983 ] } },
{ "type": "Feature", "properties": { "FID": 45, "ID": 46, "Longitude": -96.259204631299994, "Latitude": 30.529916163599999, "Name": "Rosina Haslegrave", "Gender": "Female", "Age": 66, "Race": "Crow", "Occupation": "Research Associate", "Address": "1 Chinook Terrace", "Email": "rnannetti19@google.ru", "Phone": "192-113-9157", "Income": 162328.3, "Insurance": "NO", "CEOfficers": "James Johnson", "CommunityID": 4, "EatingHabits": "High-sugar diet" }, "geometry": { "type": "Point", "coordinates": [ -96.259204631299994, 30.529916163599999 ] } },
{ "type": "Feature", "properties": { "FID": 46, "ID": 47, "Longitude": -96.368350704999997, "Latitude": 30.5724391595, "Name": "Imojean Rosenstengel", "Gender": "Male", "Age": 58, "Race": "Black or African American", "Occupation": "Environmental Tech", "Address": "501 Burning Wood Crossing", "Email": "gvanderdaal1a@cpanel.net", "Phone": "991-960-3323", "Income": 95676.57, "Insurance": "YES", "CEOfficers": "TAMU", "CommunityID": 99, "EatingHabits": "Low-sugar diet" }, "geometry": { "type": "Point", "coordinates": [ -96.368350705, 30.5724391595 ] } },
{ "type": "Feature", "properties": { "FID": 47, "ID": 48, "Longitude": -96.314454890600004, "Latitude": 30.633975545599998, "Name": "Lyell Pearn", "Gender": "Male", "Age": 74, "Race": "Laotian", "Occupation": "Business Systems Development Analyst", "Address": "11 Union Drive", "Email": "iwhight1b@vk.com", "Phone": "553-296-3063", "Income": 177189.24, "Insurance": "NO", "CEOfficers": "Vincent Rosas", "CommunityID": 5, "EatingHabits": "Balanced diet" }, "geometry": { "type": "Point", "coordinates": [ -96.314454890600004, 30.633975545599998 ] } },
{ "type": "Feature", "properties": { "FID": 48, "ID": 49, "Longitude": -96.208575543199998, "Latitude": 30.573583306900002, "Name": "Tallulah Miguel", "Gender": "Male", "Age": 57, "Race": "Venezuelan", "Occupation": "Librarian", "Address": "94 Northport Junction", "Email": "fgething1c@chronoengine.com", "Phone": "715-895-2034", "Income": 93338.68, "Insurance": "YES", "CEOfficers": "James Johnson", "CommunityID": 4, "EatingHabits": "High-sugar diet" }, "geometry": { "type": "Point", "coordinates": [ -96.208575543199998, 30.573583306900002 ] } },
{ "type": "Feature", "properties": { "FID": 49, "ID": 50, "Longitude": -96.360605688299998, "Latitude": 30.622405584100001, "Name": "Scarlett Hazell", "Gender": "Male", "Age": 73, "Race": "White", "Occupation": "Professor", "Address": "0579 Melby Pass", "Email": "jsextone1d@senate.gov", "Phone": "767-840-6099", "Income": 193902.84, "Insurance": "NO", "CEOfficers": "TAMU", "CommunityID": 99, "EatingHabits": "Low-sugar diet" }, "geometry": { "type": "Point", "coordinates": [ -96.360605688299998, 30.622405584100001 ] } },
{ "type": "Feature", "properties": { "FID": 50, "ID": 51, "Longitude": -96.275162380899999, "Latitude": 30.541710527700001, "Name": "Denna Mateu", "Gender": "Male", "Age": 74, "Race": "Potawatomi", "Occupation": "VP Quality Control", "Address": "6 Crest Line Center", "Email": "rpresley1e@gmpg.org", "Phone": "178-391-9088", "Income": 187623.6, "Insurance": "YES", "CEOfficers": "James Johnson", "CommunityID": 4, "EatingHabits": "Balanced diet" }, "geometry": { "type": "Point", "coordinates": [ -96.275162380899999, 30.541710527700001 ] } },
{ "type": "Feature", "properties": { "FID": 51, "ID": 52, "Longitude": -96.275223600199993, "Latitude": 30.553325653200002, "Name": "Liva Durning", "Gender": "Agender", "Age": 59, "Race": "Yaqui", "Occupation": "Tax Accountant", "Address": "489 Sutherland Terrace", "Email": "awright1f@princeton.edu", "Phone": "703-651-6257", "Income": 118033.05, "Insurance": "NO", "CEOfficers": "James Johnson", "CommunityID": 4, "EatingHabits": "High-sugar diet" }, "geometry": { "type": "Point", "coordinates": [ -96.275223600199993, 30.553325653200002 ] } },
{ "type": "Feature", "properties": { "FID": 52, "ID": 53, "Longitude": -96.261129650699999, "Latitude": 30.527450823700001, "Name": "Nell Dell Casa", "Gender": "Male", "Age": 35, "Race": "Blackfeet", "Occupation": "Editor", "Address": "59169 New Castle Drive", "Email": "gbonwick1g@liveinternet.ru", "Phone": "753-397-6898", "Income": 131710.87, "Insurance": "YES", "CEOfficers": "James Johnson", "CommunityID": 4, "EatingHabits": "Low-sugar diet" }, "geometry": { "type": "Point", "coordinates": [ -96.261129650699999, 30.527450823700001 ] } },
{ "type": "Feature", "properties": { "FID": 53, "ID": 54, "Longitude": -96.289321575399995, "Latitude": 30.5330418313, "Name": "Carissa Meakin", "Gender": "Male", "Age": 73, "Race": "Crow", "Occupation": "Account Executive", "Address": "22 Johnson Circle", "Email": "mwoolward1h@patch.com", "Phone": "223-174-7104", "Income": 150044.65, "Insurance": "NO", "CEOfficers": "James Johnson", "CommunityID": 4, "EatingHabits": "Balanced diet" }, "geometry": { "type": "Point", "coordinates": [ -96.289321575399995, 30.5330418313 ] } },
{ "type": "Feature", "properties": { "FID": 54, "ID": 55, "Longitude": -96.328605439900002, "Latitude": 30.564554133600002, "Name": "Washington Schimann", "Gender": "Male", "Age": 46, "Race": "Paraguayan", "Occupation": "Account Coordinator", "Address": "064 Talisman Pass", "Email": "ojeffryes1i@yellowbook.com", "Phone": "362-721-9471", "Income": 22675.27, "Insurance": "YES", "CEOfficers": "Mark Szydlowski", "CommunityID": 3, "EatingHabits": "High-sugar diet" }, "geometry": { "type": "Point", "coordinates": [ -96.328605439900002, 30.564554133600002 ] } },
{ "type": "Feature", "properties": { "FID": 55, "ID": 56, "Longitude": -96.272955021300007, "Latitude": 30.600999428400002, "Name": "Jocelin Divill", "Gender": "Male", "Age": 47, "Race": "Native Hawaiian", "Occupation": "Sales Representative", "Address": "10 Ronald Regan Street", "Email": "gpilkinton1j@hugedomains.com", "Phone": "941-621-9341", "Income": 158191.1, "Insurance": "NO", "CEOfficers": "Vincent Rosas", "CommunityID": 5, "EatingHabits": "Low-sugar diet" }, "geometry": { "type": "Point", "coordinates": [ -96.272955021300007, 30.600999428400002 ] } },
{ "type": "Feature", "properties": { "FID": 56, "ID": 57, "Longitude": -96.232054386300007, "Latitude": 30.5701690424, "Name": "Willetta Pagan", "Gender": "Bigender", "Age": 71, "Race": "Native Hawaiian and Other Pacific Islander (NHPI)", "Occupation": "Help Desk Operator", "Address": "755 Golden Leaf Street", "Email": "aphil1k@tmall.com", "Phone": "657-228-3733", "Income": 163375.61, "Insurance": "YES", "CEOfficers": "James Johnson", "CommunityID": 4, "EatingHabits": "Balanced diet" }, "geometry": { "type": "Point", "coordinates": [ -96.232054386300007, 30.5701690424 ] } },
{ "type": "Feature", "properties": { "FID": 57, "ID": 58, "Longitude": -96.310490557999998, "Latitude": 30.590197263699999, "Name": "Knox De Ortega", "Gender": "Male", "Age": 58, "Race": "Spaniard", "Occupation": "VP Product Management", "Address": "01389 Holy Cross Place", "Email": "mlutwidge1l@instagram.com", "Phone": "519-163-4949", "Income": 54328.73, "Insurance": "NO", "CEOfficers": "Mark Szydlowski", "CommunityID": 3, "EatingHabits": "High-sugar diet" }, "geometry": { "type": "Point", "coordinates": [ -96.310490558, 30.590197263699999 ] } },
{ "type": "Feature", "properties": { "FID": 58, "ID": 59, "Longitude": -96.368253969199998, "Latitude": 30.584231773799999, "Name": "Odell Levane", "Gender": "Female", "Age": 72, "Race": "Nicaraguan", "Occupation": "Marketing Manager", "Address": "871 Park Meadow Court", "Email": "cabbati1m@discuz.net", "Phone": "935-448-6215", "Income": 127859.41, "Insurance": "YES", "CEOfficers": "TAMU", "CommunityID": 99, "EatingHabits": "Low-sugar diet" }, "geometry": { "type": "Point", "coordinates": [ -96.368253969199998, 30.584231773799999 ] } },
{ "type": "Feature", "properties": { "FID": 59, "ID": 60, "Longitude": -96.3113148403, "Latitude": 30.600366561000001, "Name": "Bette-ann Waldram", "Gender": "Female", "Age": 78, "Race": "Laotian", "Occupation": "Programmer Analyst II", "Address": "85505 Sullivan Place", "Email": "dharbach1n@naver.com", "Phone": "363-998-2075", "Income": 65873.0, "Insurance": "NO", "CEOfficers": "Mark Szydlowski", "CommunityID": 3, "EatingHabits": "Balanced diet" }, "geometry": { "type": "Point", "coordinates": [ -96.3113148403, 30.600366561 ] } },
{ "type": "Feature", "properties": { "FID": 60, "ID": 61, "Longitude": -96.219864834399999, "Latitude": 30.555274097600002, "Name": "Wallie Brothers", "Gender": "Male", "Age": 69, "Race": "Houma", "Occupation": "Executive Secretary", "Address": "9 Namekagon Center", "Email": "rbourbon1o@prnewswire.com", "Phone": "567-216-5510", "Income": 56264.78, "Insurance": "YES", "CEOfficers": "James Johnson", "CommunityID": 4, "EatingHabits": "High-sugar diet" }, "geometry": { "type": "Point", "coordinates": [ -96.219864834399999, 30.555274097600002 ] } },
{ "type": "Feature", "properties": { "FID": 61, "ID": 62, "Longitude": -96.268575210700007, "Latitude": 30.541603334400001, "Name": "Gwenora Bemlott", "Gender": "Male", "Age": 52, "Race": "Seminole", "Occupation": "Database Administrator IV", "Address": "543 Mifflin Plaza", "Email": "nrosenbusch1p@jigsy.com", "Phone": "745-838-9458", "Income": 116496.91, "Insurance": "NO", "CEOfficers": "James Johnson", "CommunityID": 4, "EatingHabits": "Low-sugar diet" }, "geometry": { "type": "Point", "coordinates": [ -96.268575210700007, 30.541603334400001 ] } },
{ "type": "Feature", "properties": { "FID": 62, "ID": 63, "Longitude": -96.218277350600005, "Latitude": 30.605783767599998, "Name": "Alene Shepland", "Gender": "Female", "Age": 23, "Race": "Nicaraguan", "Occupation": "Marketing Manager", "Address": "309 Del Sol Drive", "Email": "kmacgillavery1q@google.co.jp", "Phone": "823-514-8713", "Income": 77615.05, "Insurance": "YES", "CEOfficers": "Vincent Rosas", "CommunityID": 5, "EatingHabits": "Balanced diet" }, "geometry": { "type": "Point", "coordinates": [ -96.218277350600005, 30.605783767599998 ] } },
{ "type": "Feature", "properties": { "FID": 63, "ID": 64, "Longitude": -96.3314523337, "Latitude": 30.6293931057, "Name": "Merry Oleszczak", "Gender": "Female", "Age": 40, "Race": "Native Hawaiian", "Occupation": "Sales Representative", "Address": "93 Ridgeway Park", "Email": "wswindlehurst1r@hugedomains.com", "Phone": "201-578-7574", "Income": 190109.82, "Insurance": "NO", "CEOfficers": "Adrienne Bishop", "CommunityID": 1, "EatingHabits": "High-sugar diet" }, "geometry": { "type": "Point", "coordinates": [ -96.3314523337, 30.6293931057 ] } },
{ "type": "Feature", "properties": { "FID": 64, "ID": 65, "Longitude": -96.261874438000007, "Latitude": 30.5469523734, "Name": "Webb Biskupiak", "Gender": "Male", "Age": 58, "Race": "Venezuelan", "Occupation": "Research Associate", "Address": "477 Twin Pines Court", "Email": "ajorger1s@privacy.gov.au", "Phone": "391-239-7693", "Income": 199968.96, "Insurance": "YES", "CEOfficers": "James Johnson", "CommunityID": 4, "EatingHabits": "Low-sugar diet" }, "geometry": { "type": "Point", "coordinates": [ -96.261874438, 30.5469523734 ] } },
{ "type": "Feature", "properties": { "FID": 65, "ID": 66, "Longitude": -96.290927523400001, "Latitude": 30.600850723899999, "Name": "Merrel Berthod", "Gender": "Female", "Age": 64, "Race": "Chinese", "Occupation": "Sales Representative", "Address": "946 Gina Parkway", "Email": "dspaughton1t@eepurl.com", "Phone": "439-859-9749", "Income": 144675.63, "Insurance": "NO", "CEOfficers": "Vincent Rosas", "CommunityID": 5, "EatingHabits": "Balanced diet" }, "geometry": { "type": "Point", "coordinates": [ -96.290927523400001, 30.600850723899999 ] } },
{ "type": "Feature", "properties": { "FID": 66, "ID": 67, "Longitude": -96.2471140822, "Latitude": 30.565057174300001, "Name": "Gussy Gimson", "Gender": "Female", "Age": 71, "Race": "Houma", "Occupation": "VP Marketing", "Address": "5180 Utah Circle", "Email": "smccomb1u@patch.com", "Phone": "892-579-3042", "Income": 95820.3, "Insurance": "YES", "CEOfficers": "James Johnson", "CommunityID": 4, "EatingHabits": "High-sugar diet" }, "geometry": { "type": "Point", "coordinates": [ -96.2471140822, 30.565057174300001 ] } },
{ "type": "Feature", "properties": { "FID": 67, "ID": 68, "Longitude": -96.376665237200001, "Latitude": 30.599521703699999, "Name": "Patricia Meier", "Gender": "Female", "Age": 31, "Race": "Houma", "Occupation": "Web Designer I", "Address": "8 Lien Street", "Email": "kstickins1v@cyberchimps.com", "Phone": "574-746-9606", "Income": 57997.43, "Insurance": "NO", "CEOfficers": "Francesca Spell", "CommunityID": 2, "EatingHabits": "Low-sugar diet" }, "geometry": { "type": "Point", "coordinates": [ -96.376665237200001, 30.599521703699999 ] } },
{ "type": "Feature", "properties": { "FID": 68, "ID": 69, "Longitude": -96.331423069899998, "Latitude": 30.61435941, "Name": "Tobiah Buffy", "Gender": "Female", "Age": 45, "Race": "Latin American Indian", "Occupation": "Chief Design Engineer", "Address": "8 Esker Terrace", "Email": "mhammerberger1w@unicef.org", "Phone": "594-855-9974", "Income": 101106.06, "Insurance": "YES", "CEOfficers": "TAMU", "CommunityID": 99, "EatingHabits": "Balanced diet" }, "geometry": { "type": "Point", "coordinates": [ -96.331423069899998, 30.61435941 ] } },
{ "type": "Feature", "properties": { "FID": 69, "ID": 70, "Longitude": -96.278096272799999, "Latitude": 30.613396247400001, "Name": "Hiram Tonbye", "Gender": "Male", "Age": 68, "Race": "Bolivian", "Occupation": "Staff Scientist", "Address": "59 Dorton Alley", "Email": "abrogioni1x@indiegogo.com", "Phone": "502-412-2329", "Income": 153902.78, "Insurance": "NO", "CEOfficers": "Vincent Rosas", "CommunityID": 5, "EatingHabits": "High-sugar diet" }, "geometry": { "type": "Point", "coordinates": [ -96.278096272799999, 30.613396247400001 ] } },
{ "type": "Feature", "properties": { "FID": 70, "ID": 71, "Longitude": -96.237430141000004, "Latitude": 30.539289707799998, "Name": "Cindelyn Headey", "Gender": "Female", "Age": 67, "Race": "Bangladeshi", "Occupation": "Database Administrator II", "Address": "128 Waxwing Point", "Email": "mfinlow1y@pbs.org", "Phone": "822-915-4210", "Income": 187452.24, "Insurance": "YES", "CEOfficers": "James Johnson", "CommunityID": 4, "EatingHabits": "Low-sugar diet" }, "geometry": { "type": "Point", "coordinates": [ -96.237430141, 30.539289707799998 ] } },
{ "type": "Feature", "properties": { "FID": 71, "ID": 72, "Longitude": -96.307516015499999, "Latitude": 30.586667027899999, "Name": "Reina Goublier", "Gender": "Female", "Age": 35, "Race": "Iroquois", "Occupation": "Research Associate", "Address": "7410 Swallow Avenue", "Email": "ejandak1z@macromedia.com", "Phone": "804-714-5437", "Income": 21591.66, "Insurance": "NO", "CEOfficers": "Mark Szydlowski", "CommunityID": 3, "EatingHabits": "Balanced diet" }, "geometry": { "type": "Point", "coordinates": [ -96.307516015499999, 30.586667027899999 ] } },
{ "type": "Feature", "properties": { "FID": 72, "ID": 73, "Longitude": -96.321845549800003, "Latitude": 30.6401294468, "Name": "Kristine Pinnijar", "Gender": "Polygender", "Age": 20, "Race": "Costa Rican", "Occupation": "Business Systems Development Analyst", "Address": "05 Crest Line Center", "Email": "whousden20@senate.gov", "Phone": "496-369-6251", "Income": 160267.68, "Insurance": "YES", "CEOfficers": "Adrienne Bishop", "CommunityID": 1, "EatingHabits": "High-sugar diet" }, "geometry": { "type": "Point", "coordinates": [ -96.321845549800003, 30.6401294468 ] } },
{ "type": "Feature", "properties": { "FID": 73, "ID": 74, "Longitude": -96.273476572299998, "Latitude": 30.594986759000001, "Name": "Sileas Bridel", "Gender": "Female", "Age": 68, "Race": "Vietnamese", "Occupation": "Staff Scientist", "Address": "2717 Caliangt Parkway", "Email": "mgregor21@cloudflare.com", "Phone": "506-727-5052", "Income": 83812.53, "Insurance": "NO", "CEOfficers": "Vincent Rosas", "CommunityID": 5, "EatingHabits": "Low-sugar diet" }, "geometry": { "type": "Point", "coordinates": [ -96.273476572299998, 30.594986759 ] } },
{ "type": "Feature", "properties": { "FID": 74, "ID": 75, "Longitude": -96.32275501, "Latitude": 30.572915110099999, "Name": "Nickie Zorzoni", "Gender": "Female", "Age": 54, "Race": "Cuban", "Occupation": "Budget\/Accounting Analyst II", "Address": "13577 8th Avenue", "Email": "jbudgett22@paginegialle.it", "Phone": "439-678-7556", "Income": 80762.85, "Insurance": "YES", "CEOfficers": "Mark Szydlowski", "CommunityID": 3, "EatingHabits": "Balanced diet" }, "geometry": { "type": "Point", "coordinates": [ -96.32275501, 30.572915110099999 ] } },
{ "type": "Feature", "properties": { "FID": 75, "ID": 76, "Longitude": -96.221674099699996, "Latitude": 30.591116425900001, "Name": "Luigi Alldread", "Gender": "Male", "Age": 34, "Race": "Samoan", "Occupation": "Food Chemist", "Address": "654 Rutledge Pass", "Email": "dtamas23@wired.com", "Phone": "517-515-5232", "Income": 116415.34, "Insurance": "NO", "CEOfficers": "Vincent Rosas", "CommunityID": 5, "EatingHabits": "High-sugar diet" }, "geometry": { "type": "Point", "coordinates": [ -96.221674099699996, 30.591116425900001 ] } },
{ "type": "Feature", "properties": { "FID": 76, "ID": 77, "Longitude": -96.252738782999998, "Latitude": 30.5961703774, "Name": "Holli Varnes", "Gender": "Female", "Age": 66, "Race": "Blackfeet", "Occupation": "Budget\/Accounting Analyst I", "Address": "1 Graedel Center", "Email": "mwiffler24@csmonitor.com", "Phone": "667-749-9004", "Income": 141638.61, "Insurance": "YES", "CEOfficers": "Vincent Rosas", "CommunityID": 5, "EatingHabits": "Low-sugar diet" }, "geometry": { "type": "Point", "coordinates": [ -96.252738783, 30.5961703774 ] } },
{ "type": "Feature", "properties": { "FID": 77, "ID": 78, "Longitude": -96.265523591299996, "Latitude": 30.581725349399999, "Name": "Vittoria Tasseler", "Gender": "Female", "Age": 37, "Race": "Bangladeshi", "Occupation": "Analyst Programmer", "Address": "7 Hintze Parkway", "Email": "sscutcheon25@gravatar.com", "Phone": "636-809-5085", "Income": 197675.38, "Insurance": "NO", "CEOfficers": "James Johnson", "CommunityID": 4, "EatingHabits": "Balanced diet" }, "geometry": { "type": "Point", "coordinates": [ -96.265523591299996, 30.581725349399999 ] } },
{ "type": "Feature", "properties": { "FID": 78, "ID": 79, "Longitude": -96.265092885200005, "Latitude": 30.541568644800002, "Name": "Gawen Balmer", "Gender": "Male", "Age": 64, "Race": "Dominican (Dominican Republic)", "Occupation": "Speech Pathologist", "Address": "0 Sutteridge Center", "Email": "jglasbey26@indiegogo.com", "Phone": "584-265-0518", "Income": 178650.93, "Insurance": "YES", "CEOfficers": "James Johnson", "CommunityID": 4, "EatingHabits": "High-sugar diet" }, "geometry": { "type": "Point", "coordinates": [ -96.265092885200005, 30.541568644800002 ] } },
{ "type": "Feature", "properties": { "FID": 79, "ID": 80, "Longitude": -96.306570424100002, "Latitude": 30.6261735207, "Name": "Shay Castan", "Gender": "Female", "Age": 25, "Race": "Apache", "Occupation": "Electrical Engineer", "Address": "4244 Nancy Crossing", "Email": "mgronauer27@ihg.com", "Phone": "429-257-5658", "Income": 170829.25, "Insurance": "NO", "CEOfficers": "Vincent Rosas", "CommunityID": 5, "EatingHabits": "Low-sugar diet" }, "geometry": { "type": "Point", "coordinates": [ -96.306570424100002, 30.6261735207 ] } },
{ "type": "Feature", "properties": { "FID": 80, "ID": 81, "Longitude": -96.2569928705, "Latitude": 30.584196542699999, "Name": "Shelton Adamovich", "Gender": "Female", "Age": 58, "Race": "Pima", "Occupation": "Software Engineer II", "Address": "8309 North Lane", "Email": "ktodaro28@cam.ac.uk", "Phone": "583-678-3703", "Income": 138029.76, "Insurance": "YES", "CEOfficers": "Vincent Rosas", "CommunityID": 5, "EatingHabits": "Balanced diet" }, "geometry": { "type": "Point", "coordinates": [ -96.2569928705, 30.584196542699999 ] } },
{ "type": "Feature", "properties": { "FID": 81, "ID": 82, "Longitude": -96.333274285499996, "Latitude": 30.565987506199999, "Name": "Alysa Tunmore", "Gender": "Female", "Age": 34, "Race": "Bangladeshi", "Occupation": "Nurse Practicioner", "Address": "1 Darwin Drive", "Email": "dferrini29@tmall.com", "Phone": "222-861-5530", "Income": 129280.35, "Insurance": "NO", "CEOfficers": "Mark Szydlowski", "CommunityID": 3, "EatingHabits": "High-sugar diet" }, "geometry": { "type": "Point", "coordinates": [ -96.333274285499996, 30.565987506199999 ] } },
{ "type": "Feature", "properties": { "FID": 82, "ID": 83, "Longitude": -96.267735382599994, "Latitude": 30.538779115499999, "Name": "Paten Witul", "Gender": "Bigender", "Age": 19, "Race": "Pueblo", "Occupation": "Biostatistician III", "Address": "96 Comanche Lane", "Email": "skittman2a@admin.ch", "Phone": "176-348-9301", "Income": 138983.34, "Insurance": "YES", "CEOfficers": "James Johnson", "CommunityID": 4, "EatingHabits": "Low-sugar diet" }, "geometry": { "type": "Point", "coordinates": [ -96.267735382599994, 30.538779115499999 ] } },
{ "type": "Feature", "properties": { "FID": 83, "ID": 84, "Longitude": -96.319977393399995, "Latitude": 30.5682202757, "Name": "Jeffy Gresley", "Gender": "Female", "Age": 19, "Race": "Mexican", "Occupation": "Nurse Practicioner", "Address": "9 Novick Way", "Email": "ccausbey2b@lycos.com", "Phone": "878-605-4075", "Income": 170982.82, "Insurance": "NO", "CEOfficers": "Mark Szydlowski", "CommunityID": 3, "EatingHabits": "Balanced diet" }, "geometry": { "type": "Point", "coordinates": [ -96.319977393399995, 30.5682202757 ] } },
{ "type": "Feature", "properties": { "FID": 84, "ID": 85, "Longitude": -96.246422044599996, "Latitude": 30.549869486199999, "Name": "Becki Iceton", "Gender": "Bigender", "Age": 72, "Race": "Delaware", "Occupation": "Account Coordinator", "Address": "74 Golf View Alley", "Email": "ggouldbourn2c@google.it", "Phone": "868-381-1180", "Income": 75665.4, "Insurance": "YES", "CEOfficers": "James Johnson", "CommunityID": 4, "EatingHabits": "High-sugar diet" }, "geometry": { "type": "Point", "coordinates": [ -96.246422044599996, 30.549869486199999 ] } },
{ "type": "Feature", "properties": { "FID": 85, "ID": 86, "Longitude": -96.211222832000004, "Latitude": 30.5453242249, "Name": "Raddie Grant", "Gender": "Male", "Age": 35, "Race": "Lumbee", "Occupation": "Executive Secretary", "Address": "0 Melvin Drive", "Email": "bvick2d@eepurl.com", "Phone": "958-919-7460", "Income": 144394.36, "Insurance": "NO", "CEOfficers": "James Johnson", "CommunityID": 4, "EatingHabits": "Low-sugar diet" }, "geometry": { "type": "Point", "coordinates": [ -96.211222832, 30.5453242249 ] } },
{ "type": "Feature", "properties": { "FID": 86, "ID": 87, "Longitude": -96.333739347100007, "Latitude": 30.586889510500001, "Name": "Abelard Plascott", "Gender": "Female", "Age": 44, "Race": "Blackfeet", "Occupation": "Chemical Engineer", "Address": "7143 Stephen Circle", "Email": "keixenberger2e@samsung.com", "Phone": "689-206-1458", "Income": 22355.18, "Insurance": "YES", "CEOfficers": "Adrienne Bishop", "CommunityID": 1, "EatingHabits": "Balanced diet" }, "geometry": { "type": "Point", "coordinates": [ -96.333739347100007, 30.586889510500001 ] } },
{ "type": "Feature", "properties": { "FID": 87, "ID": 88, "Longitude": -96.301251536699993, "Latitude": 30.588516326299999, "Name": "Judas Caban", "Gender": "Female", "Age": 57, "Race": "South American", "Occupation": "Data Coordinator", "Address": "19 Sunbrook Trail", "Email": "bpeddie2f@geocities.com", "Phone": "164-833-3982", "Income": 194910.04, "Insurance": "NO", "CEOfficers": "Mark Szydlowski", "CommunityID": 3, "EatingHabits": "High-sugar diet" }, "geometry": { "type": "Point", "coordinates": [ -96.301251536699993, 30.588516326299999 ] } },
{ "type": "Feature", "properties": { "FID": 88, "ID": 89, "Longitude": -96.373091008000003, "Latitude": 30.5869048757, "Name": "Gertrude Crilly", "Gender": "Male", "Age": 45, "Race": "Potawatomi", "Occupation": "Recruiting Manager", "Address": "313 Hooker Lane", "Email": "blawlee2g@skyrock.com", "Phone": "432-821-3973", "Income": 67059.33, "Insurance": "YES", "CEOfficers": "TAMU", "CommunityID": 99, "EatingHabits": "Low-sugar diet" }, "geometry": { "type": "Point", "coordinates": [ -96.373091008, 30.5869048757 ] } },
{ "type": "Feature", "properties": { "FID": 89, "ID": 90, "Longitude": -96.297728953000004, "Latitude": 30.563798834100002, "Name": "Tiebout Herreros", "Gender": "Male", "Age": 21, "Race": "Samoan", "Occupation": "GIS Technical Architect", "Address": "8 Daystar Way", "Email": "nedmonston2h@people.com.cn", "Phone": "563-824-5168", "Income": 146685.4, "Insurance": "NO", "CEOfficers": "James Johnson", "CommunityID": 4, "EatingHabits": "Balanced diet" }, "geometry": { "type": "Point", "coordinates": [ -96.297728953, 30.563798834100002 ] } },
{ "type": "Feature", "properties": { "FID": 90, "ID": 91, "Longitude": -96.239306579499996, "Latitude": 30.543363280200001, "Name": "Gabriel Christon", "Gender": "Female", "Age": 50, "Race": "Ute", "Occupation": "Editor", "Address": "36838 Browning Crossing", "Email": "lfassmann2i@vinaora.com", "Phone": "440-930-7698", "Income": 53449.81, "Insurance": "YES", "CEOfficers": "James Johnson", "CommunityID": 4, "EatingHabits": "High-sugar diet" }, "geometry": { "type": "Point", "coordinates": [ -96.239306579499996, 30.543363280200001 ] } },
{ "type": "Feature", "properties": { "FID": 91, "ID": 92, "Longitude": -96.356559677800007, "Latitude": 30.6108562599, "Name": "Findley Jukes", "Gender": "Male", "Age": 56, "Race": "Chilean", "Occupation": "Staff Scientist", "Address": "356 Summer Ridge Junction", "Email": "efridlington2j@last.fm", "Phone": "841-158-6807", "Income": 119822.35, "Insurance": "NO", "CEOfficers": "TAMU", "CommunityID": 99, "EatingHabits": "Low-sugar diet" }, "geometry": { "type": "Point", "coordinates": [ -96.356559677800007, 30.6108562599 ] } },
{ "type": "Feature", "properties": { "FID": 92, "ID": 93, "Longitude": -96.325216426799997, "Latitude": 30.6196721805, "Name": "Audie Bemlott", "Gender": "Male", "Age": 79, "Race": "Panamanian", "Occupation": "Structural Engineer", "Address": "33 Veith Avenue", "Email": "gfitzgeorge2k@shop-pro.jp", "Phone": "862-289-8482", "Income": 125513.02, "Insurance": "YES", "CEOfficers": "TAMU", "CommunityID": 99, "EatingHabits": "Balanced diet" }, "geometry": { "type": "Point", "coordinates": [ -96.325216426799997, 30.6196721805 ] } },
{ "type": "Feature", "properties": { "FID": 93, "ID": 94, "Longitude": -96.293762528599999, "Latitude": 30.539617793600002, "Name": "Adolphe Makeswell", "Gender": "Male", "Age": 77, "Race": "Black or African American", "Occupation": "Programmer I", "Address": "47636 Buell Way", "Email": "mchipp2l@ebay.com", "Phone": "465-423-6499", "Income": 60030.23, "Insurance": "NO", "CEOfficers": "Francesca Spell", "CommunityID": 2, "EatingHabits": "High-sugar diet" }, "geometry": { "type": "Point", "coordinates": [ -96.293762528599999, 30.539617793600002 ] } },
{ "type": "Feature", "properties": { "FID": 94, "ID": 95, "Longitude": -96.343551454799993, "Latitude": 30.617742705600001, "Name": "Agretha Faltin", "Gender": "Female", "Age": 49, "Race": "Tlingit-Haida", "Occupation": "Quality Control Specialist", "Address": "23618 Del Sol Parkway", "Email": "kruffy2m@webmd.com", "Phone": "941-511-6341", "Income": 46528.61, "Insurance": "YES", "CEOfficers": "TAMU", "CommunityID": 99, "EatingHabits": "Low-sugar diet" }, "geometry": { "type": "Point", "coordinates": [ -96.343551454799993, 30.617742705600001 ] } },
{ "type": "Feature", "properties": { "FID": 95, "ID": 96, "Longitude": -96.208878498600001, "Latitude": 30.5681983841, "Name": "Lauren Louch", "Gender": "Female", "Age": 32, "Race": "Bolivian", "Occupation": "Software Consultant", "Address": "8 Redwing Point", "Email": "franfield2n@blogspot.com", "Phone": "842-282-4098", "Income": 166197.79, "Insurance": "NO", "CEOfficers": "James Johnson", "CommunityID": 4, "EatingHabits": "Balanced diet" }, "geometry": { "type": "Point", "coordinates": [ -96.208878498600001, 30.5681983841 ] } },
{ "type": "Feature", "properties": { "FID": 96, "ID": 97, "Longitude": -96.288826276500004, "Latitude": 30.588228002699999, "Name": "Archy Twinborne", "Gender": "Male", "Age": 49, "Race": "Fijian", "Occupation": "Payment Adjustment Coordinator", "Address": "05 Larry Point", "Email": "hchieze2o@wordpress.com", "Phone": "169-371-9774", "Income": 14057.95, "Insurance": "YES", "CEOfficers": "Mark Szydlowski", "CommunityID": 3, "EatingHabits": "High-sugar diet" }, "geometry": { "type": "Point", "coordinates": [ -96.288826276500004, 30.588228002699999 ] } },
{ "type": "Feature", "properties": { "FID": 97, "ID": 98, "Longitude": -96.3113727044, "Latitude": 30.578096111800001, "Name": "Morse Went", "Gender": "Male", "Age": 22, "Race": "Navajo", "Occupation": "Safety Technician II", "Address": "1406 Utah Parkway", "Email": "fhuller2p@reddit.com", "Phone": "234-448-6355", "Income": 55056.07, "Insurance": "NO", "CEOfficers": "Mark Szydlowski", "CommunityID": 3, "EatingHabits": "Low-sugar diet" }, "geometry": { "type": "Point", "coordinates": [ -96.3113727044, 30.578096111800001 ] } },
{ "type": "Feature", "properties": { "FID": 98, "ID": 99, "Longitude": -96.312725036700002, "Latitude": 30.615726318699998, "Name": "Norina Gowers", "Gender": "Male", "Age": 29, "Race": "Eskimo", "Occupation": "Developer III", "Address": "6 Sheridan Court", "Email": "csaiz2q@youtu.be", "Phone": "520-398-9823", "Income": 142459.02, "Insurance": "YES", "CEOfficers": "Vincent Rosas", "CommunityID": 5, "EatingHabits": "Balanced diet" }, "geometry": { "type": "Point", "coordinates": [ -96.312725036700002, 30.615726318699998 ] } },
{ "type": "Feature", "properties": { "FID": 99, "ID": 100, "Longitude": -96.203714946199995, "Latitude": 30.570626894299998, "Name": "Ivy Turvie", "Gender": "Female", "Age": 69, "Race": "Aleut", "Occupation": "Help Desk Technician", "Address": "57 Carpenter Lane", "Email": "reccles2r@google.co.uk", "Phone": "575-581-2426", "Income": 28296.38, "Insurance": "NO", "CEOfficers": "James Johnson", "CommunityID": 4, "EatingHabits": "High-sugar diet" }, "geometry": { "type": "Point", "coordinates": [ -96.203714946199995, 30.570626894299998 ] } },
{ "type": "Feature", "properties": { "FID": 100, "ID": 101, "Longitude": -96.278422898399995, "Latitude": 30.6096627551, "Name": "Anya Girardin", "Gender": "Female", "Age": 52, "Race": "Chickasaw", "Occupation": "Programmer Analyst II", "Address": "81 Crowley Avenue", "Email": "vlegood2s@ibm.com", "Phone": "590-745-4702", "Income": 81610.76, "Insurance": "YES", "CEOfficers": "Vincent Rosas", "CommunityID": 5, "EatingHabits": "Low-sugar diet" }, "geometry": { "type": "Point", "coordinates": [ -96.278422898399995, 30.6096627551 ] } },
{ "type": "Feature", "properties": { "FID": 101, "ID": 102, "Longitude": -96.3586608576, "Latitude": 30.596095866700001, "Name": "Dinah Weddeburn", "Gender": "Non-binary", "Age": 37, "Race": "Venezuelan", "Occupation": "VP Sales", "Address": "26 Raven Place", "Email": "nmateu2t@freewebs.com", "Phone": "390-462-0355", "Income": 112652.7, "Insurance": "NO", "CEOfficers": "TAMU", "CommunityID": 99, "EatingHabits": "Balanced diet" }, "geometry": { "type": "Point", "coordinates": [ -96.3586608576, 30.596095866700001 ] } },
{ "type": "Feature", "properties": { "FID": 102, "ID": 103, "Longitude": -96.222133276999998, "Latitude": 30.595615882699999, "Name": "Stacie Instock", "Gender": "Female", "Age": 46, "Race": "Paiute", "Occupation": "Help Desk Technician", "Address": "99581 Banding Plaza", "Email": "etimbridge2u@mozilla.org", "Phone": "736-949-9893", "Income": 79431.8, "Insurance": "YES", "CEOfficers": "Vincent Rosas", "CommunityID": 5, "EatingHabits": "High-sugar diet" }, "geometry": { "type": "Point", "coordinates": [ -96.222133277, 30.595615882699999 ] } },
{ "type": "Feature", "properties": { "FID": 103, "ID": 104, "Longitude": -96.303242366000006, "Latitude": 30.583137057199998, "Name": "Gwendolyn Savory", "Gender": "Genderfluid", "Age": 74, "Race": "Panamanian", "Occupation": "Senior Developer", "Address": "01 Logan Terrace", "Email": "dstarrs2v@nature.com", "Phone": "480-770-7089", "Income": 132238.85, "Insurance": "NO", "CEOfficers": "Mark Szydlowski", "CommunityID": 3, "EatingHabits": "Low-sugar diet" }, "geometry": { "type": "Point", "coordinates": [ -96.303242366, 30.583137057199998 ] } },
{ "type": "Feature", "properties": { "FID": 104, "ID": 105, "Longitude": -96.2658807344, "Latitude": 30.5867622291, "Name": "Dione Balch", "Gender": "Male", "Age": 63, "Race": "Chippewa", "Occupation": "Teacher", "Address": "75 Harper Plaza", "Email": "hseint2w@163.com", "Phone": "397-705-1112", "Income": 95189.58, "Insurance": "YES", "CEOfficers": "Vincent Rosas", "CommunityID": 5, "EatingHabits": "Balanced diet" }, "geometry": { "type": "Point", "coordinates": [ -96.2658807344, 30.5867622291 ] } },
{ "type": "Feature", "properties": { "FID": 105, "ID": 106, "Longitude": -96.290299797200007, "Latitude": 30.592407706, "Name": "Merv Lanbertoni", "Gender": "Bigender", "Age": 65, "Race": "Uruguayan", "Occupation": "Analog Circuit Design manager", "Address": "09265 Miller Plaza", "Email": "drickell2x@noaa.gov", "Phone": "386-245-3131", "Income": 162224.09, "Insurance": "NO", "CEOfficers": "Vincent Rosas", "CommunityID": 5, "EatingHabits": "High-sugar diet" }, "geometry": { "type": "Point", "coordinates": [ -96.290299797200007, 30.592407706 ] } },
{ "type": "Feature", "properties": { "FID": 106, "ID": 107, "Longitude": -96.267073236800002, "Latitude": 30.537491681399999, "Name": "Si Alyukin", "Gender": "Female", "Age": 48, "Race": "Creek", "Occupation": "Information Systems Manager", "Address": "15 Badeau Trail", "Email": "aiddiens2y@goodreads.com", "Phone": "570-292-2410", "Income": 47214.38, "Insurance": "YES", "CEOfficers": "James Johnson", "CommunityID": 4, "EatingHabits": "Low-sugar diet" }, "geometry": { "type": "Point", "coordinates": [ -96.267073236800002, 30.537491681399999 ] } },
{ "type": "Feature", "properties": { "FID": 107, "ID": 108, "Longitude": -96.295260559200003, "Latitude": 30.536865930600001, "Name": "Lucy McGown", "Gender": "Genderfluid", "Age": 58, "Race": "Chamorro", "Occupation": "Nuclear Power Engineer", "Address": "6 Tomscot Drive", "Email": "hcorkell2z@sfgate.com", "Phone": "108-308-7516", "Income": 186021.43, "Insurance": "NO", "CEOfficers": "Francesca Spell", "CommunityID": 2, "EatingHabits": "Balanced diet" }, "geometry": { "type": "Point", "coordinates": [ -96.295260559200003, 30.536865930600001 ] } },
{ "type": "Feature", "properties": { "FID": 108, "ID": 109, "Longitude": -96.376089334200003, "Latitude": 30.594435779200001, "Name": "Merrilee Naptin", "Gender": "Male", "Age": 46, "Race": "Blackfeet", "Occupation": "Geologist I", "Address": "5597 Muir Parkway", "Email": "riacopetti30@telegraph.co.uk", "Phone": "422-189-2128", "Income": 36028.61, "Insurance": "YES", "CEOfficers": "Francesca Spell", "CommunityID": 2, "EatingHabits": "High-sugar diet" }, "geometry": { "type": "Point", "coordinates": [ -96.376089334200003, 30.594435779200001 ] } },
{ "type": "Feature", "properties": { "FID": 109, "ID": 110, "Longitude": -96.285157658100005, "Latitude": 30.547492934400001, "Name": "Alf Vasilic", "Gender": "Female", "Age": 42, "Race": "Uruguayan", "Occupation": "Junior Executive", "Address": "6224 David Road", "Email": "kleynton31@jimdo.com", "Phone": "970-447-3340", "Income": 144940.06, "Insurance": "NO", "CEOfficers": "James Johnson", "CommunityID": 4, "EatingHabits": "Low-sugar diet" }, "geometry": { "type": "Point", "coordinates": [ -96.285157658100005, 30.547492934400001 ] } },
{ "type": "Feature", "properties": { "FID": 110, "ID": 111, "Longitude": -96.273297325000001, "Latitude": 30.535462337399998, "Name": "Cherie Dallimore", "Gender": "Female", "Age": 53, "Race": "Kiowa", "Occupation": "Structural Engineer", "Address": "93 Northview Alley", "Email": "sseeds32@irs.gov", "Phone": "561-471-2334", "Income": 39767.26, "Insurance": "YES", "CEOfficers": "James Johnson", "CommunityID": 4, "EatingHabits": "Balanced diet" }, "geometry": { "type": "Point", "coordinates": [ -96.273297325, 30.535462337399998 ] } },
{ "type": "Feature", "properties": { "FID": 111, "ID": 112, "Longitude": -96.302845966000007, "Latitude": 30.570175129, "Name": "Viola Ashdown", "Gender": "Male", "Age": 33, "Race": "Menominee", "Occupation": "Payment Adjustment Coordinator", "Address": "4 Northwestern Trail", "Email": "tkonmann33@yale.edu", "Phone": "641-991-3536", "Income": 31201.36, "Insurance": "NO", "CEOfficers": "Mark Szydlowski", "CommunityID": 3, "EatingHabits": "High-sugar diet" }, "geometry": { "type": "Point", "coordinates": [ -96.302845966, 30.570175129 ] } },
{ "type": "Feature", "properties": { "FID": 112, "ID": 113, "Longitude": -96.338978457500005, "Latitude": 30.6048600124, "Name": "Stoddard Bettison", "Gender": "Female", "Age": 77, "Race": "Argentinian", "Occupation": "Help Desk Technician", "Address": "71 Transport Crossing", "Email": "rerratt34@businesswire.com", "Phone": "561-349-6806", "Income": 13552.74, "Insurance": "YES", "CEOfficers": "TAMU", "CommunityID": 99, "EatingHabits": "Low-sugar diet" }, "geometry": { "type": "Point", "coordinates": [ -96.338978457500005, 30.6048600124 ] } },
{ "type": "Feature", "properties": { "FID": 113, "ID": 114, "Longitude": -96.242830342299996, "Latitude": 30.590613573700001, "Name": "Darin Swayne", "Gender": "Female", "Age": 20, "Race": "Bangladeshi", "Occupation": "Help Desk Technician", "Address": "676 Mcguire Way", "Email": "zlapish35@livejournal.com", "Phone": "419-948-7440", "Income": 160269.37, "Insurance": "NO", "CEOfficers": "Vincent Rosas", "CommunityID": 5, "EatingHabits": "Balanced diet" }, "geometry": { "type": "Point", "coordinates": [ -96.242830342299996, 30.590613573700001 ] } },
{ "type": "Feature", "properties": { "FID": 114, "ID": 115, "Longitude": -96.327411569299997, "Latitude": 30.600777291899998, "Name": "Tyrus Small", "Gender": "Male", "Age": 72, "Race": "Alaskan Athabascan", "Occupation": "General Manager", "Address": "6346 Anderson Drive", "Email": "mprahm36@squarespace.com", "Phone": "387-934-3521", "Income": 69028.58, "Insurance": "YES", "CEOfficers": "Adrienne Bishop", "CommunityID": 1, "EatingHabits": "High-sugar diet" }, "geometry": { "type": "Point", "coordinates": [ -96.327411569299997, 30.600777291899998 ] } },
{ "type": "Feature", "properties": { "FID": 115, "ID": 116, "Longitude": -96.286905752400003, "Latitude": 30.6013931492, "Name": "Bree Stearns", "Gender": "Male", "Age": 44, "Race": "Paraguayan", "Occupation": "Human Resources Assistant IV", "Address": "0134 Forest Dale Way", "Email": "bcorcoran37@elegantthemes.com", "Phone": "731-335-4488", "Income": 31369.1, "Insurance": "NO", "CEOfficers": "Vincent Rosas", "CommunityID": 5, "EatingHabits": "Low-sugar diet" }, "geometry": { "type": "Point", "coordinates": [ -96.286905752400003, 30.6013931492 ] } },
{ "type": "Feature", "properties": { "FID": 116, "ID": 117, "Longitude": -96.333756760599996, "Latitude": 30.59944387, "Name": "Lanette Brownjohn", "Gender": "Female", "Age": 55, "Race": "Guatemalan", "Occupation": "Accounting Assistant II", "Address": "25790 Arrowood Hill", "Email": "scortez38@merriam-webster.com", "Phone": "790-936-3704", "Income": 60954.67, "Insurance": "YES", "CEOfficers": "Adrienne Bishop", "CommunityID": 1, "EatingHabits": "Balanced diet" }, "geometry": { "type": "Point", "coordinates": [ -96.333756760599996, 30.59944387 ] } },
{ "type": "Feature", "properties": { "FID": 117, "ID": 118, "Longitude": -96.368586437399998, "Latitude": 30.611432428099999, "Name": "Marcello Wormell", "Gender": "Male", "Age": 32, "Race": "Puget Sound Salish", "Occupation": "Mechanical Systems Engineer", "Address": "5 Caliangt Junction", "Email": "mcarren39@rakuten.co.jp", "Phone": "253-681-2094", "Income": 91250.82, "Insurance": "NO", "CEOfficers": "TAMU", "CommunityID": 99, "EatingHabits": "High-sugar diet" }, "geometry": { "type": "Point", "coordinates": [ -96.368586437399998, 30.611432428099999 ] } },
{ "type": "Feature", "properties": { "FID": 118, "ID": 119, "Longitude": -96.368225085099994, "Latitude": 30.5677688434, "Name": "Bartie Sillito", "Gender": "Female", "Age": 71, "Race": "Fijian", "Occupation": "Food Chemist", "Address": "96233 Independence Center", "Email": "stomaszek3a@house.gov", "Phone": "203-304-4319", "Income": 22019.75, "Insurance": "YES", "CEOfficers": "TAMU", "CommunityID": 99, "EatingHabits": "Low-sugar diet" }, "geometry": { "type": "Point", "coordinates": [ -96.368225085099994, 30.5677688434 ] } },
{ "type": "Feature", "properties": { "FID": 119, "ID": 120, "Longitude": -96.376318342900007, "Latitude": 30.589735664700001, "Name": "Ryann Johananov", "Gender": "Male", "Age": 21, "Race": "Potawatomi", "Occupation": "Help Desk Operator", "Address": "1 Spenser Hill", "Email": "lportsmouth3b@mozilla.com", "Phone": "309-469-0138", "Income": 80344.25, "Insurance": "NO", "CEOfficers": "TAMU", "CommunityID": 99, "EatingHabits": "Balanced diet" }, "geometry": { "type": "Point", "coordinates": [ -96.376318342900007, 30.589735664700001 ] } },
{ "type": "Feature", "properties": { "FID": 120, "ID": 121, "Longitude": -96.217661476900005, "Latitude": 30.5684885577, "Name": "Celle Morgue", "Gender": "Agender", "Age": 36, "Race": "Salvadoran", "Occupation": "Health Coach II", "Address": "7 Village Green Way", "Email": "hhearnaman3c@netlog.com", "Phone": "669-682-8410", "Income": 58301.63, "Insurance": "YES", "CEOfficers": "James Johnson", "CommunityID": 4, "EatingHabits": "High-sugar diet" }, "geometry": { "type": "Point", "coordinates": [ -96.217661476900005, 30.5684885577 ] } },
{ "type": "Feature", "properties": { "FID": 121, "ID": 122, "Longitude": -96.226651780500006, "Latitude": 30.5548008512, "Name": "Ferdinanda Willard", "Gender": "Male", "Age": 42, "Race": "Paiute", "Occupation": "Pharmacist", "Address": "6 Pond Way", "Email": "rgilhool3d@list-manage.com", "Phone": "880-131-1787", "Income": 185176.27, "Insurance": "NO", "CEOfficers": "James Johnson", "CommunityID": 4, "EatingHabits": "Low-sugar diet" }, "geometry": { "type": "Point", "coordinates": [ -96.226651780500006, 30.5548008512 ] } },
{ "type": "Feature", "properties": { "FID": 122, "ID": 123, "Longitude": -96.245117291699998, "Latitude": 30.542966549700001, "Name": "Giorgia Cordet", "Gender": "Male", "Age": 20, "Race": "Argentinian", "Occupation": "Speech Pathologist", "Address": "0910 Fairview Center", "Email": "blinning3e@walmart.com", "Phone": "734-976-6223", "Income": 30132.53, "Insurance": "YES", "CEOfficers": "James Johnson", "CommunityID": 4, "EatingHabits": "Balanced diet" }, "geometry": { "type": "Point", "coordinates": [ -96.245117291699998, 30.542966549700001 ] } },
{ "type": "Feature", "properties": { "FID": 123, "ID": 124, "Longitude": -96.227746377800003, "Latitude": 30.5419348894, "Name": "Yves Cordeau]", "Gender": "Genderfluid", "Age": 29, "Race": "Chinese", "Occupation": "VP Quality Control", "Address": "73 Darwin Way", "Email": "lwoodison3f@tiny.cc", "Phone": "977-956-8881", "Income": 196419.42, "Insurance": "NO", "CEOfficers": "James Johnson", "CommunityID": 4, "EatingHabits": "High-sugar diet" }, "geometry": { "type": "Point", "coordinates": [ -96.227746377800003, 30.5419348894 ] } },
{ "type": "Feature", "properties": { "FID": 124, "ID": 125, "Longitude": -96.296222886500004, "Latitude": 30.5867372642, "Name": "Melitta Lomb", "Gender": "Male", "Age": 36, "Race": "Thai", "Occupation": "Senior Sales Associate", "Address": "818 Fairview Court", "Email": "ktimmens3g@twitpic.com", "Phone": "517-789-1588", "Income": 190706.9, "Insurance": "YES", "CEOfficers": "Mark Szydlowski", "CommunityID": 3, "EatingHabits": "Low-sugar diet" }, "geometry": { "type": "Point", "coordinates": [ -96.296222886500004, 30.5867372642 ] } },
{ "type": "Feature", "properties": { "FID": 125, "ID": 126, "Longitude": -96.294526730100003, "Latitude": 30.581352621299999, "Name": "Opalina Hookes", "Gender": "Male", "Age": 71, "Race": "Alaska Native", "Occupation": "Marketing Assistant", "Address": "168 Delaware Terrace", "Email": "wrennick3h@opensource.org", "Phone": "334-649-4769", "Income": 136251.21, "Insurance": "NO", "CEOfficers": "Mark Szydlowski", "CommunityID": 3, "EatingHabits": "Balanced diet" }, "geometry": { "type": "Point", "coordinates": [ -96.294526730100003, 30.581352621299999 ] } },
{ "type": "Feature", "properties": { "FID": 126, "ID": 127, "Longitude": -96.348495107000005, "Latitude": 30.582606410699999, "Name": "Marris Yepiskopov", "Gender": "Female", "Age": 44, "Race": "Chilean", "Occupation": "Administrative Officer", "Address": "5 Calypso Court", "Email": "mpursey3i@sourceforge.net", "Phone": "800-600-5801", "Income": 156746.93, "Insurance": "YES", "CEOfficers": "TAMU", "CommunityID": 99, "EatingHabits": "High-sugar diet" }, "geometry": { "type": "Point", "coordinates": [ -96.348495107, 30.582606410699999 ] } },
{ "type": "Feature", "properties": { "FID": 127, "ID": 128, "Longitude": -96.332276564300003, "Latitude": 30.587892010699999, "Name": "Evvy Cortez", "Gender": "Male", "Age": 39, "Race": "Iroquois", "Occupation": "Community Outreach Specialist", "Address": "80914 Erie Center", "Email": "dsealove3j@alibaba.com", "Phone": "369-153-3064", "Income": 51483.64, "Insurance": "NO", "CEOfficers": "Adrienne Bishop", "CommunityID": 1, "EatingHabits": "Low-sugar diet" }, "geometry": { "type": "Point", "coordinates": [ -96.332276564300003, 30.587892010699999 ] } },
{ "type": "Feature", "properties": { "FID": 128, "ID": 129, "Longitude": -96.289061118999996, "Latitude": 30.5833243786, "Name": "Wilhelmine Nucci", "Gender": "Male", "Age": 35, "Race": "Hmong", "Occupation": "Civil Engineer", "Address": "02050 Northview Junction", "Email": "oisham3k@cargocollective.com", "Phone": "789-643-2220", "Income": 87929.54, "Insurance": "YES", "CEOfficers": "Mark Szydlowski", "CommunityID": 3, "EatingHabits": "Balanced diet" }, "geometry": { "type": "Point", "coordinates": [ -96.289061119, 30.5833243786 ] } },
{ "type": "Feature", "properties": { "FID": 129, "ID": 130, "Longitude": -96.242657197400007, "Latitude": 30.5848274694, "Name": "Fae Meneur", "Gender": "Female", "Age": 79, "Race": "American Indian and Alaska Native (AIAN)", "Occupation": "Web Designer III", "Address": "56 Sullivan Junction", "Email": "ssloyan3l@salon.com", "Phone": "236-349-8221", "Income": 121030.36, "Insurance": "NO", "CEOfficers": "Vincent Rosas", "CommunityID": 5, "EatingHabits": "High-sugar diet" }, "geometry": { "type": "Point", "coordinates": [ -96.242657197400007, 30.5848274694 ] } },
{ "type": "Feature", "properties": { "FID": 130, "ID": 131, "Longitude": -96.230855962800007, "Latitude": 30.5618713235, "Name": "Xenos Shorthouse", "Gender": "Male", "Age": 32, "Race": "Guatemalan", "Occupation": "Staff Accountant III", "Address": "6729 Karstens Drive", "Email": "ibrandts3m@twitter.com", "Phone": "709-201-1421", "Income": 30993.61, "Insurance": "YES", "CEOfficers": "James Johnson", "CommunityID": 4, "EatingHabits": "Low-sugar diet" }, "geometry": { "type": "Point", "coordinates": [ -96.230855962800007, 30.5618713235 ] } },
{ "type": "Feature", "properties": { "FID": 131, "ID": 132, "Longitude": -96.292699417600005, "Latitude": 30.591115904700001, "Name": "Larina Ruzicka", "Gender": "Female", "Age": 74, "Race": "Argentinian", "Occupation": "Assistant Media Planner", "Address": "5 Macpherson Park", "Email": "melgram3n@myspace.com", "Phone": "803-535-9504", "Income": 154969.53, "Insurance": "NO", "CEOfficers": "Mark Szydlowski", "CommunityID": 3, "EatingHabits": "Balanced diet" }, "geometry": { "type": "Point", "coordinates": [ -96.292699417600005, 30.591115904700001 ] } },
{ "type": "Feature", "properties": { "FID": 132, "ID": 133, "Longitude": -96.309364047499997, "Latitude": 30.6084597955, "Name": "Jen Gammage", "Gender": "Bigender", "Age": 60, "Race": "Cherokee", "Occupation": "Actuary", "Address": "6289 Manufacturers Hill", "Email": "jspier3o@vinaora.com", "Phone": "698-493-1971", "Income": 57466.1, "Insurance": "YES", "CEOfficers": "Vincent Rosas", "CommunityID": 5, "EatingHabits": "High-sugar diet" }, "geometry": { "type": "Point", "coordinates": [ -96.309364047499997, 30.6084597955 ] } },
{ "type": "Feature", "properties": { "FID": 133, "ID": 134, "Longitude": -96.281115846199995, "Latitude": 30.605462489699999, "Name": "Jackson Clampe", "Gender": "Male", "Age": 28, "Race": "Polynesian", "Occupation": "Media Manager I", "Address": "377 2nd Circle", "Email": "wpantry3p@dropbox.com", "Phone": "519-937-8691", "Income": 49819.05, "Insurance": "NO", "CEOfficers": "Vincent Rosas", "CommunityID": 5, "EatingHabits": "Low-sugar diet" }, "geometry": { "type": "Point", "coordinates": [ -96.281115846199995, 30.605462489699999 ] } },
{ "type": "Feature", "properties": { "FID": 134, "ID": 135, "Longitude": -96.306361084200006, "Latitude": 30.5946531829, "Name": "Lacy Piotr", "Gender": "Male", "Age": 27, "Race": "American Indian", "Occupation": "Senior Cost Accountant", "Address": "1395 Westerfield Center", "Email": "unatalie3q@springer.com", "Phone": "682-287-3673", "Income": 99660.55, "Insurance": "YES", "CEOfficers": "Mark Szydlowski", "CommunityID": 3, "EatingHabits": "Balanced diet" }, "geometry": { "type": "Point", "coordinates": [ -96.306361084200006, 30.5946531829 ] } },
{ "type": "Feature", "properties": { "FID": 135, "ID": 136, "Longitude": -96.315394933299999, "Latitude": 30.6177979468, "Name": "Miltie Tow", "Gender": "Female", "Age": 18, "Race": "Fijian", "Occupation": "Senior Quality Engineer", "Address": "031 Fordem Place", "Email": "kbyrch3r@usda.gov", "Phone": "947-446-1212", "Income": 128792.6, "Insurance": "NO", "CEOfficers": "Vincent Rosas", "CommunityID": 5, "EatingHabits": "High-sugar diet" }, "geometry": { "type": "Point", "coordinates": [ -96.315394933299999, 30.6177979468 ] } },
{ "type": "Feature", "properties": { "FID": 136, "ID": 137, "Longitude": -96.375760459700004, "Latitude": 30.610642653, "Name": "Maison Clash", "Gender": "Female", "Age": 76, "Race": "Iroquois", "Occupation": "VP Sales", "Address": "6692 Annamark Crossing", "Email": "zwoollacott3s@boston.com", "Phone": "889-182-0932", "Income": 69150.07, "Insurance": "YES", "CEOfficers": "TAMU", "CommunityID": 99, "EatingHabits": "Low-sugar diet" }, "geometry": { "type": "Point", "coordinates": [ -96.375760459700004, 30.610642653 ] } },
{ "type": "Feature", "properties": { "FID": 137, "ID": 138, "Longitude": -96.272453646299994, "Latitude": 30.5619991491, "Name": "Claudio Meates", "Gender": "Male", "Age": 64, "Race": "Hmong", "Occupation": "Actuary", "Address": "1941 Comanche Point", "Email": "gkitteman3t@mashable.com", "Phone": "313-888-7499", "Income": 30187.81, "Insurance": "NO", "CEOfficers": "James Johnson", "CommunityID": 4, "EatingHabits": "Balanced diet" }, "geometry": { "type": "Point", "coordinates": [ -96.272453646299994, 30.5619991491 ] } },
{ "type": "Feature", "properties": { "FID": 138, "ID": 139, "Longitude": -96.253835954199999, "Latitude": 30.577583952499999, "Name": "Rowe Schreurs", "Gender": "Female", "Age": 58, "Race": "Panamanian", "Occupation": "Teacher", "Address": "809 Dorton Road", "Email": "gpiesold3u@hud.gov", "Phone": "414-139-5844", "Income": 100701.1, "Insurance": "YES", "CEOfficers": "James Johnson", "CommunityID": 4, "EatingHabits": "High-sugar diet" }, "geometry": { "type": "Point", "coordinates": [ -96.253835954199999, 30.577583952499999 ] } },
{ "type": "Feature", "properties": { "FID": 139, "ID": 140, "Longitude": -96.255891880500002, "Latitude": 30.601189806400001, "Name": "Paige Rablen", "Gender": "Female", "Age": 60, "Race": "Paraguayan", "Occupation": "Marketing Manager", "Address": "102 Menomonie Parkway", "Email": "cdowles3v@cafepress.com", "Phone": "746-775-9783", "Income": 22672.61, "Insurance": "NO", "CEOfficers": "Vincent Rosas", "CommunityID": 5, "EatingHabits": "Low-sugar diet" }, "geometry": { "type": "Point", "coordinates": [ -96.255891880500002, 30.601189806400001 ] } },
{ "type": "Feature", "properties": { "FID": 140, "ID": 141, "Longitude": -96.250091780700004, "Latitude": 30.577561847799998, "Name": "Riki Caudell", "Gender": "Agender", "Age": 43, "Race": "Asian Indian", "Occupation": "Financial Analyst", "Address": "7 Sachtjen Alley", "Email": "aschiersch3w@last.fm", "Phone": "917-768-3709", "Income": 128714.21, "Insurance": "YES", "CEOfficers": "James Johnson", "CommunityID": 4, "EatingHabits": "Balanced diet" }, "geometry": { "type": "Point", "coordinates": [ -96.250091780700004, 30.577561847799998 ] } },
{ "type": "Feature", "properties": { "FID": 141, "ID": 142, "Longitude": -96.316815990699993, "Latitude": 30.6167560118, "Name": "Angy Paragreen", "Gender": "Male", "Age": 70, "Race": "Cuban", "Occupation": "Automation Specialist IV", "Address": "6 Lunder Pass", "Email": "ymacro3x@xrea.com", "Phone": "891-909-1533", "Income": 74251.85, "Insurance": "NO", "CEOfficers": "Vincent Rosas", "CommunityID": 5, "EatingHabits": "High-sugar diet" }, "geometry": { "type": "Point", "coordinates": [ -96.316815990699993, 30.6167560118 ] } },
{ "type": "Feature", "properties": { "FID": 142, "ID": 143, "Longitude": -96.315015131899997, "Latitude": 30.623690739899999, "Name": "Micheal Trim", "Gender": "Female", "Age": 23, "Race": "Cheyenne", "Occupation": "Senior Cost Accountant", "Address": "4198 Shelley Alley", "Email": "ddehn3y@sina.com.cn", "Phone": "808-994-1435", "Income": 197322.01, "Insurance": "YES", "CEOfficers": "Vincent Rosas", "CommunityID": 5, "EatingHabits": "Low-sugar diet" }, "geometry": { "type": "Point", "coordinates": [ -96.315015131899997, 30.623690739899999 ] } },
{ "type": "Feature", "properties": { "FID": 143, "ID": 144, "Longitude": -96.295563747200006, "Latitude": 30.5336142532, "Name": "Thorstein Croneen", "Gender": "Male", "Age": 53, "Race": "Cherokee", "Occupation": "Internal Auditor", "Address": "07 Scoville Center", "Email": "ecurteis3z@hibu.com", "Phone": "847-996-1554", "Income": 86385.49, "Insurance": "NO", "CEOfficers": "James Johnson", "CommunityID": 4, "EatingHabits": "Balanced diet" }, "geometry": { "type": "Point", "coordinates": [ -96.295563747200006, 30.5336142532 ] } },
{ "type": "Feature", "properties": { "FID": 144, "ID": 145, "Longitude": -96.264519877500007, "Latitude": 30.584697804499999, "Name": "Shari Sprackling", "Gender": "Male", "Age": 20, "Race": "Tohono O'Odham", "Occupation": "Editor", "Address": "2793 Buhler Drive", "Email": "srainger40@senate.gov", "Phone": "109-771-9033", "Income": 35258.14, "Insurance": "YES", "CEOfficers": "Vincent Rosas", "CommunityID": 5, "EatingHabits": "High-sugar diet" }, "geometry": { "type": "Point", "coordinates": [ -96.264519877500007, 30.584697804499999 ] } },
{ "type": "Feature", "properties": { "FID": 145, "ID": 146, "Longitude": -96.224423287799993, "Latitude": 30.579735133300002, "Name": "David Reding", "Gender": "Female", "Age": 35, "Race": "Costa Rican", "Occupation": "Design Engineer", "Address": "72 Fairfield Avenue", "Email": "ggrimley41@mediafire.com", "Phone": "819-390-4228", "Income": 19559.5, "Insurance": "NO", "CEOfficers": "James Johnson", "CommunityID": 4, "EatingHabits": "Low-sugar diet" }, "geometry": { "type": "Point", "coordinates": [ -96.224423287799993, 30.579735133300002 ] } },
{ "type": "Feature", "properties": { "FID": 146, "ID": 147, "Longitude": -96.341515097699997, "Latitude": 30.610152989, "Name": "Martie Mault", "Gender": "Female", "Age": 58, "Race": "American Indian", "Occupation": "Research Associate", "Address": "6208 Mitchell Point", "Email": "onelsen42@huffingtonpost.com", "Phone": "332-382-7194", "Income": 48589.93, "Insurance": "YES", "CEOfficers": "TAMU", "CommunityID": 99, "EatingHabits": "Balanced diet" }, "geometry": { "type": "Point", "coordinates": [ -96.341515097699997, 30.610152989 ] } },
{ "type": "Feature", "properties": { "FID": 147, "ID": 148, "Longitude": -96.227942490100006, "Latitude": 30.556469350699999, "Name": "Barnard Nelthrop", "Gender": "Female", "Age": 75, "Race": "Colville", "Occupation": "Computer Systems Analyst III", "Address": "5279 Summer Ridge Drive", "Email": "tsouthall43@state.gov", "Phone": "785-641-0866", "Income": 189888.1, "Insurance": "NO", "CEOfficers": "James Johnson", "CommunityID": 4, "EatingHabits": "High-sugar diet" }, "geometry": { "type": "Point", "coordinates": [ -96.227942490100006, 30.556469350699999 ] } },
{ "type": "Feature", "properties": { "FID": 148, "ID": 149, "Longitude": -96.330291763800005, "Latitude": 30.593631233499998, "Name": "Quent Rouchy", "Gender": "Bigender", "Age": 76, "Race": "Taiwanese", "Occupation": "Software Test Engineer I", "Address": "7 Anzinger Pass", "Email": "aastridge44@examiner.com", "Phone": "148-407-6132", "Income": 22718.52, "Insurance": "YES", "CEOfficers": "Adrienne Bishop", "CommunityID": 1, "EatingHabits": "Low-sugar diet" }, "geometry": { "type": "Point", "coordinates": [ -96.330291763800005, 30.593631233499998 ] } },
{ "type": "Feature", "properties": { "FID": 149, "ID": 150, "Longitude": -96.274218045400005, "Latitude": 30.543468584, "Name": "Kaleb Titterington", "Gender": "Bigender", "Age": 60, "Race": "Pakistani", "Occupation": "Teacher", "Address": "79324 Memorial Park", "Email": "kzoppo45@marketwatch.com", "Phone": "105-668-8737", "Income": 83474.87, "Insurance": "NO", "CEOfficers": "James Johnson", "CommunityID": 4, "EatingHabits": "Balanced diet" }, "geometry": { "type": "Point", "coordinates": [ -96.274218045400005, 30.543468584 ] } },
{ "type": "Feature", "properties": { "FID": 150, "ID": 151, "Longitude": -96.239781600399994, "Latitude": 30.583759541199999, "Name": "Amandy Swaddle", "Gender": "Female", "Age": 60, "Race": "Alaska Native", "Occupation": "Marketing Manager", "Address": "1 Heffernan Way", "Email": "apaver46@360.cn", "Phone": "147-396-2280", "Income": 109426.23, "Insurance": "YES", "CEOfficers": "Vincent Rosas", "CommunityID": 5, "EatingHabits": "High-sugar diet" }, "geometry": { "type": "Point", "coordinates": [ -96.239781600399994, 30.583759541199999 ] } },
{ "type": "Feature", "properties": { "FID": 151, "ID": 152, "Longitude": -96.240599386900001, "Latitude": 30.563787296299999, "Name": "Blayne Crebott", "Gender": "Female", "Age": 57, "Race": "Pueblo", "Occupation": "Software Engineer III", "Address": "6630 Hansons Park", "Email": "pduligall47@mapquest.com", "Phone": "426-135-7941", "Income": 198922.05, "Insurance": "NO", "CEOfficers": "James Johnson", "CommunityID": 4, "EatingHabits": "Low-sugar diet" }, "geometry": { "type": "Point", "coordinates": [ -96.240599386900001, 30.563787296299999 ] } },
{ "type": "Feature", "properties": { "FID": 152, "ID": 153, "Longitude": -96.370782807500007, "Latitude": 30.611628495000001, "Name": "Barn Gadd", "Gender": "Male", "Age": 77, "Race": "Bangladeshi", "Occupation": "Analog Circuit Design manager", "Address": "24246 Linden Plaza", "Email": "bfoxten48@deviantart.com", "Phone": "512-280-8352", "Income": 72345.23, "Insurance": "YES", "CEOfficers": "TAMU", "CommunityID": 99, "EatingHabits": "Balanced diet" }, "geometry": { "type": "Point", "coordinates": [ -96.370782807500007, 30.611628495 ] } },
{ "type": "Feature", "properties": { "FID": 153, "ID": 154, "Longitude": -96.284611032599997, "Latitude": 30.608424080799999, "Name": "Lexy Cardus", "Gender": "Female", "Age": 40, "Race": "Nicaraguan", "Occupation": "General Manager", "Address": "0384 Independence Point", "Email": "bandrioli49@pen.io", "Phone": "924-663-3260", "Income": 124530.05, "Insurance": "NO", "CEOfficers": "Vincent Rosas", "CommunityID": 5, "EatingHabits": "High-sugar diet" }, "geometry": { "type": "Point", "coordinates": [ -96.284611032599997, 30.608424080799999 ] } },
{ "type": "Feature", "properties": { "FID": 154, "ID": 155, "Longitude": -96.313032936599996, "Latitude": 30.597187114600001, "Name": "Ariel Ranking", "Gender": "Female", "Age": 20, "Race": "Dominican (Dominican Republic)", "Occupation": "VP Sales", "Address": "59767 Loftsgordon Trail", "Email": "nmussotti4a@businesswire.com", "Phone": "428-966-6896", "Income": 61619.41, "Insurance": "YES", "CEOfficers": "Mark Szydlowski", "CommunityID": 3, "EatingHabits": "Low-sugar diet" }, "geometry": { "type": "Point", "coordinates": [ -96.313032936599996, 30.597187114600001 ] } },
{ "type": "Feature", "properties": { "FID": 155, "ID": 156, "Longitude": -96.307348520900007, "Latitude": 30.6233075912, "Name": "Ynez Lerven", "Gender": "Male", "Age": 40, "Race": "Pueblo", "Occupation": "Tax Accountant", "Address": "4 Merchant Point", "Email": "rleprovest4b@simplemachines.org", "Phone": "801-254-1895", "Income": 177590.47, "Insurance": "NO", "CEOfficers": "Vincent Rosas", "CommunityID": 5, "EatingHabits": "Balanced diet" }, "geometry": { "type": "Point", "coordinates": [ -96.307348520900007, 30.6233075912 ] } },
{ "type": "Feature", "properties": { "FID": 156, "ID": 157, "Longitude": -96.297206405400004, "Latitude": 30.533266598499999, "Name": "Kandace Ferandez", "Gender": "Female", "Age": 74, "Race": "American Indian and Alaska Native (AIAN)", "Occupation": "Nurse", "Address": "6474 Myrtle Way", "Email": "kclynmans4c@istockphoto.com", "Phone": "408-514-2661", "Income": 123470.44, "Insurance": "YES", "CEOfficers": "Francesca Spell", "CommunityID": 2, "EatingHabits": "High-sugar diet" }, "geometry": { "type": "Point", "coordinates": [ -96.297206405400004, 30.533266598499999 ] } },
{ "type": "Feature", "properties": { "FID": 157, "ID": 158, "Longitude": -96.288006475499998, "Latitude": 30.593528102699999, "Name": "Nicol Takis", "Gender": "Female", "Age": 22, "Race": "Salvadoran", "Occupation": "Marketing Manager", "Address": "67 Graedel Center", "Email": "bbullough4d@addthis.com", "Phone": "754-646-7446", "Income": 74095.21, "Insurance": "NO", "CEOfficers": "Vincent Rosas", "CommunityID": 5, "EatingHabits": "Low-sugar diet" }, "geometry": { "type": "Point", "coordinates": [ -96.288006475499998, 30.593528102699999 ] } },
{ "type": "Feature", "properties": { "FID": 158, "ID": 159, "Longitude": -96.321305556300004, "Latitude": 30.5897386396, "Name": "Tye Alwood", "Gender": "Male", "Age": 46, "Race": "Colville", "Occupation": "VP Quality Control", "Address": "26 Shoshone Drive", "Email": "jleteve4e@elegantthemes.com", "Phone": "738-973-3076", "Income": 79344.05, "Insurance": "YES", "CEOfficers": "Adrienne Bishop", "CommunityID": 1, "EatingHabits": "Balanced diet" }, "geometry": { "type": "Point", "coordinates": [ -96.321305556300004, 30.5897386396 ] } },
{ "type": "Feature", "properties": { "FID": 159, "ID": 160, "Longitude": -96.358375923699995, "Latitude": 30.601566269500001, "Name": "Lucita Kensett", "Gender": "Male", "Age": 63, "Race": "Pakistani", "Occupation": "Quality Control Specialist", "Address": "8427 Basil Lane", "Email": "dvasyuchov4f@cpanel.net", "Phone": "359-281-8346", "Income": 105085.88, "Insurance": "NO", "CEOfficers": "TAMU", "CommunityID": 99, "EatingHabits": "High-sugar diet" }, "geometry": { "type": "Point", "coordinates": [ -96.358375923699995, 30.601566269500001 ] } },
{ "type": "Feature", "properties": { "FID": 160, "ID": 161, "Longitude": -96.29339093, "Latitude": 30.576534636600002, "Name": "Coretta Stranks", "Gender": "Male", "Age": 65, "Race": "Colombian", "Occupation": "VP Sales", "Address": "65 Old Gate Way", "Email": "pferriere4g@bluehost.com", "Phone": "167-932-0057", "Income": 189183.91, "Insurance": "YES", "CEOfficers": "Mark Szydlowski", "CommunityID": 3, "EatingHabits": "Low-sugar diet" }, "geometry": { "type": "Point", "coordinates": [ -96.29339093, 30.576534636600002 ] } },
{ "type": "Feature", "properties": { "FID": 161, "ID": 162, "Longitude": -96.292067389300001, "Latitude": 30.643772681600002, "Name": "Klarika Gregoli", "Gender": "Male", "Age": 26, "Race": "Choctaw", "Occupation": "Senior Quality Engineer", "Address": "528 Arkansas Point", "Email": "agimenez4h@go.com", "Phone": "904-387-5847", "Income": 97428.21, "Insurance": "NO", "CEOfficers": "Vincent Rosas", "CommunityID": 5, "EatingHabits": "Balanced diet" }, "geometry": { "type": "Point", "coordinates": [ -96.292067389300001, 30.643772681600002 ] } },
{ "type": "Feature", "properties": { "FID": 162, "ID": 163, "Longitude": -96.281446330199998, "Latitude": 30.649138710199999, "Name": "Gayleen Kern", "Gender": "Male", "Age": 51, "Race": "Menominee", "Occupation": "Assistant Media Planner", "Address": "61671 Daystar Street", "Email": "bmonteith4i@cisco.com", "Phone": "656-464-1464", "Income": 21003.04, "Insurance": "YES", "CEOfficers": "Vincent Rosas", "CommunityID": 5, "EatingHabits": "High-sugar diet" }, "geometry": { "type": "Point", "coordinates": [ -96.281446330199998, 30.649138710199999 ] } },
{ "type": "Feature", "properties": { "FID": 163, "ID": 164, "Longitude": -96.301796594500004, "Latitude": 30.581360604899999, "Name": "Petunia Amiable", "Gender": "Male", "Age": 25, "Race": "Puerto Rican", "Occupation": "Professor", "Address": "574 Eastlawn Trail", "Email": "telies4j@bing.com", "Phone": "538-538-7775", "Income": 116033.36, "Insurance": "NO", "CEOfficers": "Mark Szydlowski", "CommunityID": 3, "EatingHabits": "Low-sugar diet" }, "geometry": { "type": "Point", "coordinates": [ -96.301796594500004, 30.581360604899999 ] } },
{ "type": "Feature", "properties": { "FID": 164, "ID": 165, "Longitude": -96.255970886599997, "Latitude": 30.575575191, "Name": "Brice Brightling", "Gender": "Male", "Age": 37, "Race": "Japanese", "Occupation": "Assistant Professor", "Address": "9581 Crowley Lane", "Email": "mdartan4k@paypal.com", "Phone": "450-404-9637", "Income": 165228.39, "Insurance": "YES", "CEOfficers": "James Johnson", "CommunityID": 4, "EatingHabits": "Balanced diet" }, "geometry": { "type": "Point", "coordinates": [ -96.255970886599997, 30.575575191 ] } },
{ "type": "Feature", "properties": { "FID": 165, "ID": 166, "Longitude": -96.365176011900004, "Latitude": 30.6119044145, "Name": "Katina Condit", "Gender": "Female", "Age": 19, "Race": "American Indian and Alaska Native (AIAN)", "Occupation": "Senior Developer", "Address": "989 Butternut Lane", "Email": "epottell4l@psu.edu", "Phone": "982-363-1903", "Income": 169052.11, "Insurance": "NO", "CEOfficers": "TAMU", "CommunityID": 99, "EatingHabits": "High-sugar diet" }, "geometry": { "type": "Point", "coordinates": [ -96.365176011900004, 30.6119044145 ] } },
{ "type": "Feature", "properties": { "FID": 166, "ID": 167, "Longitude": -96.262646792499993, "Latitude": 30.5963066586, "Name": "Kiah Iacobucci", "Gender": "Male", "Age": 36, "Race": "Paraguayan", "Occupation": "Database Administrator II", "Address": "1429 Anderson Hill", "Email": "icully4m@sciencedirect.com", "Phone": "838-954-1399", "Income": 178009.83, "Insurance": "YES", "CEOfficers": "Vincent Rosas", "CommunityID": 5, "EatingHabits": "Low-sugar diet" }, "geometry": { "type": "Point", "coordinates": [ -96.262646792499993, 30.5963066586 ] } },
{ "type": "Feature", "properties": { "FID": 167, "ID": 168, "Longitude": -96.253857349399993, "Latitude": 30.5917644751, "Name": "Fiann Grimsdell", "Gender": "Female", "Age": 76, "Race": "Salvadoran", "Occupation": "Teacher", "Address": "093 Reinke Way", "Email": "kmoehle4n@privacy.gov.au", "Phone": "388-789-0032", "Income": 98603.57, "Insurance": "NO", "CEOfficers": "Vincent Rosas", "CommunityID": 5, "EatingHabits": "Balanced diet" }, "geometry": { "type": "Point", "coordinates": [ -96.253857349399993, 30.5917644751 ] } },
{ "type": "Feature", "properties": { "FID": 168, "ID": 169, "Longitude": -96.285253996700007, "Latitude": 30.6114094466, "Name": "Josephine Gunningham", "Gender": "Male", "Age": 33, "Race": "Chamorro", "Occupation": "Director of Sales", "Address": "2861 Daystar Hill", "Email": "mattyeo4o@edublogs.org", "Phone": "268-786-1675", "Income": 109601.16, "Insurance": "YES", "CEOfficers": "Vincent Rosas", "CommunityID": 5, "EatingHabits": "High-sugar diet" }, "geometry": { "type": "Point", "coordinates": [ -96.285253996700007, 30.6114094466 ] } },
{ "type": "Feature", "properties": { "FID": 169, "ID": 170, "Longitude": -96.297657126299995, "Latitude": 30.6036933944, "Name": "Joelly Twentyman", "Gender": "Polygender", "Age": 65, "Race": "Alaska Native", "Occupation": "Software Consultant", "Address": "48582 Kingsford Plaza", "Email": "lstockey4p@canalblog.com", "Phone": "726-711-9056", "Income": 50160.54, "Insurance": "NO", "CEOfficers": "Vincent Rosas", "CommunityID": 5, "EatingHabits": "Low-sugar diet" }, "geometry": { "type": "Point", "coordinates": [ -96.297657126299995, 30.6036933944 ] } },
{ "type": "Feature", "properties": { "FID": 170, "ID": 171, "Longitude": -96.270062205000002, "Latitude": 30.565500106999998, "Name": "Renie Kynder", "Gender": "Female", "Age": 40, "Race": "Indonesian", "Occupation": "Executive Secretary", "Address": "62 Memorial Place", "Email": "griche4q@gnu.org", "Phone": "567-429-1269", "Income": 51348.8, "Insurance": "YES", "CEOfficers": "James Johnson", "CommunityID": 4, "EatingHabits": "Balanced diet" }, "geometry": { "type": "Point", "coordinates": [ -96.270062205, 30.565500107 ] } },
{ "type": "Feature", "properties": { "FID": 171, "ID": 172, "Longitude": -96.284914528499996, "Latitude": 30.601064994600002, "Name": "Ezmeralda Harbage", "Gender": "Male", "Age": 36, "Race": "Alaskan Athabascan", "Occupation": "Project Manager", "Address": "11 Portage Avenue", "Email": "psumner4r@de.vu", "Phone": "983-928-6336", "Income": 91492.74, "Insurance": "NO", "CEOfficers": "Vincent Rosas", "CommunityID": 5, "EatingHabits": "High-sugar diet" }, "geometry": { "type": "Point", "coordinates": [ -96.284914528499996, 30.601064994600002 ] } },
{ "type": "Feature", "properties": { "FID": 172, "ID": 173, "Longitude": -96.265028581699994, "Latitude": 30.542367089399999, "Name": "Janet Abram", "Gender": "Male", "Age": 79, "Race": "Colombian", "Occupation": "Community Outreach Specialist", "Address": "8 Burrows Avenue", "Email": "mfairtlough4s@xing.com", "Phone": "851-974-4416", "Income": 180370.69, "Insurance": "YES", "CEOfficers": "James Johnson", "CommunityID": 4, "EatingHabits": "Low-sugar diet" }, "geometry": { "type": "Point", "coordinates": [ -96.265028581699994, 30.542367089399999 ] } },
{ "type": "Feature", "properties": { "FID": 173, "ID": 174, "Longitude": -96.360826895700001, "Latitude": 30.609980716100001, "Name": "Elwood Whyte", "Gender": "Male", "Age": 33, "Race": "Taiwanese", "Occupation": "Director of Sales", "Address": "87392 Vidon Terrace", "Email": "grahlof4t@aol.com", "Phone": "938-584-0811", "Income": 195152.46, "Insurance": "NO", "CEOfficers": "TAMU", "CommunityID": 99, "EatingHabits": "Balanced diet" }, "geometry": { "type": "Point", "coordinates": [ -96.360826895700001, 30.609980716100001 ] } },
{ "type": "Feature", "properties": { "FID": 174, "ID": 175, "Longitude": -96.232825330500006, "Latitude": 30.588080315900001, "Name": "Shea Innman", "Gender": "Male", "Age": 68, "Race": "Panamanian", "Occupation": "Social Worker", "Address": "3 Chinook Terrace", "Email": "wheber4u@chron.com", "Phone": "191-460-3100", "Income": 140326.71, "Insurance": "YES", "CEOfficers": "Vincent Rosas", "CommunityID": 5, "EatingHabits": "High-sugar diet" }, "geometry": { "type": "Point", "coordinates": [ -96.232825330500006, 30.588080315900001 ] } },
{ "type": "Feature", "properties": { "FID": 175, "ID": 176, "Longitude": -96.354137867000006, "Latitude": 30.5834082553, "Name": "Teresita Cauldfield", "Gender": "Male", "Age": 67, "Race": "Colombian", "Occupation": "VP Product Management", "Address": "16 Holmberg Lane", "Email": "ntregonna4v@flavors.me", "Phone": "632-294-6034", "Income": 65559.13, "Insurance": "NO", "CEOfficers": "TAMU", "CommunityID": 99, "EatingHabits": "Low-sugar diet" }, "geometry": { "type": "Point", "coordinates": [ -96.354137867, 30.5834082553 ] } },
{ "type": "Feature", "properties": { "FID": 176, "ID": 177, "Longitude": -96.370130866899999, "Latitude": 30.5795543441, "Name": "Yettie Titt", "Gender": "Bigender", "Age": 72, "Race": "Hmong", "Occupation": "Dental Hygienist", "Address": "08776 Hagan Way", "Email": "rwheble4w@discuz.net", "Phone": "380-126-2409", "Income": 123396.69, "Insurance": "YES", "CEOfficers": "TAMU", "CommunityID": 99, "EatingHabits": "Balanced diet" }, "geometry": { "type": "Point", "coordinates": [ -96.370130866899999, 30.5795543441 ] } },
{ "type": "Feature", "properties": { "FID": 177, "ID": 178, "Longitude": -96.372493590399998, "Latitude": 30.6050409572, "Name": "Margaretta Verring", "Gender": "Female", "Age": 24, "Race": "Apache", "Occupation": "Nurse Practicioner", "Address": "090 Jenifer Hill", "Email": "prentilll4x@telegraph.co.uk", "Phone": "218-718-4573", "Income": 129246.15, "Insurance": "NO", "CEOfficers": "Francesca Spell", "CommunityID": 2, "EatingHabits": "High-sugar diet" }, "geometry": { "type": "Point", "coordinates": [ -96.372493590399998, 30.6050409572 ] } },
{ "type": "Feature", "properties": { "FID": 178, "ID": 179, "Longitude": -96.343164008200006, "Latitude": 30.608188126200002, "Name": "Mill Pennell", "Gender": "Male", "Age": 43, "Race": "Nicaraguan", "Occupation": "Web Designer II", "Address": "05704 Anhalt Road", "Email": "gkedie4y@jigsy.com", "Phone": "595-473-0515", "Income": 23585.16, "Insurance": "YES", "CEOfficers": "TAMU", "CommunityID": 99, "EatingHabits": "Low-sugar diet" }, "geometry": { "type": "Point", "coordinates": [ -96.343164008200006, 30.608188126200002 ] } },
{ "type": "Feature", "properties": { "FID": 179, "ID": 180, "Longitude": -96.301311785300001, "Latitude": 30.5436341588, "Name": "Wileen Renols", "Gender": "Female", "Age": 45, "Race": "Japanese", "Occupation": "VP Quality Control", "Address": "37242 Morrow Avenue", "Email": "rmassenhove4z@nationalgeographic.com", "Phone": "693-232-5695", "Income": 141566.18, "Insurance": "NO", "CEOfficers": "Francesca Spell", "CommunityID": 2, "EatingHabits": "Balanced diet" }, "geometry": { "type": "Point", "coordinates": [ -96.301311785300001, 30.5436341588 ] } },
{ "type": "Feature", "properties": { "FID": 180, "ID": 181, "Longitude": -96.296579682300006, "Latitude": 30.519013882, "Name": "Jozef Shuxsmith", "Gender": "Female", "Age": 67, "Race": "Argentinian", "Occupation": "Software Test Engineer IV", "Address": "7 Dakota Road", "Email": "ejeckells50@google.es", "Phone": "743-601-3059", "Income": 154642.94, "Insurance": "YES", "CEOfficers": "James Johnson", "CommunityID": 4, "EatingHabits": "High-sugar diet" }, "geometry": { "type": "Point", "coordinates": [ -96.296579682300006, 30.519013882 ] } },
{ "type": "Feature", "properties": { "FID": 181, "ID": 182, "Longitude": -96.235843796599994, "Latitude": 30.551743142, "Name": "Marcelia Renac", "Gender": "Bigender", "Age": 53, "Race": "Potawatomi", "Occupation": "VP Marketing", "Address": "9291 Pepper Wood Lane", "Email": "hkaspar51@paypal.com", "Phone": "189-464-7795", "Income": 85962.27, "Insurance": "NO", "CEOfficers": "James Johnson", "CommunityID": 4, "EatingHabits": "Low-sugar diet" }, "geometry": { "type": "Point", "coordinates": [ -96.235843796599994, 30.551743142 ] } },
{ "type": "Feature", "properties": { "FID": 182, "ID": 183, "Longitude": -96.309649319000002, "Latitude": 30.561605077799999, "Name": "Daffy Shrieves", "Gender": "Female", "Age": 22, "Race": "Guamanian", "Occupation": "Web Designer IV", "Address": "5 Debs Court", "Email": "tseedhouse52@icq.com", "Phone": "909-362-9151", "Income": 102560.73, "Insurance": "YES", "CEOfficers": "James Johnson", "CommunityID": 4, "EatingHabits": "Balanced diet" }, "geometry": { "type": "Point", "coordinates": [ -96.309649319, 30.561605077799999 ] } },
{ "type": "Feature", "properties": { "FID": 183, "ID": 184, "Longitude": -96.276021807899994, "Latitude": 30.5848667733, "Name": "Allistir Insworth", "Gender": "Male", "Age": 76, "Race": "Crow", "Occupation": "Information Systems Manager", "Address": "804 Nancy Point", "Email": "fgibbe53@wordpress.org", "Phone": "564-991-8493", "Income": 140408.79, "Insurance": "NO", "CEOfficers": "James Johnson", "CommunityID": 4, "EatingHabits": "High-sugar diet" }, "geometry": { "type": "Point", "coordinates": [ -96.276021807899994, 30.5848667733 ] } },
{ "type": "Feature", "properties": { "FID": 184, "ID": 185, "Longitude": -96.285728260799999, "Latitude": 30.524819422, "Name": "Chickie Scandrite", "Gender": "Genderqueer", "Age": 60, "Race": "Ottawa", "Occupation": "Nuclear Power Engineer", "Address": "1 Elmside Alley", "Email": "rbremner54@fotki.com", "Phone": "927-802-8675", "Income": 194179.17, "Insurance": "YES", "CEOfficers": "James Johnson", "CommunityID": 4, "EatingHabits": "Low-sugar diet" }, "geometry": { "type": "Point", "coordinates": [ -96.285728260799999, 30.524819422 ] } },
{ "type": "Feature", "properties": { "FID": 185, "ID": 186, "Longitude": -96.301562066800003, "Latitude": 30.5797129591, "Name": "Beverie Colisbe", "Gender": "Female", "Age": 66, "Race": "Panamanian", "Occupation": "Compensation Analyst", "Address": "3 Ruskin Circle", "Email": "vkenrack55@mail.ru", "Phone": "719-748-8726", "Income": 111447.32, "Insurance": "NO", "CEOfficers": "Mark Szydlowski", "CommunityID": 3, "EatingHabits": "Balanced diet" }, "geometry": { "type": "Point", "coordinates": [ -96.301562066800003, 30.5797129591 ] } },
{ "type": "Feature", "properties": { "FID": 186, "ID": 187, "Longitude": -96.3238690007, "Latitude": 30.569774737300001, "Name": "Kenn Lyngsted", "Gender": "Male", "Age": 43, "Race": "American Indian", "Occupation": "Quality Control Specialist", "Address": "83 Veith Place", "Email": "fpratley56@ebay.com", "Phone": "658-170-1978", "Income": 35926.19, "Insurance": "YES", "CEOfficers": "Mark Szydlowski", "CommunityID": 3, "EatingHabits": "High-sugar diet" }, "geometry": { "type": "Point", "coordinates": [ -96.3238690007, 30.569774737300001 ] } },
{ "type": "Feature", "properties": { "FID": 187, "ID": 188, "Longitude": -96.385103366899997, "Latitude": 30.589830357699999, "Name": "Kiley Potzold", "Gender": "Female", "Age": 21, "Race": "Mexican", "Occupation": "Marketing Manager", "Address": "93 Toban Lane", "Email": "lmence57@hostgator.com", "Phone": "337-660-5328", "Income": 38166.1, "Insurance": "NO", "CEOfficers": "Francesca Spell", "CommunityID": 2, "EatingHabits": "Low-sugar diet" }, "geometry": { "type": "Point", "coordinates": [ -96.385103366899997, 30.589830357699999 ] } },
{ "type": "Feature", "properties": { "FID": 188, "ID": 189, "Longitude": -96.3410889134, "Latitude": 30.5831715158, "Name": "Merle McFater", "Gender": "Agender", "Age": 57, "Race": "Pima", "Occupation": "Teacher", "Address": "88 Goodland Way", "Email": "dderbyshire58@state.tx.us", "Phone": "185-229-5079", "Income": 154332.47, "Insurance": "YES", "CEOfficers": "Mark Szydlowski", "CommunityID": 3, "EatingHabits": "Balanced diet" }, "geometry": { "type": "Point", "coordinates": [ -96.3410889134, 30.5831715158 ] } },
{ "type": "Feature", "properties": { "FID": 189, "ID": 190, "Longitude": -96.232620726199997, "Latitude": 30.5403715, "Name": "Paula Rosoni", "Gender": "Male", "Age": 77, "Race": "Puget Sound Salish", "Occupation": "Programmer Analyst I", "Address": "61884 5th Center", "Email": "bwooster59@nydailynews.com", "Phone": "780-998-1743", "Income": 14876.77, "Insurance": "NO", "CEOfficers": "James Johnson", "CommunityID": 4, "EatingHabits": "High-sugar diet" }, "geometry": { "type": "Point", "coordinates": [ -96.232620726199997, 30.5403715 ] } },
{ "type": "Feature", "properties": { "FID": 190, "ID": 191, "Longitude": -96.345443878300003, "Latitude": 30.607525851599998, "Name": "Nannette Paffitt", "Gender": "Male", "Age": 65, "Race": "Alaska Native", "Occupation": "Mechanical Systems Engineer", "Address": "667 Tennyson Parkway", "Email": "pscotcher5a@buzzfeed.com", "Phone": "396-515-8478", "Income": 97504.13, "Insurance": "YES", "CEOfficers": "TAMU", "CommunityID": 99, "EatingHabits": "Low-sugar diet" }, "geometry": { "type": "Point", "coordinates": [ -96.345443878300003, 30.607525851599998 ] } },
{ "type": "Feature", "properties": { "FID": 191, "ID": 192, "Longitude": -96.332847317499997, "Latitude": 30.620140124399999, "Name": "Milissent Keir", "Gender": "Male", "Age": 41, "Race": "Vietnamese", "Occupation": "Software Test Engineer I", "Address": "205 Blaine Crossing", "Email": "sfrobisher5b@fotki.com", "Phone": "272-802-4442", "Income": 76519.59, "Insurance": "NO", "CEOfficers": "TAMU", "CommunityID": 99, "EatingHabits": "Balanced diet" }, "geometry": { "type": "Point", "coordinates": [ -96.332847317499997, 30.620140124399999 ] } },
{ "type": "Feature", "properties": { "FID": 192, "ID": 193, "Longitude": -96.284089887099995, "Latitude": 30.605369488099999, "Name": "Riannon Dowley", "Gender": "Male", "Age": 65, "Race": "Micronesian", "Occupation": "Professor", "Address": "64047 Kropf Junction", "Email": "nosharry5c@reference.com", "Phone": "936-789-0849", "Income": 134581.95, "Insurance": "YES", "CEOfficers": "Vincent Rosas", "CommunityID": 5, "EatingHabits": "High-sugar diet" }, "geometry": { "type": "Point", "coordinates": [ -96.284089887099995, 30.605369488099999 ] } },
{ "type": "Feature", "properties": { "FID": 193, "ID": 194, "Longitude": -96.313031230999997, "Latitude": 30.588849891599999, "Name": "Kristy Powney", "Gender": "Female", "Age": 80, "Race": "Native Hawaiian and Other Pacific Islander (NHPI)", "Occupation": "Director of Sales", "Address": "4 Bunker Hill Place", "Email": "bberzons5d@rakuten.co.jp", "Phone": "829-892-5365", "Income": 154448.8, "Insurance": "NO", "CEOfficers": "Mark Szydlowski", "CommunityID": 3, "EatingHabits": "Low-sugar diet" }, "geometry": { "type": "Point", "coordinates": [ -96.313031231, 30.588849891599999 ] } },
{ "type": "Feature", "properties": { "FID": 194, "ID": 195, "Longitude": -96.361773537800005, "Latitude": 30.579320990199999, "Name": "Rochester Brushneen", "Gender": "Polygender", "Age": 18, "Race": "Malaysian", "Occupation": "Programmer III", "Address": "393 Express Pass", "Email": "lcarrack5e@xrea.com", "Phone": "355-158-3363", "Income": 190914.7, "Insurance": "YES", "CEOfficers": "TAMU", "CommunityID": 99, "EatingHabits": "Balanced diet" }, "geometry": { "type": "Point", "coordinates": [ -96.361773537800005, 30.579320990199999 ] } },
{ "type": "Feature", "properties": { "FID": 195, "ID": 196, "Longitude": -96.3246340723, "Latitude": 30.631953314, "Name": "Bernadine Markova", "Gender": "Male", "Age": 66, "Race": "Polynesian", "Occupation": "Occupational Therapist", "Address": "22 Gulseth Center", "Email": "hbernardes5f@cbslocal.com", "Phone": "173-339-0057", "Income": 45163.09, "Insurance": "NO", "CEOfficers": "Vincent Rosas", "CommunityID": 5, "EatingHabits": "High-sugar diet" }, "geometry": { "type": "Point", "coordinates": [ -96.3246340723, 30.631953314 ] } },
{ "type": "Feature", "properties": { "FID": 196, "ID": 197, "Longitude": -96.286147462800002, "Latitude": 30.610367805, "Name": "Ruth Spackman", "Gender": "Male", "Age": 20, "Race": "Mexican", "Occupation": "Mechanical Systems Engineer", "Address": "239 Kropf Avenue", "Email": "acoenraets5g@cbsnews.com", "Phone": "812-732-4027", "Income": 127720.78, "Insurance": "YES", "CEOfficers": "Vincent Rosas", "CommunityID": 5, "EatingHabits": "Low-sugar diet" }, "geometry": { "type": "Point", "coordinates": [ -96.286147462800002, 30.610367805 ] } },
{ "type": "Feature", "properties": { "FID": 197, "ID": 198, "Longitude": -96.309493627099997, "Latitude": 30.573896637000001, "Name": "Iago Capehorn", "Gender": "Female", "Age": 27, "Race": "Laotian", "Occupation": "Recruiting Manager", "Address": "4947 American Ash Trail", "Email": "btemperton5h@vk.com", "Phone": "378-134-9934", "Income": 164815.15, "Insurance": "NO", "CEOfficers": "Mark Szydlowski", "CommunityID": 3, "EatingHabits": "Balanced diet" }, "geometry": { "type": "Point", "coordinates": [ -96.309493627099997, 30.573896637 ] } },
{ "type": "Feature", "properties": { "FID": 198, "ID": 199, "Longitude": -96.325592873600002, "Latitude": 30.6117333487, "Name": "Olia Maysor", "Gender": "Female", "Age": 58, "Race": "Mexican", "Occupation": "Human Resources Assistant III", "Address": "65446 Maple Street", "Email": "ndinneen5i@studiopress.com", "Phone": "932-915-8681", "Income": 43728.17, "Insurance": "YES", "CEOfficers": "Adrienne Bishop", "CommunityID": 1, "EatingHabits": "High-sugar diet" }, "geometry": { "type": "Point", "coordinates": [ -96.325592873600002, 30.6117333487 ] } },
{ "type": "Feature", "properties": { "FID": 199, "ID": 200, "Longitude": -96.368064941599997, "Latitude": 30.5912367864, "Name": "Glen Elcome", "Gender": "Male", "Age": 31, "Race": "Black or African American", "Occupation": "Help Desk Technician", "Address": "546 Rigney Parkway", "Email": "wabbitt5j@latimes.com", "Phone": "454-181-2828", "Income": 23077.08, "Insurance": "NO", "CEOfficers": "TAMU", "CommunityID": 99, "EatingHabits": "Low-sugar diet" }, "geometry": { "type": "Point", "coordinates": [ -96.368064941599997, 30.5912367864 ] } },
{ "type": "Feature", "properties": { "FID": 200, "ID": 201, "Longitude": -96.336614350399998, "Latitude": 30.6294489647, "Name": "Jolynn Gionettitti", "Gender": "Non-binary", "Age": 37, "Race": "Japanese", "Occupation": "Account Representative II", "Address": "929 Pankratz Center", "Email": "aadlington5k@people.com.cn", "Phone": "380-103-6737", "Income": 49207.75, "Insurance": "YES", "CEOfficers": "Adrienne Bishop", "CommunityID": 1, "EatingHabits": "Balanced diet" }, "geometry": { "type": "Point", "coordinates": [ -96.336614350399998, 30.6294489647 ] } },
{ "type": "Feature", "properties": { "FID": 201, "ID": 202, "Longitude": -96.3490980033, "Latitude": 30.5972380276, "Name": "Dorelle MacEllen", "Gender": "Female", "Age": 43, "Race": "Shoshone", "Occupation": "Quality Control Specialist", "Address": "3898 Talisman Lane", "Email": "jlevene5l@vinaora.com", "Phone": "429-478-2109", "Income": 130243.53, "Insurance": "NO", "CEOfficers": "TAMU", "CommunityID": 99, "EatingHabits": "High-sugar diet" }, "geometry": { "type": "Point", "coordinates": [ -96.3490980033, 30.5972380276 ] } },
{ "type": "Feature", "properties": { "FID": 202, "ID": 203, "Longitude": -96.364423, "Latitude": 30.586891912700001, "Name": "Nye Garn", "Gender": "Female", "Age": 32, "Race": "American Indian and Alaska Native (AIAN)", "Occupation": "Social Worker", "Address": "083 Clyde Gallagher Avenue", "Email": "djean5m@prlog.org", "Phone": "793-401-0104", "Income": 157881.54, "Insurance": "YES", "CEOfficers": "TAMU", "CommunityID": 99, "EatingHabits": "Low-sugar diet" }, "geometry": { "type": "Point", "coordinates": [ -96.364423, 30.586891912700001 ] } },
{ "type": "Feature", "properties": { "FID": 203, "ID": 204, "Longitude": -96.240463913200003, "Latitude": 30.546399798900001, "Name": "Paul Repper", "Gender": "Male", "Age": 19, "Race": "Houma", "Occupation": "Budget\/Accounting Analyst IV", "Address": "8862 Bay Trail", "Email": "jfoltin5n@tinypic.com", "Phone": "910-736-3538", "Income": 36752.57, "Insurance": "NO", "CEOfficers": "James Johnson", "CommunityID": 4, "EatingHabits": "Balanced diet" }, "geometry": { "type": "Point", "coordinates": [ -96.240463913200003, 30.546399798900001 ] } },
{ "type": "Feature", "properties": { "FID": 204, "ID": 205, "Longitude": -96.255374247700004, "Latitude": 30.566375991200001, "Name": "Giana Horsefield", "Gender": "Female", "Age": 45, "Race": "South American", "Occupation": "Design Engineer", "Address": "2 Bay Park", "Email": "fireson5o@narod.ru", "Phone": "401-482-5233", "Income": 177057.84, "Insurance": "YES", "CEOfficers": "James Johnson", "CommunityID": 4, "EatingHabits": "High-sugar diet" }, "geometry": { "type": "Point", "coordinates": [ -96.255374247700004, 30.566375991200001 ] } },
{ "type": "Feature", "properties": { "FID": 205, "ID": 206, "Longitude": -96.361829717899994, "Latitude": 30.589259286000001, "Name": "Radcliffe Bergin", "Gender": "Female", "Age": 63, "Race": "American Indian and Alaska Native (AIAN)", "Occupation": "Structural Engineer", "Address": "243 Fordem Parkway", "Email": "dsturney5p@oracle.com", "Phone": "445-275-6502", "Income": 136038.83, "Insurance": "NO", "CEOfficers": "TAMU", "CommunityID": 99, "EatingHabits": "Low-sugar diet" }, "geometry": { "type": "Point", "coordinates": [ -96.361829717899994, 30.589259286 ] } },
{ "type": "Feature", "properties": { "FID": 206, "ID": 207, "Longitude": -96.262846396800001, "Latitude": 30.590492066199999, "Name": "Stacey Deverock", "Gender": "Female", "Age": 25, "Race": "Colombian", "Occupation": "Design Engineer", "Address": "1 Moland Park", "Email": "dstroton5q@artisteer.com", "Phone": "753-176-0667", "Income": 49111.56, "Insurance": "YES", "CEOfficers": "Vincent Rosas", "CommunityID": 5, "EatingHabits": "Balanced diet" }, "geometry": { "type": "Point", "coordinates": [ -96.262846396800001, 30.590492066199999 ] } },
{ "type": "Feature", "properties": { "FID": 207, "ID": 208, "Longitude": -96.243579163099994, "Latitude": 30.590829653099998, "Name": "Trescha Crichton", "Gender": "Male", "Age": 27, "Race": "South American", "Occupation": "Assistant Manager", "Address": "9193 Messerschmidt Lane", "Email": "schadwell5r@comsenz.com", "Phone": "206-952-4535", "Income": 79079.71, "Insurance": "NO", "CEOfficers": "Vincent Rosas", "CommunityID": 5, "EatingHabits": "High-sugar diet" }, "geometry": { "type": "Point", "coordinates": [ -96.243579163099994, 30.590829653099998 ] } },
{ "type": "Feature", "properties": { "FID": 208, "ID": 209, "Longitude": -96.324882128599995, "Latitude": 30.556432109, "Name": "Penni Gainforth", "Gender": "Genderfluid", "Age": 43, "Race": "Pima", "Occupation": "VP Quality Control", "Address": "0 Eagan Junction", "Email": "znapthine5s@behance.net", "Phone": "657-736-2367", "Income": 33561.27, "Insurance": "YES", "CEOfficers": "Mark Szydlowski", "CommunityID": 3, "EatingHabits": "Low-sugar diet" }, "geometry": { "type": "Point", "coordinates": [ -96.324882128599995, 30.556432109 ] } },
{ "type": "Feature", "properties": { "FID": 209, "ID": 210, "Longitude": -96.358651748599996, "Latitude": 30.619037979200002, "Name": "Melly Calven", "Gender": "Female", "Age": 55, "Race": "Polynesian", "Occupation": "Editor", "Address": "7 Mariners Cove Road", "Email": "ccastellan5t@cdc.gov", "Phone": "891-391-4254", "Income": 169621.43, "Insurance": "NO", "CEOfficers": "TAMU", "CommunityID": 99, "EatingHabits": "Balanced diet" }, "geometry": { "type": "Point", "coordinates": [ -96.358651748599996, 30.619037979200002 ] } },
{ "type": "Feature", "properties": { "FID": 210, "ID": 211, "Longitude": -96.365661066100003, "Latitude": 30.571114077499999, "Name": "Judd Penwright", "Gender": "Female", "Age": 28, "Race": "Bangladeshi", "Occupation": "Structural Analysis Engineer", "Address": "84867 Clyde Gallagher Hill", "Email": "iwinsley5u@angelfire.com", "Phone": "780-317-5276", "Income": 126668.98, "Insurance": "YES", "CEOfficers": "TAMU", "CommunityID": 99, "EatingHabits": "High-sugar diet" }, "geometry": { "type": "Point", "coordinates": [ -96.365661066100003, 30.571114077499999 ] } },
{ "type": "Feature", "properties": { "FID": 211, "ID": 212, "Longitude": -96.346096420500004, "Latitude": 30.586624650299999, "Name": "Lizette Midner", "Gender": "Female", "Age": 47, "Race": "Blackfeet", "Occupation": "Health Coach II", "Address": "487 Prairie Rose Lane", "Email": "nmcclay5v@reverbnation.com", "Phone": "425-558-3305", "Income": 142922.87, "Insurance": "NO", "CEOfficers": "Mark Szydlowski", "CommunityID": 3, "EatingHabits": "Low-sugar diet" }, "geometry": { "type": "Point", "coordinates": [ -96.346096420500004, 30.586624650299999 ] } },
{ "type": "Feature", "properties": { "FID": 212, "ID": 213, "Longitude": -96.300983006600006, "Latitude": 30.633927464599999, "Name": "Joni Jolliff", "Gender": "Female", "Age": 60, "Race": "South American", "Occupation": "VP Product Management", "Address": "6 Colorado Alley", "Email": "dlongfoot5w@webeden.co.uk", "Phone": "871-120-3304", "Income": 25619.66, "Insurance": "YES", "CEOfficers": "Vincent Rosas", "CommunityID": 5, "EatingHabits": "Balanced diet" }, "geometry": { "type": "Point", "coordinates": [ -96.300983006600006, 30.633927464599999 ] } },
{ "type": "Feature", "properties": { "FID": 213, "ID": 214, "Longitude": -96.301248257599994, "Latitude": 30.539081489000001, "Name": "Ilario Ellerton", "Gender": "Male", "Age": 25, "Race": "Iroquois", "Occupation": "Senior Quality Engineer", "Address": "61750 Sachtjen Place", "Email": "sedmund5x@springer.com", "Phone": "917-409-2722", "Income": 185522.47, "Insurance": "NO", "CEOfficers": "Francesca Spell", "CommunityID": 2, "EatingHabits": "High-sugar diet" }, "geometry": { "type": "Point", "coordinates": [ -96.301248257599994, 30.539081489 ] } },
{ "type": "Feature", "properties": { "FID": 214, "ID": 215, "Longitude": -96.365274730699994, "Latitude": 30.567532917099999, "Name": "Janeen Lergan", "Gender": "Female", "Age": 50, "Race": "Sioux", "Occupation": "Operator", "Address": "23 Milwaukee Park", "Email": "kdooly5y@techcrunch.com", "Phone": "608-219-8117", "Income": 139124.96, "Insurance": "YES", "CEOfficers": "TAMU", "CommunityID": 99, "EatingHabits": "Low-sugar diet" }, "geometry": { "type": "Point", "coordinates": [ -96.365274730699994, 30.567532917099999 ] } },
{ "type": "Feature", "properties": { "FID": 215, "ID": 216, "Longitude": -96.331404496800005, "Latitude": 30.558513555600001, "Name": "Alissa Ager", "Gender": "Male", "Age": 70, "Race": "Ute", "Occupation": "Human Resources Manager", "Address": "93 Hermina Alley", "Email": "ndoodson5z@bigcartel.com", "Phone": "229-914-4058", "Income": 66739.4, "Insurance": "NO", "CEOfficers": "Mark Szydlowski", "CommunityID": 3, "EatingHabits": "Balanced diet" }, "geometry": { "type": "Point", "coordinates": [ -96.331404496800005, 30.558513555600001 ] } },
{ "type": "Feature", "properties": { "FID": 216, "ID": 217, "Longitude": -96.262629343900002, "Latitude": 30.562917960099998, "Name": "Chrissie Riddell", "Gender": "Female", "Age": 46, "Race": "Salvadoran", "Occupation": "Design Engineer", "Address": "5 Division Parkway", "Email": "kforrestall60@1688.com", "Phone": "714-647-7621", "Income": 109429.53, "Insurance": "YES", "CEOfficers": "James Johnson", "CommunityID": 4, "EatingHabits": "High-sugar diet" }, "geometry": { "type": "Point", "coordinates": [ -96.262629343900002, 30.562917960099998 ] } },
{ "type": "Feature", "properties": { "FID": 217, "ID": 218, "Longitude": -96.303617561600007, "Latitude": 30.6202891284, "Name": "Ddene Hackford", "Gender": "Male", "Age": 44, "Race": "Aleut", "Occupation": "Biostatistician II", "Address": "43 Fallview Park", "Email": "oscurfield61@soundcloud.com", "Phone": "965-708-6614", "Income": 76298.87, "Insurance": "NO", "CEOfficers": "Vincent Rosas", "CommunityID": 5, "EatingHabits": "Low-sugar diet" }, "geometry": { "type": "Point", "coordinates": [ -96.303617561600007, 30.6202891284 ] } },
{ "type": "Feature", "properties": { "FID": 218, "ID": 219, "Longitude": -96.360341004899993, "Latitude": 30.5994542422, "Name": "Killian Carass", "Gender": "Male", "Age": 36, "Race": "Native Hawaiian", "Occupation": "Senior Developer", "Address": "7544 Londonderry Road", "Email": "dalans62@wordpress.org", "Phone": "664-612-3236", "Income": 113749.77, "Insurance": "YES", "CEOfficers": "TAMU", "CommunityID": 99, "EatingHabits": "Balanced diet" }, "geometry": { "type": "Point", "coordinates": [ -96.360341004899993, 30.5994542422 ] } },
{ "type": "Feature", "properties": { "FID": 219, "ID": 220, "Longitude": -96.371112638499994, "Latitude": 30.615360104499999, "Name": "Bronny Meaton", "Gender": "Female", "Age": 60, "Race": "Yakama", "Occupation": "Assistant Manager", "Address": "76192 Ronald Regan Road", "Email": "sseargeant63@oakley.com", "Phone": "210-505-8088", "Income": 156511.95, "Insurance": "NO", "CEOfficers": "TAMU", "CommunityID": 99, "EatingHabits": "High-sugar diet" }, "geometry": { "type": "Point", "coordinates": [ -96.371112638499994, 30.615360104499999 ] } },
{ "type": "Feature", "properties": { "FID": 220, "ID": 221, "Longitude": -96.358147231499998, "Latitude": 30.613157634699999, "Name": "Dalis Gardner", "Gender": "Genderqueer", "Age": 26, "Race": "Paiute", "Occupation": "Administrative Assistant I", "Address": "633 Barby Park", "Email": "nwalework64@github.io", "Phone": "541-946-9700", "Income": 128469.36, "Insurance": "YES", "CEOfficers": "TAMU", "CommunityID": 99, "EatingHabits": "Low-sugar diet" }, "geometry": { "type": "Point", "coordinates": [ -96.358147231499998, 30.613157634699999 ] } },
{ "type": "Feature", "properties": { "FID": 221, "ID": 222, "Longitude": -96.241901036599998, "Latitude": 30.5631032774, "Name": "Trev Strood", "Gender": "Male", "Age": 54, "Race": "Puerto Rican", "Occupation": "Assistant Professor", "Address": "117 Doe Crossing Center", "Email": "faldwick65@seesaa.net", "Phone": "623-145-3337", "Income": 83742.57, "Insurance": "NO", "CEOfficers": "James Johnson", "CommunityID": 4, "EatingHabits": "Balanced diet" }, "geometry": { "type": "Point", "coordinates": [ -96.241901036599998, 30.5631032774 ] } },
{ "type": "Feature", "properties": { "FID": 222, "ID": 223, "Longitude": -96.261246319199998, "Latitude": 30.564919597, "Name": "Opal Flaunders", "Gender": "Male", "Age": 73, "Race": "Cuban", "Occupation": "Dental Hygienist", "Address": "625 Roxbury Alley", "Email": "sskottle66@webs.com", "Phone": "476-272-0012", "Income": 42564.18, "Insurance": "YES", "CEOfficers": "James Johnson", "CommunityID": 4, "EatingHabits": "High-sugar diet" }, "geometry": { "type": "Point", "coordinates": [ -96.261246319199998, 30.564919597 ] } },
{ "type": "Feature", "properties": { "FID": 223, "ID": 224, "Longitude": -96.356238015299994, "Latitude": 30.617825623800002, "Name": "Kameko MacClay", "Gender": "Male", "Age": 18, "Race": "Chippewa", "Occupation": "Media Manager I", "Address": "392 Fordem Circle", "Email": "mbreakspear67@bigcartel.com", "Phone": "996-322-6254", "Income": 72225.24, "Insurance": "NO", "CEOfficers": "TAMU", "CommunityID": 99, "EatingHabits": "Low-sugar diet" }, "geometry": { "type": "Point", "coordinates": [ -96.356238015299994, 30.617825623800002 ] } },
{ "type": "Feature", "properties": { "FID": 224, "ID": 225, "Longitude": -96.338687618400002, "Latitude": 30.595116312999998, "Name": "Ashton Manktelow", "Gender": "Male", "Age": 64, "Race": "Polynesian", "Occupation": "Product Engineer", "Address": "54 Artisan Place", "Email": "wtollet68@ycombinator.com", "Phone": "457-303-0115", "Income": 147680.07, "Insurance": "YES", "CEOfficers": "Adrienne Bishop", "CommunityID": 1, "EatingHabits": "Balanced diet" }, "geometry": { "type": "Point", "coordinates": [ -96.338687618400002, 30.595116313 ] } },
{ "type": "Feature", "properties": { "FID": 225, "ID": 226, "Longitude": -96.261589112899998, "Latitude": 30.542770461, "Name": "Noelle Rekes", "Gender": "Polygender", "Age": 41, "Race": "Native Hawaiian and Other Pacific Islander (NHPI)", "Occupation": "Project Manager", "Address": "702 Dayton Trail", "Email": "gcortese69@state.gov", "Phone": "830-596-8832", "Income": 45267.75, "Insurance": "NO", "CEOfficers": "James Johnson", "CommunityID": 4, "EatingHabits": "High-sugar diet" }, "geometry": { "type": "Point", "coordinates": [ -96.261589112899998, 30.542770461 ] } },
{ "type": "Feature", "properties": { "FID": 226, "ID": 227, "Longitude": -96.2468821, "Latitude": 30.578041516700001, "Name": "Bruis Barrat", "Gender": "Male", "Age": 58, "Race": "Melanesian", "Occupation": "Research Assistant II", "Address": "6 Washington Junction", "Email": "dmarriage6a@telegraph.co.uk", "Phone": "334-420-5945", "Income": 102713.04, "Insurance": "YES", "CEOfficers": "James Johnson", "CommunityID": 4, "EatingHabits": "Low-sugar diet" }, "geometry": { "type": "Point", "coordinates": [ -96.2468821, 30.578041516700001 ] } },
{ "type": "Feature", "properties": { "FID": 227, "ID": 228, "Longitude": -96.207530769499996, "Latitude": 30.546170771700002, "Name": "Gayel Bischop", "Gender": "Female", "Age": 58, "Race": "Puget Sound Salish", "Occupation": "Community Outreach Specialist", "Address": "69068 Marquette Circle", "Email": "estoppe6b@disqus.com", "Phone": "405-388-6393", "Income": 188832.66, "Insurance": "NO", "CEOfficers": "James Johnson", "CommunityID": 4, "EatingHabits": "Balanced diet" }, "geometry": { "type": "Point", "coordinates": [ -96.207530769499996, 30.546170771700002 ] } },
{ "type": "Feature", "properties": { "FID": 228, "ID": 229, "Longitude": -96.267267130299999, "Latitude": 30.587309601800001, "Name": "Hymie Bremmell", "Gender": "Male", "Age": 68, "Race": "Chamorro", "Occupation": "Occupational Therapist", "Address": "9697 Karstens Alley", "Email": "ofearnill6c@mozilla.com", "Phone": "402-914-8506", "Income": 61754.93, "Insurance": "YES", "CEOfficers": "Vincent Rosas", "CommunityID": 5, "EatingHabits": "High-sugar diet" }, "geometry": { "type": "Point", "coordinates": [ -96.267267130299999, 30.587309601800001 ] } },
{ "type": "Feature", "properties": { "FID": 229, "ID": 230, "Longitude": -96.330390208200001, "Latitude": 30.566516828299999, "Name": "Nathanial Lumbley", "Gender": "Male", "Age": 66, "Race": "Micronesian", "Occupation": "Internal Auditor", "Address": "164 Bay Parkway", "Email": "ggiles6d@1688.com", "Phone": "741-330-7677", "Income": 71494.99, "Insurance": "NO", "CEOfficers": "Mark Szydlowski", "CommunityID": 3, "EatingHabits": "Low-sugar diet" }, "geometry": { "type": "Point", "coordinates": [ -96.330390208200001, 30.566516828299999 ] } },
{ "type": "Feature", "properties": { "FID": 230, "ID": 231, "Longitude": -96.234712980500007, "Latitude": 30.560947238800001, "Name": "Sheela O'Crigan", "Gender": "Female", "Age": 24, "Race": "Samoan", "Occupation": "Assistant Professor", "Address": "8 Mifflin Place", "Email": "dmenlow6e@shinystat.com", "Phone": "717-868-5810", "Income": 130574.21, "Insurance": "YES", "CEOfficers": "James Johnson", "CommunityID": 4, "EatingHabits": "Balanced diet" }, "geometry": { "type": "Point", "coordinates": [ -96.234712980500007, 30.560947238800001 ] } },
{ "type": "Feature", "properties": { "FID": 231, "ID": 232, "Longitude": -96.318815891400007, "Latitude": 30.619405930599999, "Name": "Efren Dunaway", "Gender": "Male", "Age": 63, "Race": "Ecuadorian", "Occupation": "Librarian", "Address": "56 Stuart Hill", "Email": "omilverton6f@wired.com", "Phone": "684-931-7786", "Income": 183704.25, "Insurance": "NO", "CEOfficers": "Vincent Rosas", "CommunityID": 5, "EatingHabits": "High-sugar diet" }, "geometry": { "type": "Point", "coordinates": [ -96.318815891400007, 30.619405930599999 ] } },
{ "type": "Feature", "properties": { "FID": 232, "ID": 233, "Longitude": -96.233457880900005, "Latitude": 30.5841916609, "Name": "Morgen Ebunoluwa", "Gender": "Female", "Age": 66, "Race": "Fijian", "Occupation": "Marketing Manager", "Address": "685 Fulton Center", "Email": "tlowseley6g@ft.com", "Phone": "423-800-6289", "Income": 59590.95, "Insurance": "YES", "CEOfficers": "Vincent Rosas", "CommunityID": 5, "EatingHabits": "Low-sugar diet" }, "geometry": { "type": "Point", "coordinates": [ -96.233457880900005, 30.5841916609 ] } },
{ "type": "Feature", "properties": { "FID": 233, "ID": 234, "Longitude": -96.258096908699997, "Latitude": 30.592946587099998, "Name": "Gilberto Heball", "Gender": "Male", "Age": 23, "Race": "Guatemalan", "Occupation": "Account Executive", "Address": "431 Sutherland Avenue", "Email": "pforrestor6h@163.com", "Phone": "934-742-3415", "Income": 182399.07, "Insurance": "NO", "CEOfficers": "Vincent Rosas", "CommunityID": 5, "EatingHabits": "Balanced diet" }, "geometry": { "type": "Point", "coordinates": [ -96.258096908699997, 30.592946587099998 ] } },
{ "type": "Feature", "properties": { "FID": 234, "ID": 235, "Longitude": -96.325911208899996, "Latitude": 30.603754498200001, "Name": "Stillman McCaughan", "Gender": "Male", "Age": 73, "Race": "Seminole", "Occupation": "Analog Circuit Design manager", "Address": "1162 Ridgeview Avenue", "Email": "fnormaville6i@admin.ch", "Phone": "877-912-5931", "Income": 78362.78, "Insurance": "YES", "CEOfficers": "Adrienne Bishop", "CommunityID": 1, "EatingHabits": "High-sugar diet" }, "geometry": { "type": "Point", "coordinates": [ -96.325911208899996, 30.603754498200001 ] } },
{ "type": "Feature", "properties": { "FID": 235, "ID": 236, "Longitude": -96.291279468, "Latitude": 30.606376412500001, "Name": "Zahara Guillerman", "Gender": "Female", "Age": 75, "Race": "Nicaraguan", "Occupation": "Administrative Officer", "Address": "833 Anderson Drive", "Email": "rcreak6j@google.com", "Phone": "242-729-9824", "Income": 26932.23, "Insurance": "NO", "CEOfficers": "Vincent Rosas", "CommunityID": 5, "EatingHabits": "Low-sugar diet" }, "geometry": { "type": "Point", "coordinates": [ -96.291279468, 30.606376412500001 ] } },
{ "type": "Feature", "properties": { "FID": 236, "ID": 237, "Longitude": -96.210701474000004, "Latitude": 30.545431065399999, "Name": "Waverly Cridland", "Gender": "Male", "Age": 53, "Race": "Puerto Rican", "Occupation": "Nurse Practicioner", "Address": "2271 Harper Trail", "Email": "ftreat6k@newsvine.com", "Phone": "786-209-0268", "Income": 172502.73, "Insurance": "YES", "CEOfficers": "James Johnson", "CommunityID": 4, "EatingHabits": "Balanced diet" }, "geometry": { "type": "Point", "coordinates": [ -96.210701474, 30.545431065399999 ] } },
{ "type": "Feature", "properties": { "FID": 237, "ID": 238, "Longitude": -96.24920071, "Latitude": 30.5761095925, "Name": "Barbee Goulborne", "Gender": "Female", "Age": 24, "Race": "Aleut", "Occupation": "VP Product Management", "Address": "91562 La Follette Crossing", "Email": "mmeatcher6l@nhs.uk", "Phone": "161-622-3359", "Income": 100656.23, "Insurance": "NO", "CEOfficers": "James Johnson", "CommunityID": 4, "EatingHabits": "High-sugar diet" }, "geometry": { "type": "Point", "coordinates": [ -96.24920071, 30.5761095925 ] } },
{ "type": "Feature", "properties": { "FID": 238, "ID": 239, "Longitude": -96.324178318999998, "Latitude": 30.6230892124, "Name": "Sadye Spatarul", "Gender": "Female", "Age": 60, "Race": "Yuman", "Occupation": "Dental Hygienist", "Address": "1497 Bayside Point", "Email": "rsperrett6m@seattletimes.com", "Phone": "456-312-2777", "Income": 103694.78, "Insurance": "YES", "CEOfficers": "Adrienne Bishop", "CommunityID": 1, "EatingHabits": "Low-sugar diet" }, "geometry": { "type": "Point", "coordinates": [ -96.324178319, 30.6230892124 ] } },
{ "type": "Feature", "properties": { "FID": 239, "ID": 240, "Longitude": -96.362660336999994, "Latitude": 30.600130251700001, "Name": "Ericha Bridell", "Gender": "Female", "Age": 18, "Race": "Melanesian", "Occupation": "Senior Developer", "Address": "4124 2nd Pass", "Email": "hmocher6n@chron.com", "Phone": "438-666-0881", "Income": 137806.76, "Insurance": "NO", "CEOfficers": "TAMU", "CommunityID": 99, "EatingHabits": "Balanced diet" }, "geometry": { "type": "Point", "coordinates": [ -96.362660337, 30.600130251700001 ] } },
{ "type": "Feature", "properties": { "FID": 240, "ID": 241, "Longitude": -96.358900554100003, "Latitude": 30.578475812200001, "Name": "Johnnie Roloff", "Gender": "Female", "Age": 45, "Race": "Cree", "Occupation": "VP Quality Control", "Address": "9879 Cordelia Crossing", "Email": "nfinlater6o@amazon.co.uk", "Phone": "588-188-7572", "Income": 101433.49, "Insurance": "YES", "CEOfficers": "TAMU", "CommunityID": 99, "EatingHabits": "High-sugar diet" }, "geometry": { "type": "Point", "coordinates": [ -96.358900554100003, 30.578475812200001 ] } },
{ "type": "Feature", "properties": { "FID": 241, "ID": 242, "Longitude": -96.302651716, "Latitude": 30.5385047597, "Name": "Cassaundra Yandell", "Gender": "Female", "Age": 22, "Race": "Ute", "Occupation": "Librarian", "Address": "888 Kedzie Avenue", "Email": "knutbean6p@oracle.com", "Phone": "960-778-9906", "Income": 143142.65, "Insurance": "NO", "CEOfficers": "Francesca Spell", "CommunityID": 2, "EatingHabits": "Low-sugar diet" }, "geometry": { "type": "Point", "coordinates": [ -96.302651716, 30.5385047597 ] } },
{ "type": "Feature", "properties": { "FID": 242, "ID": 243, "Longitude": -96.305829475600007, "Latitude": 30.5771288185, "Name": "Norina Worsfield", "Gender": "Male", "Age": 26, "Race": "Uruguayan", "Occupation": "Quality Control Specialist", "Address": "49 Forster Trail", "Email": "wgiddins6q@cisco.com", "Phone": "819-570-9351", "Income": 108601.81, "Insurance": "YES", "CEOfficers": "Mark Szydlowski", "CommunityID": 3, "EatingHabits": "Balanced diet" }, "geometry": { "type": "Point", "coordinates": [ -96.305829475600007, 30.5771288185 ] } },
{ "type": "Feature", "properties": { "FID": 243, "ID": 244, "Longitude": -96.305499812999997, "Latitude": 30.577314134000002, "Name": "Sharon Topliss", "Gender": "Female", "Age": 32, "Race": "Laotian", "Occupation": "Account Representative III", "Address": "1060 Packers Circle", "Email": "rbransgrove6r@cornell.edu", "Phone": "377-822-8598", "Income": 192059.17, "Insurance": "NO", "CEOfficers": "Mark Szydlowski", "CommunityID": 3, "EatingHabits": "High-sugar diet" }, "geometry": { "type": "Point", "coordinates": [ -96.305499813, 30.577314134 ] } },
{ "type": "Feature", "properties": { "FID": 244, "ID": 245, "Longitude": -96.366239938600003, "Latitude": 30.619967634999998, "Name": "Janean Mathewes", "Gender": "Female", "Age": 36, "Race": "Taiwanese", "Occupation": "Teacher", "Address": "7 Mariners Cove Parkway", "Email": "oprince6s@networkadvertising.org", "Phone": "832-893-6865", "Income": 122922.72, "Insurance": "YES", "CEOfficers": "TAMU", "CommunityID": 99, "EatingHabits": "Low-sugar diet" }, "geometry": { "type": "Point", "coordinates": [ -96.366239938600003, 30.619967635 ] } },
{ "type": "Feature", "properties": { "FID": 245, "ID": 246, "Longitude": -96.251594578199999, "Latitude": 30.592421127600002, "Name": "Loise Withinshaw", "Gender": "Male", "Age": 51, "Race": "Ottawa", "Occupation": "Clinical Specialist", "Address": "734 Old Gate Circle", "Email": "llangfield6t@washington.edu", "Phone": "266-832-6109", "Income": 107110.36, "Insurance": "NO", "CEOfficers": "Vincent Rosas", "CommunityID": 5, "EatingHabits": "Balanced diet" }, "geometry": { "type": "Point", "coordinates": [ -96.251594578199999, 30.592421127600002 ] } },
{ "type": "Feature", "properties": { "FID": 246, "ID": 247, "Longitude": -96.364197133299996, "Latitude": 30.582842815399999, "Name": "Sigismundo Bonsale", "Gender": "Male", "Age": 73, "Race": "Native Hawaiian", "Occupation": "Environmental Tech", "Address": "597 Randy Alley", "Email": "wbrumham6u@phoca.cz", "Phone": "733-940-2942", "Income": 11249.28, "Insurance": "YES", "CEOfficers": "TAMU", "CommunityID": 99, "EatingHabits": "High-sugar diet" }, "geometry": { "type": "Point", "coordinates": [ -96.364197133299996, 30.582842815399999 ] } },
{ "type": "Feature", "properties": { "FID": 247, "ID": 248, "Longitude": -96.232960936500007, "Latitude": 30.555815450400001, "Name": "Jere Winslade", "Gender": "Male", "Age": 48, "Race": "Comanche", "Occupation": "VP Marketing", "Address": "06 Judy Drive", "Email": "osmorthit6v@bandcamp.com", "Phone": "722-180-0638", "Income": 159582.82, "Insurance": "NO", "CEOfficers": "James Johnson", "CommunityID": 4, "EatingHabits": "Low-sugar diet" }, "geometry": { "type": "Point", "coordinates": [ -96.232960936500007, 30.555815450400001 ] } },
{ "type": "Feature", "properties": { "FID": 248, "ID": 249, "Longitude": -96.240905426599994, "Latitude": 30.544640335299999, "Name": "Ned Farryn", "Gender": "Bigender", "Age": 73, "Race": "Japanese", "Occupation": "VP Accounting", "Address": "42 Summer Ridge Alley", "Email": "dtyrie6w@wordpress.org", "Phone": "821-328-7855", "Income": 154178.64, "Insurance": "YES", "CEOfficers": "James Johnson", "CommunityID": 4, "EatingHabits": "Balanced diet" }, "geometry": { "type": "Point", "coordinates": [ -96.240905426599994, 30.544640335299999 ] } },
{ "type": "Feature", "properties": { "FID": 249, "ID": 250, "Longitude": -96.276877271900005, "Latitude": 30.565615772400001, "Name": "Myrwyn Pentecost", "Gender": "Polygender", "Age": 31, "Race": "Cambodian", "Occupation": "Software Consultant", "Address": "9 Village Trail", "Email": "ipoolton6x@mozilla.com", "Phone": "752-738-3072", "Income": 178191.93, "Insurance": "NO", "CEOfficers": "James Johnson", "CommunityID": 4, "EatingHabits": "High-sugar diet" }, "geometry": { "type": "Point", "coordinates": [ -96.276877271900005, 30.565615772400001 ] } },
{ "type": "Feature", "properties": { "FID": 250, "ID": 251, "Longitude": -96.303423146399993, "Latitude": 30.561892503100001, "Name": "Fayina Orvis", "Gender": "Male", "Age": 66, "Race": "Thai", "Occupation": "Graphic Designer", "Address": "81 Bluestem Lane", "Email": "graftery6y@live.com", "Phone": "758-725-0811", "Income": 123604.91, "Insurance": "YES", "CEOfficers": "James Johnson", "CommunityID": 4, "EatingHabits": "Low-sugar diet" }, "geometry": { "type": "Point", "coordinates": [ -96.303423146399993, 30.561892503100001 ] } },
{ "type": "Feature", "properties": { "FID": 251, "ID": 252, "Longitude": -96.297637436299993, "Latitude": 30.626077416600001, "Name": "Kara Schuelcke", "Gender": "Female", "Age": 27, "Race": "Eskimo", "Occupation": "Web Designer IV", "Address": "85 Linden Point", "Email": "joscandall6z@berkeley.edu", "Phone": "907-500-8437", "Income": 26650.37, "Insurance": "NO", "CEOfficers": "Vincent Rosas", "CommunityID": 5, "EatingHabits": "Balanced diet" }, "geometry": { "type": "Point", "coordinates": [ -96.297637436299993, 30.626077416600001 ] } },
{ "type": "Feature", "properties": { "FID": 252, "ID": 253, "Longitude": -96.286907973300004, "Latitude": 30.573870625600001, "Name": "Lilyan Cherrington", "Gender": "Male", "Age": 51, "Race": "Tongan", "Occupation": "Media Manager III", "Address": "596 Westridge Junction", "Email": "bcurado70@biblegateway.com", "Phone": "554-492-0710", "Income": 54129.18, "Insurance": "YES", "CEOfficers": "James Johnson", "CommunityID": 4, "EatingHabits": "High-sugar diet" }, "geometry": { "type": "Point", "coordinates": [ -96.286907973300004, 30.573870625600001 ] } },
{ "type": "Feature", "properties": { "FID": 253, "ID": 254, "Longitude": -96.243510469300006, "Latitude": 30.548258907299999, "Name": "Katie Paterson", "Gender": "Bigender", "Age": 66, "Race": "Spaniard", "Occupation": "VP Sales", "Address": "163 Sheridan Hill", "Email": "hburlingham71@theglobeandmail.com", "Phone": "330-294-5630", "Income": 176729.56, "Insurance": "NO", "CEOfficers": "James Johnson", "CommunityID": 4, "EatingHabits": "Low-sugar diet" }, "geometry": { "type": "Point", "coordinates": [ -96.243510469300006, 30.548258907299999 ] } },
{ "type": "Feature", "properties": { "FID": 254, "ID": 255, "Longitude": -96.284135342499994, "Latitude": 30.652520778300001, "Name": "Juliette Tamburi", "Gender": "Female", "Age": 24, "Race": "Nicaraguan", "Occupation": "Senior Cost Accountant", "Address": "43512 Glacier Hill Hill", "Email": "bcrayke72@rediff.com", "Phone": "106-262-8658", "Income": 34937.7, "Insurance": "YES", "CEOfficers": "Vincent Rosas", "CommunityID": 5, "EatingHabits": "Balanced diet" }, "geometry": { "type": "Point", "coordinates": [ -96.284135342499994, 30.652520778300001 ] } },
{ "type": "Feature", "properties": { "FID": 255, "ID": 256, "Longitude": -96.266496456300004, "Latitude": 30.5819541075, "Name": "Dorolisa Brett", "Gender": "Female", "Age": 29, "Race": "Sri Lankan", "Occupation": "Accountant I", "Address": "7156 Daystar Place", "Email": "orosbottom73@bandcamp.com", "Phone": "336-103-6761", "Income": 30019.86, "Insurance": "NO", "CEOfficers": "James Johnson", "CommunityID": 4, "EatingHabits": "High-sugar diet" }, "geometry": { "type": "Point", "coordinates": [ -96.266496456300004, 30.5819541075 ] } },
{ "type": "Feature", "properties": { "FID": 256, "ID": 257, "Longitude": -96.242768879400003, "Latitude": 30.553259842700001, "Name": "Dona Yoskowitz", "Gender": "Male", "Age": 24, "Race": "Native Hawaiian and Other Pacific Islander (NHPI)", "Occupation": "Nurse Practicioner", "Address": "69562 Dahle Parkway", "Email": "hposchel74@lulu.com", "Phone": "846-238-0975", "Income": 127949.05, "Insurance": "YES", "CEOfficers": "James Johnson", "CommunityID": 4, "EatingHabits": "Low-sugar diet" }, "geometry": { "type": "Point", "coordinates": [ -96.242768879400003, 30.553259842700001 ] } },
{ "type": "Feature", "properties": { "FID": 257, "ID": 258, "Longitude": -96.290050716699994, "Latitude": 30.553523295200002, "Name": "Madel Pyson", "Gender": "Female", "Age": 53, "Race": "Filipino", "Occupation": "Computer Systems Analyst III", "Address": "6154 Gerald Court", "Email": "dprivost75@tripod.com", "Phone": "365-255-1615", "Income": 117183.6, "Insurance": "NO", "CEOfficers": "James Johnson", "CommunityID": 4, "EatingHabits": "Balanced diet" }, "geometry": { "type": "Point", "coordinates": [ -96.290050716699994, 30.553523295200002 ] } },
{ "type": "Feature", "properties": { "FID": 258, "ID": 259, "Longitude": -96.369658112300002, "Latitude": 30.621919900999998, "Name": "Ragnar Whitehall", "Gender": "Male", "Age": 71, "Race": "Tlingit-Haida", "Occupation": "Product Engineer", "Address": "3287 Bartelt Alley", "Email": "nlobley76@msn.com", "Phone": "282-348-2750", "Income": 43458.91, "Insurance": "YES", "CEOfficers": "TAMU", "CommunityID": 99, "EatingHabits": "High-sugar diet" }, "geometry": { "type": "Point", "coordinates": [ -96.369658112300002, 30.621919901 ] } },
{ "type": "Feature", "properties": { "FID": 259, "ID": 260, "Longitude": -96.326940147200006, "Latitude": 30.571043639700001, "Name": "Beatrice Rylett", "Gender": "Female", "Age": 61, "Race": "Houma", "Occupation": "Accounting Assistant IV", "Address": "12067 Maple Wood Center", "Email": "kcunniffe77@shutterfly.com", "Phone": "971-637-4645", "Income": 64389.17, "Insurance": "NO", "CEOfficers": "Mark Szydlowski", "CommunityID": 3, "EatingHabits": "Low-sugar diet" }, "geometry": { "type": "Point", "coordinates": [ -96.326940147200006, 30.571043639700001 ] } },
{ "type": "Feature", "properties": { "FID": 260, "ID": 261, "Longitude": -96.301776601200004, "Latitude": 30.604964617099998, "Name": "Karlen Claisse", "Gender": "Male", "Age": 76, "Race": "Pueblo", "Occupation": "Physical Therapy Assistant", "Address": "99072 Loeprich Way", "Email": "hbannell78@feedburner.com", "Phone": "560-715-4264", "Income": 27822.88, "Insurance": "YES", "CEOfficers": "Vincent Rosas", "CommunityID": 5, "EatingHabits": "Balanced diet" }, "geometry": { "type": "Point", "coordinates": [ -96.301776601200004, 30.604964617099998 ] } },
{ "type": "Feature", "properties": { "FID": 261, "ID": 262, "Longitude": -96.285197952499999, "Latitude": 30.657576777799999, "Name": "Hagan Le Bosse", "Gender": "Male", "Age": 26, "Race": "South American", "Occupation": "Editor", "Address": "710 Northwestern Plaza", "Email": "aodonnell79@smugmug.com", "Phone": "513-986-7602", "Income": 12218.11, "Insurance": "NO", "CEOfficers": "Vincent Rosas", "CommunityID": 5, "EatingHabits": "High-sugar diet" }, "geometry": { "type": "Point", "coordinates": [ -96.285197952499999, 30.657576777799999 ] } },
{ "type": "Feature", "properties": { "FID": 262, "ID": 263, "Longitude": -96.235511235299995, "Latitude": 30.5532546323, "Name": "Devlin Roscamp", "Gender": "Female", "Age": 78, "Race": "Bolivian", "Occupation": "Dental Hygienist", "Address": "735 Dunning Alley", "Email": "cspilsted7a@imdb.com", "Phone": "801-709-3859", "Income": 135473.68, "Insurance": "YES", "CEOfficers": "James Johnson", "CommunityID": 4, "EatingHabits": "Low-sugar diet" }, "geometry": { "type": "Point", "coordinates": [ -96.235511235299995, 30.5532546323 ] } },
{ "type": "Feature", "properties": { "FID": 263, "ID": 264, "Longitude": -96.228298950899998, "Latitude": 30.5800107793, "Name": "Carrie Goodsall", "Gender": "Female", "Age": 28, "Race": "Sri Lankan", "Occupation": "Software Engineer III", "Address": "61246 Hermina Crossing", "Email": "cmackain7b@ucsd.edu", "Phone": "103-966-8768", "Income": 163335.61, "Insurance": "NO", "CEOfficers": "James Johnson", "CommunityID": 4, "EatingHabits": "Balanced diet" }, "geometry": { "type": "Point", "coordinates": [ -96.228298950899998, 30.5800107793 ] } },
{ "type": "Feature", "properties": { "FID": 264, "ID": 265, "Longitude": -96.242531890600006, "Latitude": 30.5899998284, "Name": "Marcellina Vaz", "Gender": "Male", "Age": 76, "Race": "Comanche", "Occupation": "Financial Advisor", "Address": "929 Fuller Park", "Email": "sloud7c@reference.com", "Phone": "473-677-3210", "Income": 75328.76, "Insurance": "YES", "CEOfficers": "Vincent Rosas", "CommunityID": 5, "EatingHabits": "High-sugar diet" }, "geometry": { "type": "Point", "coordinates": [ -96.242531890600006, 30.5899998284 ] } },
{ "type": "Feature", "properties": { "FID": 265, "ID": 266, "Longitude": -96.34601976, "Latitude": 30.5798663068, "Name": "Darby Mostin", "Gender": "Non-binary", "Age": 34, "Race": "Taiwanese", "Occupation": "Physical Therapy Assistant", "Address": "86 Muir Point", "Email": "dcapstick7d@tuttocitta.it", "Phone": "263-462-6805", "Income": 179215.75, "Insurance": "NO", "CEOfficers": "TAMU", "CommunityID": 99, "EatingHabits": "Low-sugar diet" }, "geometry": { "type": "Point", "coordinates": [ -96.34601976, 30.5798663068 ] } },
{ "type": "Feature", "properties": { "FID": 266, "ID": 267, "Longitude": -96.297451776700001, "Latitude": 30.627811295000001, "Name": "Matelda Mellhuish", "Gender": "Female", "Age": 34, "Race": "Menominee", "Occupation": "Help Desk Operator", "Address": "8312 Lakewood Hill", "Email": "pdudson7e@nymag.com", "Phone": "903-272-9968", "Income": 140641.62, "Insurance": "YES", "CEOfficers": "Vincent Rosas", "CommunityID": 5, "EatingHabits": "Balanced diet" }, "geometry": { "type": "Point", "coordinates": [ -96.297451776700001, 30.627811295 ] } },
{ "type": "Feature", "properties": { "FID": 267, "ID": 268, "Longitude": -96.272952407899993, "Latitude": 30.610350739699999, "Name": "Joanne Livesey", "Gender": "Male", "Age": 23, "Race": "Panamanian", "Occupation": "Web Developer III", "Address": "4 Shasta Parkway", "Email": "jduchesne7f@wunderground.com", "Phone": "526-740-6347", "Income": 156110.12, "Insurance": "NO", "CEOfficers": "Vincent Rosas", "CommunityID": 5, "EatingHabits": "High-sugar diet" }, "geometry": { "type": "Point", "coordinates": [ -96.272952407899993, 30.610350739699999 ] } },
{ "type": "Feature", "properties": { "FID": 268, "ID": 269, "Longitude": -96.26973917, "Latitude": 30.549986420300002, "Name": "Cy Kearn", "Gender": "Male", "Age": 36, "Race": "Alaska Native", "Occupation": "Design Engineer", "Address": "42180 Paget Lane", "Email": "nantunes7g@wunderground.com", "Phone": "210-486-6655", "Income": 55460.19, "Insurance": "YES", "CEOfficers": "James Johnson", "CommunityID": 4, "EatingHabits": "Low-sugar diet" }, "geometry": { "type": "Point", "coordinates": [ -96.26973917, 30.549986420300002 ] } },
{ "type": "Feature", "properties": { "FID": 269, "ID": 270, "Longitude": -96.243127952999998, "Latitude": 30.5595761539, "Name": "Luelle Eddleston", "Gender": "Male", "Age": 67, "Race": "Ottawa", "Occupation": "Administrative Assistant II", "Address": "8 Loftsgordon Center", "Email": "cmosedill7h@jigsy.com", "Phone": "232-369-7210", "Income": 140334.66, "Insurance": "NO", "CEOfficers": "James Johnson", "CommunityID": 4, "EatingHabits": "Balanced diet" }, "geometry": { "type": "Point", "coordinates": [ -96.243127953, 30.5595761539 ] } },
{ "type": "Feature", "properties": { "FID": 270, "ID": 271, "Longitude": -96.278629039500004, "Latitude": 30.583833029600001, "Name": "Olivette Collerd", "Gender": "Female", "Age": 75, "Race": "Laotian", "Occupation": "Speech Pathologist", "Address": "7685 Kropf Drive", "Email": "smanchester7i@aol.com", "Phone": "590-704-6336", "Income": 31108.79, "Insurance": "YES", "CEOfficers": "James Johnson", "CommunityID": 4, "EatingHabits": "High-sugar diet" }, "geometry": { "type": "Point", "coordinates": [ -96.278629039500004, 30.583833029600001 ] } },
{ "type": "Feature", "properties": { "FID": 271, "ID": 272, "Longitude": -96.375053807, "Latitude": 30.564368879700002, "Name": "Ephrayim Nono", "Gender": "Female", "Age": 72, "Race": "Native Hawaiian", "Occupation": "Speech Pathologist", "Address": "8766 Texas Junction", "Email": "lwheaton7j@ca.gov", "Phone": "800-376-5856", "Income": 107570.6, "Insurance": "NO", "CEOfficers": "TAMU", "CommunityID": 99, "EatingHabits": "Low-sugar diet" }, "geometry": { "type": "Point", "coordinates": [ -96.375053807, 30.564368879700002 ] } },
{ "type": "Feature", "properties": { "FID": 272, "ID": 273, "Longitude": -96.363183638500004, "Latitude": 30.586807495199999, "Name": "Jessamyn Tabourier", "Gender": "Agender", "Age": 40, "Race": "Lumbee", "Occupation": "Social Worker", "Address": "8705 Portage Plaza", "Email": "pgauden7k@shutterfly.com", "Phone": "374-763-4705", "Income": 77708.96, "Insurance": "YES", "CEOfficers": "TAMU", "CommunityID": 99, "EatingHabits": "Balanced diet" }, "geometry": { "type": "Point", "coordinates": [ -96.363183638500004, 30.586807495199999 ] } },
{ "type": "Feature", "properties": { "FID": 273, "ID": 274, "Longitude": -96.283008624600001, "Latitude": 30.573627805099999, "Name": "Tiebold Huggins", "Gender": "Male", "Age": 52, "Race": "Tongan", "Occupation": "Information Systems Manager", "Address": "0320 Toban Crossing", "Email": "nfrancescuccio7l@nps.gov", "Phone": "948-647-8899", "Income": 78676.23, "Insurance": "NO", "CEOfficers": "James Johnson", "CommunityID": 4, "EatingHabits": "High-sugar diet" }, "geometry": { "type": "Point", "coordinates": [ -96.283008624600001, 30.573627805099999 ] } },
{ "type": "Feature", "properties": { "FID": 274, "ID": 275, "Longitude": -96.281398917700002, "Latitude": 30.5912034316, "Name": "Melli Najara", "Gender": "Male", "Age": 38, "Race": "Cherokee", "Occupation": "Quality Control Specialist", "Address": "3 4th Crossing", "Email": "ibarras7m@army.mil", "Phone": "772-671-5061", "Income": 58152.65, "Insurance": "YES", "CEOfficers": "Vincent Rosas", "CommunityID": 5, "EatingHabits": "Low-sugar diet" }, "geometry": { "type": "Point", "coordinates": [ -96.281398917700002, 30.5912034316 ] } },
{ "type": "Feature", "properties": { "FID": 275, "ID": 276, "Longitude": -96.343158919900006, "Latitude": 30.6262239454, "Name": "Jules Meatyard", "Gender": "Female", "Age": 29, "Race": "American Indian and Alaska Native (AIAN)", "Occupation": "VP Accounting", "Address": "2 Morrow Road", "Email": "adeancywillis7n@nps.gov", "Phone": "798-171-1555", "Income": 39995.67, "Insurance": "NO", "CEOfficers": "TAMU", "CommunityID": 99, "EatingHabits": "Balanced diet" }, "geometry": { "type": "Point", "coordinates": [ -96.343158919900006, 30.6262239454 ] } },
{ "type": "Feature", "properties": { "FID": 276, "ID": 277, "Longitude": -96.263864658100005, "Latitude": 30.578995576800001, "Name": "Humfried Fritschel", "Gender": "Male", "Age": 68, "Race": "Micronesian", "Occupation": "Environmental Tech", "Address": "2918 Lerdahl Parkway", "Email": "fsimpkiss7o@cocolog-nifty.com", "Phone": "736-578-2118", "Income": 97117.01, "Insurance": "YES", "CEOfficers": "James Johnson", "CommunityID": 4, "EatingHabits": "High-sugar diet" }, "geometry": { "type": "Point", "coordinates": [ -96.263864658100005, 30.578995576800001 ] } },
{ "type": "Feature", "properties": { "FID": 277, "ID": 278, "Longitude": -96.208675995799993, "Latitude": 30.573515734000001, "Name": "Kleon Wetherby", "Gender": "Female", "Age": 76, "Race": "Guamanian", "Occupation": "Research Nurse", "Address": "7775 Kim Park", "Email": "bradki7p@narod.ru", "Phone": "251-387-7996", "Income": 57029.7, "Insurance": "NO", "CEOfficers": "James Johnson", "CommunityID": 4, "EatingHabits": "Low-sugar diet" }, "geometry": { "type": "Point", "coordinates": [ -96.208675995799993, 30.573515734 ] } },
{ "type": "Feature", "properties": { "FID": 278, "ID": 279, "Longitude": -96.3216367072, "Latitude": 30.634077411700002, "Name": "Harrietta Turgoose", "Gender": "Female", "Age": 49, "Race": "Cuban", "Occupation": "Design Engineer", "Address": "225 Canary Drive", "Email": "ccadle7q@mysql.com", "Phone": "653-771-7164", "Income": 102886.44, "Insurance": "YES", "CEOfficers": "Vincent Rosas", "CommunityID": 5, "EatingHabits": "Balanced diet" }, "geometry": { "type": "Point", "coordinates": [ -96.3216367072, 30.634077411700002 ] } },
{ "type": "Feature", "properties": { "FID": 279, "ID": 280, "Longitude": -96.367063170600005, "Latitude": 30.5929733744, "Name": "Corinna Rofe", "Gender": "Female", "Age": 66, "Race": "Cree", "Occupation": "Automation Specialist I", "Address": "61 Amoth Drive", "Email": "jbrownstein7r@soup.io", "Phone": "749-523-5115", "Income": 144100.5, "Insurance": "NO", "CEOfficers": "TAMU", "CommunityID": 99, "EatingHabits": "High-sugar diet" }, "geometry": { "type": "Point", "coordinates": [ -96.367063170600005, 30.5929733744 ] } },
{ "type": "Feature", "properties": { "FID": 280, "ID": 281, "Longitude": -96.249996470900001, "Latitude": 30.571390010799998, "Name": "Sheilah Ollenbuttel", "Gender": "Female", "Age": 33, "Race": "Alaska Native", "Occupation": "Health Coach II", "Address": "82 Eastlawn Junction", "Email": "nfossey7s@alibaba.com", "Phone": "618-218-4993", "Income": 11100.54, "Insurance": "YES", "CEOfficers": "James Johnson", "CommunityID": 4, "EatingHabits": "Low-sugar diet" }, "geometry": { "type": "Point", "coordinates": [ -96.249996470900001, 30.571390010799998 ] } },
{ "type": "Feature", "properties": { "FID": 281, "ID": 282, "Longitude": -96.273938325299994, "Latitude": 30.558579347199998, "Name": "Montgomery Closs", "Gender": "Male", "Age": 57, "Race": "Salvadoran", "Occupation": "Internal Auditor", "Address": "3 Corscot Lane", "Email": "galexsandrev7t@engadget.com", "Phone": "444-559-1652", "Income": 44460.21, "Insurance": "NO", "CEOfficers": "James Johnson", "CommunityID": 4, "EatingHabits": "Balanced diet" }, "geometry": { "type": "Point", "coordinates": [ -96.273938325299994, 30.558579347199998 ] } },
{ "type": "Feature", "properties": { "FID": 282, "ID": 283, "Longitude": -96.367922995200004, "Latitude": 30.5689091279, "Name": "Marwin Natte", "Gender": "Male", "Age": 60, "Race": "South American", "Occupation": "Product Engineer", "Address": "836 Cherokee Center", "Email": "ktuddenham7u@1und1.de", "Phone": "209-102-7589", "Income": 14738.97, "Insurance": "YES", "CEOfficers": "TAMU", "CommunityID": 99, "EatingHabits": "High-sugar diet" }, "geometry": { "type": "Point", "coordinates": [ -96.367922995200004, 30.5689091279 ] } },
{ "type": "Feature", "properties": { "FID": 283, "ID": 284, "Longitude": -96.311346185700003, "Latitude": 30.598697702500001, "Name": "Julita Hardinge", "Gender": "Female", "Age": 32, "Race": "Malaysian", "Occupation": "Community Outreach Specialist", "Address": "35277 Summit Trail", "Email": "mthurston7v@weebly.com", "Phone": "688-909-0953", "Income": 154854.29, "Insurance": "NO", "CEOfficers": "Mark Szydlowski", "CommunityID": 3, "EatingHabits": "Low-sugar diet" }, "geometry": { "type": "Point", "coordinates": [ -96.311346185700003, 30.598697702500001 ] } },
{ "type": "Feature", "properties": { "FID": 284, "ID": 285, "Longitude": -96.212107868800004, "Latitude": 30.5581512987, "Name": "Kirsti Woof", "Gender": "Female", "Age": 21, "Race": "Native Hawaiian", "Occupation": "Executive Secretary", "Address": "55194 Dixon Place", "Email": "gpeeke7w@netvibes.com", "Phone": "996-843-4443", "Income": 171604.38, "Insurance": "YES", "CEOfficers": "James Johnson", "CommunityID": 4, "EatingHabits": "Balanced diet" }, "geometry": { "type": "Point", "coordinates": [ -96.212107868800004, 30.5581512987 ] } },
{ "type": "Feature", "properties": { "FID": 285, "ID": 286, "Longitude": -96.270288984499999, "Latitude": 30.5915204163, "Name": "Mariquilla Sitlington", "Gender": "Female", "Age": 28, "Race": "Sri Lankan", "Occupation": "Research Nurse", "Address": "355 Merry Court", "Email": "jwoolner7x@umn.edu", "Phone": "468-491-1475", "Income": 46930.08, "Insurance": "NO", "CEOfficers": "Vincent Rosas", "CommunityID": 5, "EatingHabits": "High-sugar diet" }, "geometry": { "type": "Point", "coordinates": [ -96.270288984499999, 30.5915204163 ] } },
{ "type": "Feature", "properties": { "FID": 286, "ID": 287, "Longitude": -96.289546103899994, "Latitude": 30.588124627100001, "Name": "Elvis Writer", "Gender": "Female", "Age": 63, "Race": "American Indian and Alaska Native (AIAN)", "Occupation": "Account Coordinator", "Address": "890 Grayhawk Drive", "Email": "crabier7y@uol.com.br", "Phone": "476-129-3085", "Income": 194709.22, "Insurance": "YES", "CEOfficers": "Mark Szydlowski", "CommunityID": 3, "EatingHabits": "Low-sugar diet" }, "geometry": { "type": "Point", "coordinates": [ -96.289546103899994, 30.588124627100001 ] } },
{ "type": "Feature", "properties": { "FID": 287, "ID": 288, "Longitude": -96.252000748100002, "Latitude": 30.573535682500001, "Name": "Leland Zorzi", "Gender": "Female", "Age": 66, "Race": "Honduran", "Occupation": "Software Test Engineer I", "Address": "487 Scoville Center", "Email": "mmallen7z@hao123.com", "Phone": "839-347-3971", "Income": 39793.88, "Insurance": "NO", "CEOfficers": "James Johnson", "CommunityID": 4, "EatingHabits": "Balanced diet" }, "geometry": { "type": "Point", "coordinates": [ -96.252000748100002, 30.573535682500001 ] } },
{ "type": "Feature", "properties": { "FID": 288, "ID": 289, "Longitude": -96.310106281800003, "Latitude": 30.578599377900002, "Name": "Whitaker Stanaway", "Gender": "Agender", "Age": 45, "Race": "Guatemalan", "Occupation": "Developer II", "Address": "8755 Swallow Road", "Email": "naddey80@g.co", "Phone": "309-254-2216", "Income": 190303.9, "Insurance": "YES", "CEOfficers": "Mark Szydlowski", "CommunityID": 3, "EatingHabits": "High-sugar diet" }, "geometry": { "type": "Point", "coordinates": [ -96.310106281800003, 30.578599377900002 ] } },
{ "type": "Feature", "properties": { "FID": 289, "ID": 290, "Longitude": -96.347975677500003, "Latitude": 30.6046067266, "Name": "Gladi Smurfit", "Gender": "Female", "Age": 74, "Race": "Filipino", "Occupation": "Help Desk Operator", "Address": "58 Continental Circle", "Email": "cgrima81@tumblr.com", "Phone": "399-395-5393", "Income": 83260.86, "Insurance": "NO", "CEOfficers": "TAMU", "CommunityID": 99, "EatingHabits": "Low-sugar diet" }, "geometry": { "type": "Point", "coordinates": [ -96.347975677500003, 30.6046067266 ] } },
{ "type": "Feature", "properties": { "FID": 290, "ID": 291, "Longitude": -96.228770738500003, "Latitude": 30.566562139799998, "Name": "Feodora Izkovici", "Gender": "Female", "Age": 64, "Race": "Creek", "Occupation": "Occupational Therapist", "Address": "89314 Lien Pass", "Email": "vshakesby82@washingtonpost.com", "Phone": "886-920-8536", "Income": 14755.26, "Insurance": "YES", "CEOfficers": "James Johnson", "CommunityID": 4, "EatingHabits": "Balanced diet" }, "geometry": { "type": "Point", "coordinates": [ -96.228770738500003, 30.566562139799998 ] } },
{ "type": "Feature", "properties": { "FID": 291, "ID": 292, "Longitude": -96.327222934900007, "Latitude": 30.605290992499999, "Name": "Bertram Belone", "Gender": "Male", "Age": 55, "Race": "Colville", "Occupation": "VP Marketing", "Address": "8799 Bowman Place", "Email": "twestbrook83@dion.ne.jp", "Phone": "675-346-8544", "Income": 72966.01, "Insurance": "NO", "CEOfficers": "Adrienne Bishop", "CommunityID": 1, "EatingHabits": "High-sugar diet" }, "geometry": { "type": "Point", "coordinates": [ -96.327222934900007, 30.605290992499999 ] } },
{ "type": "Feature", "properties": { "FID": 292, "ID": 293, "Longitude": -96.267413467799997, "Latitude": 30.5336739368, "Name": "Floria Golland", "Gender": "Male", "Age": 34, "Race": "Navajo", "Occupation": "Quality Engineer", "Address": "791 American Point", "Email": "swilliams84@phpbb.com", "Phone": "343-714-3832", "Income": 168610.85, "Insurance": "YES", "CEOfficers": "James Johnson", "CommunityID": 4, "EatingHabits": "Low-sugar diet" }, "geometry": { "type": "Point", "coordinates": [ -96.267413467799997, 30.5336739368 ] } },
{ "type": "Feature", "properties": { "FID": 293, "ID": 294, "Longitude": -96.280818935900001, "Latitude": 30.5589333687, "Name": "Mariellen Sinnett", "Gender": "Genderfluid", "Age": 56, "Race": "Argentinian", "Occupation": "Marketing Manager", "Address": "67 Artisan Way", "Email": "sstedson85@independent.co.uk", "Phone": "720-990-6187", "Income": 66476.35, "Insurance": "NO", "CEOfficers": "James Johnson", "CommunityID": 4, "EatingHabits": "Balanced diet" }, "geometry": { "type": "Point", "coordinates": [ -96.280818935900001, 30.5589333687 ] } },
{ "type": "Feature", "properties": { "FID": 294, "ID": 295, "Longitude": -96.255781984799995, "Latitude": 30.564625758399998, "Name": "Caroline Fordyce", "Gender": "Polygender", "Age": 42, "Race": "Malaysian", "Occupation": "Electrical Engineer", "Address": "3 Clarendon Place", "Email": "aleeuwerink86@mac.com", "Phone": "655-601-9325", "Income": 158968.36, "Insurance": "YES", "CEOfficers": "James Johnson", "CommunityID": 4, "EatingHabits": "High-sugar diet" }, "geometry": { "type": "Point", "coordinates": [ -96.255781984799995, 30.564625758399998 ] } },
{ "type": "Feature", "properties": { "FID": 295, "ID": 296, "Longitude": -96.227640098999998, "Latitude": 30.5423893159, "Name": "Herc Novelli", "Gender": "Female", "Age": 59, "Race": "Guamanian", "Occupation": "Budget\/Accounting Analyst IV", "Address": "62457 Anzinger Parkway", "Email": "rion87@macromedia.com", "Phone": "921-477-9803", "Income": 139557.78, "Insurance": "NO", "CEOfficers": "James Johnson", "CommunityID": 4, "EatingHabits": "Low-sugar diet" }, "geometry": { "type": "Point", "coordinates": [ -96.227640099, 30.5423893159 ] } },
{ "type": "Feature", "properties": { "FID": 296, "ID": 297, "Longitude": -96.284768912800004, "Latitude": 30.559873459599999, "Name": "Juli Ferns", "Gender": "Male", "Age": 42, "Race": "Choctaw", "Occupation": "Graphic Designer", "Address": "12 Norway Maple Junction", "Email": "dklesse88@google.com.au", "Phone": "789-207-0807", "Income": 116206.32, "Insurance": "YES", "CEOfficers": "James Johnson", "CommunityID": 4, "EatingHabits": "Balanced diet" }, "geometry": { "type": "Point", "coordinates": [ -96.284768912800004, 30.559873459599999 ] } },
{ "type": "Feature", "properties": { "FID": 297, "ID": 298, "Longitude": -96.372455242800001, "Latitude": 30.6308090777, "Name": "Yasmeen Turland", "Gender": "Male", "Age": 63, "Race": "Osage", "Occupation": "Computer Systems Analyst III", "Address": "5 Kingsford Alley", "Email": "rmuffin89@ucoz.ru", "Phone": "763-971-2569", "Income": 37220.6, "Insurance": "NO", "CEOfficers": "TAMU", "CommunityID": 99, "EatingHabits": "High-sugar diet" }, "geometry": { "type": "Point", "coordinates": [ -96.372455242800001, 30.6308090777 ] } },
{ "type": "Feature", "properties": { "FID": 298, "ID": 299, "Longitude": -96.319688610599997, "Latitude": 30.606414383099999, "Name": "Codi Hallex", "Gender": "Male", "Age": 33, "Race": "Puget Sound Salish", "Occupation": "Automation Specialist II", "Address": "01696 North Pass", "Email": "jtowers8a@google.nl", "Phone": "760-495-6632", "Income": 196523.19, "Insurance": "YES", "CEOfficers": "Adrienne Bishop", "CommunityID": 1, "EatingHabits": "Low-sugar diet" }, "geometry": { "type": "Point", "coordinates": [ -96.319688610599997, 30.606414383099999 ] } },
{ "type": "Feature", "properties": { "FID": 299, "ID": 300, "Longitude": -96.261993370799999, "Latitude": 30.576585853499999, "Name": "Kippar Liger", "Gender": "Male", "Age": 71, "Race": "Taiwanese", "Occupation": "Pharmacist", "Address": "4 Northridge Alley", "Email": "plorenzetti8b@nps.gov", "Phone": "701-985-6184", "Income": 40718.37, "Insurance": "NO", "CEOfficers": "James Johnson", "CommunityID": 4, "EatingHabits": "Balanced diet" }, "geometry": { "type": "Point", "coordinates": [ -96.261993370799999, 30.576585853499999 ] } },
{ "type": "Feature", "properties": { "FID": 300, "ID": 301, "Longitude": -96.377470017600004, "Latitude": 30.562421742600002, "Name": "Conn Mapes", "Gender": "Female", "Age": 57, "Race": "Spaniard", "Occupation": "Compensation Analyst", "Address": "6 Pawling Court", "Email": "aocorren8c@skype.com", "Phone": "717-785-3532", "Income": 53221.34, "Insurance": "YES", "CEOfficers": "TAMU", "CommunityID": 99, "EatingHabits": "High-sugar diet" }, "geometry": { "type": "Point", "coordinates": [ -96.377470017600004, 30.562421742600002 ] } },
{ "type": "Feature", "properties": { "FID": 301, "ID": 302, "Longitude": -96.210482809400006, "Latitude": 30.545551833899999, "Name": "Stevana Dillingston", "Gender": "Male", "Age": 46, "Race": "Sioux", "Occupation": "Project Manager", "Address": "4091 Clyde Gallagher Avenue", "Email": "rlicari8d@joomla.org", "Phone": "780-255-9016", "Income": 100688.89, "Insurance": "NO", "CEOfficers": "James Johnson", "CommunityID": 4, "EatingHabits": "Low-sugar diet" }, "geometry": { "type": "Point", "coordinates": [ -96.210482809400006, 30.545551833899999 ] } },
{ "type": "Feature", "properties": { "FID": 302, "ID": 303, "Longitude": -96.280788454399996, "Latitude": 30.592020332400001, "Name": "Lianna Clewett", "Gender": "Male", "Age": 37, "Race": "Cuban", "Occupation": "Assistant Media Planner", "Address": "3 Summer Ridge Drive", "Email": "kreadshall8e@washingtonpost.com", "Phone": "311-832-4138", "Income": 114639.88, "Insurance": "YES", "CEOfficers": "Vincent Rosas", "CommunityID": 5, "EatingHabits": "Balanced diet" }, "geometry": { "type": "Point", "coordinates": [ -96.280788454399996, 30.592020332400001 ] } },
{ "type": "Feature", "properties": { "FID": 303, "ID": 304, "Longitude": -96.321806043199999, "Latitude": 30.560802235800001, "Name": "Mufinella Klosterman", "Gender": "Female", "Age": 54, "Race": "Micronesian", "Occupation": "Mechanical Systems Engineer", "Address": "6543 Sullivan Drive", "Email": "treinhart8f@yale.edu", "Phone": "277-833-9796", "Income": 83638.11, "Insurance": "NO", "CEOfficers": "Mark Szydlowski", "CommunityID": 3, "EatingHabits": "High-sugar diet" }, "geometry": { "type": "Point", "coordinates": [ -96.321806043199999, 30.560802235800001 ] } },
{ "type": "Feature", "properties": { "FID": 304, "ID": 305, "Longitude": -96.329653095200001, "Latitude": 30.592386763299999, "Name": "Rodolfo McAuslene", "Gender": "Genderfluid", "Age": 70, "Race": "Indonesian", "Occupation": "Mechanical Systems Engineer", "Address": "1702 Lunder Plaza", "Email": "soloshin8g@adobe.com", "Phone": "371-286-9229", "Income": 95011.46, "Insurance": "YES", "CEOfficers": "Adrienne Bishop", "CommunityID": 1, "EatingHabits": "Low-sugar diet" }, "geometry": { "type": "Point", "coordinates": [ -96.329653095200001, 30.592386763299999 ] } },
{ "type": "Feature", "properties": { "FID": 305, "ID": 306, "Longitude": -96.375142066699993, "Latitude": 30.5734418485, "Name": "Riccardo Anton", "Gender": "Female", "Age": 57, "Race": "Fijian", "Occupation": "Recruiting Manager", "Address": "84142 Michigan Hill", "Email": "dbickerstaffe8h@newsvine.com", "Phone": "827-337-8837", "Income": 52457.6, "Insurance": "NO", "CEOfficers": "TAMU", "CommunityID": 99, "EatingHabits": "Balanced diet" }, "geometry": { "type": "Point", "coordinates": [ -96.375142066699993, 30.5734418485 ] } },
{ "type": "Feature", "properties": { "FID": 306, "ID": 307, "Longitude": -96.307728648299999, "Latitude": 30.5427854026, "Name": "Timotheus Jeandillou", "Gender": "Male", "Age": 56, "Race": "Alaskan Athabascan", "Occupation": "Senior Developer", "Address": "38219 Continental Terrace", "Email": "acowie8i@discovery.com", "Phone": "817-961-4835", "Income": 173181.86, "Insurance": "YES", "CEOfficers": "Francesca Spell", "CommunityID": 2, "EatingHabits": "High-sugar diet" }, "geometry": { "type": "Point", "coordinates": [ -96.307728648299999, 30.5427854026 ] } },
{ "type": "Feature", "properties": { "FID": 307, "ID": 308, "Longitude": -96.278979083300001, "Latitude": 30.606895866, "Name": "Frants Aurelius", "Gender": "Male", "Age": 20, "Race": "American Indian and Alaska Native (AIAN)", "Occupation": "Financial Analyst", "Address": "6445 Dunning Circle", "Email": "hisgate8j@hubpages.com", "Phone": "753-905-8441", "Income": 187545.87, "Insurance": "NO", "CEOfficers": "Vincent Rosas", "CommunityID": 5, "EatingHabits": "Low-sugar diet" }, "geometry": { "type": "Point", "coordinates": [ -96.278979083300001, 30.606895866 ] } },
{ "type": "Feature", "properties": { "FID": 308, "ID": 309, "Longitude": -96.295010642600005, "Latitude": 30.638310665799999, "Name": "Case Bursnell", "Gender": "Genderqueer", "Age": 67, "Race": "Samoan", "Occupation": "Database Administrator II", "Address": "2 Texas Alley", "Email": "csieghard8k@typepad.com", "Phone": "321-996-1381", "Income": 48237.7, "Insurance": "YES", "CEOfficers": "Vincent Rosas", "CommunityID": 5, "EatingHabits": "Balanced diet" }, "geometry": { "type": "Point", "coordinates": [ -96.295010642600005, 30.638310665799999 ] } },
{ "type": "Feature", "properties": { "FID": 309, "ID": 310, "Longitude": -96.3598267486, "Latitude": 30.57925313, "Name": "Giorgia Collinette", "Gender": "Female", "Age": 58, "Race": "Black or African American", "Occupation": "Help Desk Technician", "Address": "1901 Shoshone Place", "Email": "cioselev8l@smh.com.au", "Phone": "623-859-5445", "Income": 176366.82, "Insurance": "NO", "CEOfficers": "TAMU", "CommunityID": 99, "EatingHabits": "High-sugar diet" }, "geometry": { "type": "Point", "coordinates": [ -96.3598267486, 30.57925313 ] } },
{ "type": "Feature", "properties": { "FID": 310, "ID": 311, "Longitude": -96.2979429743, "Latitude": 30.612346080399998, "Name": "Karin Dudeney", "Gender": "Male", "Age": 33, "Race": "Paraguayan", "Occupation": "Administrative Assistant II", "Address": "28344 Lillian Lane", "Email": "gcurrum8m@phpbb.com", "Phone": "862-199-9757", "Income": 148440.44, "Insurance": "YES", "CEOfficers": "Vincent Rosas", "CommunityID": 5, "EatingHabits": "Low-sugar diet" }, "geometry": { "type": "Point", "coordinates": [ -96.2979429743, 30.612346080399998 ] } },
{ "type": "Feature", "properties": { "FID": 311, "ID": 312, "Longitude": -96.309105388500001, "Latitude": 30.615574062699999, "Name": "Caryl Usborn", "Gender": "Male", "Age": 61, "Race": "American Indian", "Occupation": "Teacher", "Address": "53275 Caliangt Crossing", "Email": "vrushbrooke8n@home.pl", "Phone": "373-487-8386", "Income": 70874.56, "Insurance": "NO", "CEOfficers": "Vincent Rosas", "CommunityID": 5, "EatingHabits": "Balanced diet" }, "geometry": { "type": "Point", "coordinates": [ -96.309105388500001, 30.615574062699999 ] } },
{ "type": "Feature", "properties": { "FID": 312, "ID": 313, "Longitude": -96.259744021800003, "Latitude": 30.567307129500001, "Name": "Karlan Dabrowski", "Gender": "Female", "Age": 23, "Race": "Cambodian", "Occupation": "Staff Scientist", "Address": "15583 Ridgeway Way", "Email": "mbinge8o@ycombinator.com", "Phone": "913-686-0126", "Income": 11000.01, "Insurance": "YES", "CEOfficers": "James Johnson", "CommunityID": 4, "EatingHabits": "High-sugar diet" }, "geometry": { "type": "Point", "coordinates": [ -96.259744021800003, 30.567307129500001 ] } },
{ "type": "Feature", "properties": { "FID": 313, "ID": 314, "Longitude": -96.29769671, "Latitude": 30.5602098267, "Name": "Pavla Doughtery", "Gender": "Female", "Age": 70, "Race": "Creek", "Occupation": "Staff Scientist", "Address": "718 Schlimgen Hill", "Email": "spink8p@oakley.com", "Phone": "979-666-7462", "Income": 108853.45, "Insurance": "NO", "CEOfficers": "James Johnson", "CommunityID": 4, "EatingHabits": "Low-sugar diet" }, "geometry": { "type": "Point", "coordinates": [ -96.29769671, 30.5602098267 ] } },
{ "type": "Feature", "properties": { "FID": 314, "ID": 315, "Longitude": -96.256871850099998, "Latitude": 30.573258452800001, "Name": "Chariot Berth", "Gender": "Female", "Age": 63, "Race": "Central American", "Occupation": "Geologist IV", "Address": "9754 Aberg Way", "Email": "heicheler8q@elpais.com", "Phone": "644-870-1776", "Income": 47052.78, "Insurance": "YES", "CEOfficers": "James Johnson", "CommunityID": 4, "EatingHabits": "Balanced diet" }, "geometry": { "type": "Point", "coordinates": [ -96.256871850099998, 30.573258452800001 ] } },
{ "type": "Feature", "properties": { "FID": 315, "ID": 316, "Longitude": -96.374652035300002, "Latitude": 30.617269110599999, "Name": "Tilda George", "Gender": "Male", "Age": 59, "Race": "Ute", "Occupation": "Analog Circuit Design manager", "Address": "86599 Bultman Pass", "Email": "cnicholson8r@dyndns.org", "Phone": "694-830-8580", "Income": 148612.96, "Insurance": "NO", "CEOfficers": "TAMU", "CommunityID": 99, "EatingHabits": "High-sugar diet" }, "geometry": { "type": "Point", "coordinates": [ -96.374652035300002, 30.617269110599999 ] } },
{ "type": "Feature", "properties": { "FID": 316, "ID": 317, "Longitude": -96.307568682099998, "Latitude": 30.567703570500001, "Name": "Barbie Deeth", "Gender": "Male", "Age": 69, "Race": "Nicaraguan", "Occupation": "Actuary", "Address": "5 Clemons Terrace", "Email": "ggodehardsf8s@berkeley.edu", "Phone": "929-287-7663", "Income": 22424.9, "Insurance": "YES", "CEOfficers": "James Johnson", "CommunityID": 4, "EatingHabits": "Low-sugar diet" }, "geometry": { "type": "Point", "coordinates": [ -96.307568682099998, 30.567703570500001 ] } },
{ "type": "Feature", "properties": { "FID": 317, "ID": 318, "Longitude": -96.271789833499994, "Latitude": 30.5579971622, "Name": "Shanan McDuall", "Gender": "Agender", "Age": 42, "Race": "Laotian", "Occupation": "Programmer Analyst IV", "Address": "09 Superior Drive", "Email": "ccoultass8t@google.it", "Phone": "602-475-7058", "Income": 48968.0, "Insurance": "NO", "CEOfficers": "James Johnson", "CommunityID": 4, "EatingHabits": "Balanced diet" }, "geometry": { "type": "Point", "coordinates": [ -96.271789833499994, 30.5579971622 ] } },
{ "type": "Feature", "properties": { "FID": 318, "ID": 319, "Longitude": -96.217920603899998, "Latitude": 30.603472891, "Name": "Gregoor Swindell", "Gender": "Male", "Age": 25, "Race": "Yaqui", "Occupation": "Speech Pathologist", "Address": "06 Kingsford Road", "Email": "bsaffon8u@squarespace.com", "Phone": "120-275-8038", "Income": 20233.15, "Insurance": "YES", "CEOfficers": "Vincent Rosas", "CommunityID": 5, "EatingHabits": "High-sugar diet" }, "geometry": { "type": "Point", "coordinates": [ -96.217920603899998, 30.603472891 ] } },
{ "type": "Feature", "properties": { "FID": 319, "ID": 320, "Longitude": -96.355543033800004, "Latitude": 30.577007825599999, "Name": "Emlen Klamman", "Gender": "Female", "Age": 46, "Race": "Mexican", "Occupation": "Director of Sales", "Address": "66300 Northview Way", "Email": "chunter8v@miitbeian.gov.cn", "Phone": "746-846-4284", "Income": 16315.72, "Insurance": "NO", "CEOfficers": "TAMU", "CommunityID": 99, "EatingHabits": "Low-sugar diet" }, "geometry": { "type": "Point", "coordinates": [ -96.355543033800004, 30.577007825599999 ] } },
{ "type": "Feature", "properties": { "FID": 320, "ID": 321, "Longitude": -96.260790522299999, "Latitude": 30.547540875399999, "Name": "Onfre Stucke", "Gender": "Female", "Age": 61, "Race": "Puerto Rican", "Occupation": "Teacher", "Address": "1 Truax Court", "Email": "rmorgan8w@mapquest.com", "Phone": "934-888-0088", "Income": 56349.49, "Insurance": "YES", "CEOfficers": "James Johnson", "CommunityID": 4, "EatingHabits": "Balanced diet" }, "geometry": { "type": "Point", "coordinates": [ -96.260790522299999, 30.547540875399999 ] } },
{ "type": "Feature", "properties": { "FID": 321, "ID": 322, "Longitude": -96.317012479499994, "Latitude": 30.632875461099999, "Name": "Abeu Oxlee", "Gender": "Female", "Age": 21, "Race": "Ute", "Occupation": "Cost Accountant", "Address": "2917 Blue Bill Park Street", "Email": "ekinker8x@dagondesign.com", "Phone": "403-493-6839", "Income": 107852.84, "Insurance": "NO", "CEOfficers": "Vincent Rosas", "CommunityID": 5, "EatingHabits": "High-sugar diet" }, "geometry": { "type": "Point", "coordinates": [ -96.317012479499994, 30.632875461099999 ] } },
{ "type": "Feature", "properties": { "FID": 322, "ID": 323, "Longitude": -96.340720909300003, "Latitude": 30.5835823715, "Name": "Aubree Longcake", "Gender": "Female", "Age": 43, "Race": "Asian", "Occupation": "Account Representative IV", "Address": "1427 Mayer Place", "Email": "rproby8y@pagesperso-orange.fr", "Phone": "764-414-6867", "Income": 92847.53, "Insurance": "YES", "CEOfficers": "Mark Szydlowski", "CommunityID": 3, "EatingHabits": "Low-sugar diet" }, "geometry": { "type": "Point", "coordinates": [ -96.340720909300003, 30.5835823715 ] } },
{ "type": "Feature", "properties": { "FID": 323, "ID": 324, "Longitude": -96.322436925000005, "Latitude": 30.571538123700002, "Name": "Davine Jemmison", "Gender": "Female", "Age": 40, "Race": "Guatemalan", "Occupation": "Food Chemist", "Address": "9749 Prairieview Circle", "Email": "smulqueeny8z@list-manage.com", "Phone": "146-495-7217", "Income": 153711.01, "Insurance": "NO", "CEOfficers": "Mark Szydlowski", "CommunityID": 3, "EatingHabits": "Balanced diet" }, "geometry": { "type": "Point", "coordinates": [ -96.322436925, 30.571538123700002 ] } },
{ "type": "Feature", "properties": { "FID": 324, "ID": 325, "Longitude": -96.2050852566, "Latitude": 30.542138964300001, "Name": "Elfie Denisovich", "Gender": "Female", "Age": 47, "Race": "American Indian", "Occupation": "Analog Circuit Design manager", "Address": "12859 Beilfuss Circle", "Email": "bbonfield90@homestead.com", "Phone": "578-721-8902", "Income": 165791.66, "Insurance": "YES", "CEOfficers": "James Johnson", "CommunityID": 4, "EatingHabits": "High-sugar diet" }, "geometry": { "type": "Point", "coordinates": [ -96.2050852566, 30.542138964300001 ] } },
{ "type": "Feature", "properties": { "FID": 325, "ID": 326, "Longitude": -96.302391340400007, "Latitude": 30.543422047499998, "Name": "Jorge Bewshaw", "Gender": "Female", "Age": 78, "Race": "Spaniard", "Occupation": "Chemical Engineer", "Address": "4070 Village Green Hill", "Email": "ewinslade91@sohu.com", "Phone": "977-973-2262", "Income": 129514.99, "Insurance": "NO", "CEOfficers": "Francesca Spell", "CommunityID": 2, "EatingHabits": "Low-sugar diet" }, "geometry": { "type": "Point", "coordinates": [ -96.302391340400007, 30.543422047499998 ] } },
{ "type": "Feature", "properties": { "FID": 326, "ID": 327, "Longitude": -96.377224646100004, "Latitude": 30.602750006000001, "Name": "Haywood Corroyer", "Gender": "Female", "Age": 47, "Race": "Laotian", "Occupation": "Media Manager III", "Address": "9409 Corben Junction", "Email": "rbabalola92@economist.com", "Phone": "719-231-9437", "Income": 187045.41, "Insurance": "YES", "CEOfficers": "Francesca Spell", "CommunityID": 2, "EatingHabits": "Balanced diet" }, "geometry": { "type": "Point", "coordinates": [ -96.377224646100004, 30.602750006 ] } },
{ "type": "Feature", "properties": { "FID": 327, "ID": 328, "Longitude": -96.337448498000001, "Latitude": 30.616392366500001, "Name": "Gwenni Grinstead", "Gender": "Female", "Age": 41, "Race": "South American", "Occupation": "Social Worker", "Address": "8886 West Parkway", "Email": "crivitt93@sogou.com", "Phone": "735-701-3385", "Income": 147969.4, "Insurance": "NO", "CEOfficers": "TAMU", "CommunityID": 99, "EatingHabits": "High-sugar diet" }, "geometry": { "type": "Point", "coordinates": [ -96.337448498, 30.616392366500001 ] } },
{ "type": "Feature", "properties": { "FID": 328, "ID": 329, "Longitude": -96.349993461799997, "Latitude": 30.582057756600001, "Name": "Giorgia Zanni", "Gender": "Male", "Age": 37, "Race": "Puget Sound Salish", "Occupation": "Budget\/Accounting Analyst IV", "Address": "79784 Dorton Court", "Email": "rbautiste94@ocn.ne.jp", "Phone": "756-215-6271", "Income": 118762.19, "Insurance": "YES", "CEOfficers": "TAMU", "CommunityID": 99, "EatingHabits": "Low-sugar diet" }, "geometry": { "type": "Point", "coordinates": [ -96.349993461799997, 30.582057756600001 ] } },
{ "type": "Feature", "properties": { "FID": 329, "ID": 330, "Longitude": -96.266598197600004, "Latitude": 30.558783972800001, "Name": "Bunny Caitlin", "Gender": "Female", "Age": 53, "Race": "White", "Occupation": "Civil Engineer", "Address": "30654 Shasta Point", "Email": "jedmund95@stanford.edu", "Phone": "508-534-0404", "Income": 147845.51, "Insurance": "NO", "CEOfficers": "James Johnson", "CommunityID": 4, "EatingHabits": "Balanced diet" }, "geometry": { "type": "Point", "coordinates": [ -96.266598197600004, 30.558783972800001 ] } },
{ "type": "Feature", "properties": { "FID": 330, "ID": 331, "Longitude": -96.293477252900004, "Latitude": 30.566521091799999, "Name": "Dorthy Bruck", "Gender": "Female", "Age": 24, "Race": "Cuban", "Occupation": "General Manager", "Address": "8041 Forster Point", "Email": "cgredden96@biglobe.ne.jp", "Phone": "161-768-6636", "Income": 120018.73, "Insurance": "YES", "CEOfficers": "James Johnson", "CommunityID": 4, "EatingHabits": "High-sugar diet" }, "geometry": { "type": "Point", "coordinates": [ -96.293477252900004, 30.566521091799999 ] } },
{ "type": "Feature", "properties": { "FID": 331, "ID": 332, "Longitude": -96.283585350500005, "Latitude": 30.571062010199999, "Name": "Modesty Gould", "Gender": "Female", "Age": 72, "Race": "Eskimo", "Occupation": "Marketing Manager", "Address": "22 Scofield Circle", "Email": "cjameson97@who.int", "Phone": "222-576-9915", "Income": 119777.88, "Insurance": "NO", "CEOfficers": "James Johnson", "CommunityID": 4, "EatingHabits": "Low-sugar diet" }, "geometry": { "type": "Point", "coordinates": [ -96.283585350500005, 30.571062010199999 ] } },
{ "type": "Feature", "properties": { "FID": 332, "ID": 333, "Longitude": -96.358371791500005, "Latitude": 30.600954680600001, "Name": "Michell Matthensen", "Gender": "Male", "Age": 33, "Race": "Panamanian", "Occupation": "Recruiter", "Address": "5 Maple Wood Plaza", "Email": "cwerlock98@shop-pro.jp", "Phone": "467-326-1169", "Income": 79001.26, "Insurance": "YES", "CEOfficers": "TAMU", "CommunityID": 99, "EatingHabits": "Balanced diet" }, "geometry": { "type": "Point", "coordinates": [ -96.358371791500005, 30.600954680600001 ] } },
{ "type": "Feature", "properties": { "FID": 333, "ID": 334, "Longitude": -96.377724838099994, "Latitude": 30.5614205561, "Name": "Valida Muddiman", "Gender": "Male", "Age": 69, "Race": "Hmong", "Occupation": "Account Coordinator", "Address": "11810 Banding Street", "Email": "hgell99@miitbeian.gov.cn", "Phone": "529-252-9578", "Income": 15817.3, "Insurance": "NO", "CEOfficers": "TAMU", "CommunityID": 99, "EatingHabits": "High-sugar diet" }, "geometry": { "type": "Point", "coordinates": [ -96.377724838099994, 30.5614205561 ] } },
{ "type": "Feature", "properties": { "FID": 334, "ID": 335, "Longitude": -96.278788944699997, "Latitude": 30.563516636500001, "Name": "Madel Merrigans", "Gender": "Female", "Age": 73, "Race": "Paraguayan", "Occupation": "Administrative Assistant I", "Address": "842 Victoria Court", "Email": "smusson9a@cnbc.com", "Phone": "924-629-0384", "Income": 86705.69, "Insurance": "YES", "CEOfficers": "James Johnson", "CommunityID": 4, "EatingHabits": "Low-sugar diet" }, "geometry": { "type": "Point", "coordinates": [ -96.278788944699997, 30.563516636500001 ] } },
{ "type": "Feature", "properties": { "FID": 335, "ID": 336, "Longitude": -96.283314918000002, "Latitude": 30.539307642099999, "Name": "Myrtle Chicchetto", "Gender": "Polygender", "Age": 58, "Race": "American Indian and Alaska Native (AIAN)", "Occupation": "Occupational Therapist", "Address": "428 Comanche Point", "Email": "sagron9b@msu.edu", "Phone": "101-904-9808", "Income": 174755.99, "Insurance": "NO", "CEOfficers": "James Johnson", "CommunityID": 4, "EatingHabits": "Balanced diet" }, "geometry": { "type": "Point", "coordinates": [ -96.283314918, 30.539307642099999 ] } },
{ "type": "Feature", "properties": { "FID": 336, "ID": 337, "Longitude": -96.321137156199995, "Latitude": 30.612427821200001, "Name": "Leila Pennycock", "Gender": "Male", "Age": 26, "Race": "Puget Sound Salish", "Occupation": "Software Test Engineer IV", "Address": "7210 Anderson Place", "Email": "efindlay9c@qq.com", "Phone": "853-127-2269", "Income": 58153.37, "Insurance": "YES", "CEOfficers": "Mark Szydlowski", "CommunityID": 3, "EatingHabits": "High-sugar diet" }, "geometry": { "type": "Point", "coordinates": [ -96.321137156199995, 30.612427821200001 ] } },
{ "type": "Feature", "properties": { "FID": 337, "ID": 338, "Longitude": -96.264096823100004, "Latitude": 30.597728930500001, "Name": "Christabella Hunton", "Gender": "Male", "Age": 27, "Race": "Shoshone", "Occupation": "Legal Assistant", "Address": "953 Jenna Terrace", "Email": "teverson9d@umn.edu", "Phone": "147-617-9837", "Income": 111344.38, "Insurance": "NO", "CEOfficers": "Vincent Rosas", "CommunityID": 5, "EatingHabits": "Low-sugar diet" }, "geometry": { "type": "Point", "coordinates": [ -96.264096823100004, 30.597728930500001 ] } },
{ "type": "Feature", "properties": { "FID": 338, "ID": 339, "Longitude": -96.312717266899995, "Latitude": 30.541290779400001, "Name": "Dollie Cotgrave", "Gender": "Male", "Age": 55, "Race": "Fijian", "Occupation": "Legal Assistant", "Address": "0670 Park Meadow Lane", "Email": "cbellam9e@cnn.com", "Phone": "832-580-8950", "Income": 159204.02, "Insurance": "YES", "CEOfficers": "Francesca Spell", "CommunityID": 2, "EatingHabits": "Balanced diet" }, "geometry": { "type": "Point", "coordinates": [ -96.312717266899995, 30.541290779400001 ] } },
{ "type": "Feature", "properties": { "FID": 339, "ID": 340, "Longitude": -96.281236680800006, "Latitude": 30.559201488399999, "Name": "Carline Ojeda", "Gender": "Female", "Age": 18, "Race": "Kiowa", "Occupation": "Mechanical Systems Engineer", "Address": "599 Laurel Drive", "Email": "mfrane9f@booking.com", "Phone": "101-255-9871", "Income": 108380.11, "Insurance": "NO", "CEOfficers": "James Johnson", "CommunityID": 4, "EatingHabits": "High-sugar diet" }, "geometry": { "type": "Point", "coordinates": [ -96.281236680800006, 30.559201488399999 ] } },
{ "type": "Feature", "properties": { "FID": 340, "ID": 341, "Longitude": -96.307088960900003, "Latitude": 30.577319971800001, "Name": "Stephanie Donaghy", "Gender": "Male", "Age": 41, "Race": "Alaskan Athabascan", "Occupation": "Civil Engineer", "Address": "24454 Starling Plaza", "Email": "gnettle9g@over-blog.com", "Phone": "344-569-7345", "Income": 83314.79, "Insurance": "YES", "CEOfficers": "Mark Szydlowski", "CommunityID": 3, "EatingHabits": "Low-sugar diet" }, "geometry": { "type": "Point", "coordinates": [ -96.307088960900003, 30.577319971800001 ] } },
{ "type": "Feature", "properties": { "FID": 341, "ID": 342, "Longitude": -96.319421856700004, "Latitude": 30.594967108, "Name": "Lissi Balentyne", "Gender": "Female", "Age": 65, "Race": "Japanese", "Occupation": "Food Chemist", "Address": "093 Pine View Avenue", "Email": "lstrongman9h@baidu.com", "Phone": "839-311-6820", "Income": 32241.93, "Insurance": "NO", "CEOfficers": "Mark Szydlowski", "CommunityID": 3, "EatingHabits": "Balanced diet" }, "geometry": { "type": "Point", "coordinates": [ -96.319421856700004, 30.594967108 ] } },
{ "type": "Feature", "properties": { "FID": 342, "ID": 343, "Longitude": -96.295794723900002, "Latitude": 30.5399471566, "Name": "Karia Mintrim", "Gender": "Female", "Age": 32, "Race": "Argentinian", "Occupation": "Senior Developer", "Address": "8788 Lerdahl Way", "Email": "gtodarini9i@blogs.com", "Phone": "560-474-0688", "Income": 41473.3, "Insurance": "YES", "CEOfficers": "Francesca Spell", "CommunityID": 2, "EatingHabits": "High-sugar diet" }, "geometry": { "type": "Point", "coordinates": [ -96.295794723900002, 30.5399471566 ] } },
{ "type": "Feature", "properties": { "FID": 343, "ID": 344, "Longitude": -96.271396564200003, "Latitude": 30.575554222499999, "Name": "Cathi Darton", "Gender": "Agender", "Age": 45, "Race": "Puerto Rican", "Occupation": "Payment Adjustment Coordinator", "Address": "9209 Shasta Street", "Email": "alaba9j@altervista.org", "Phone": "788-242-4880", "Income": 171428.1, "Insurance": "NO", "CEOfficers": "James Johnson", "CommunityID": 4, "EatingHabits": "Low-sugar diet" }, "geometry": { "type": "Point", "coordinates": [ -96.271396564200003, 30.575554222499999 ] } },
{ "type": "Feature", "properties": { "FID": 344, "ID": 345, "Longitude": -96.3301763188, "Latitude": 30.591544114200001, "Name": "Kristofer Klauber", "Gender": "Female", "Age": 42, "Race": "Chinese", "Occupation": "Quality Engineer", "Address": "0 Starling Terrace", "Email": "amerveille9k@google.com.br", "Phone": "728-452-3439", "Income": 103593.1, "Insurance": "YES", "CEOfficers": "Adrienne Bishop", "CommunityID": 1, "EatingHabits": "Balanced diet" }, "geometry": { "type": "Point", "coordinates": [ -96.3301763188, 30.591544114200001 ] } },
{ "type": "Feature", "properties": { "FID": 345, "ID": 346, "Longitude": -96.248018029899995, "Latitude": 30.562057777900002, "Name": "Vally Padden", "Gender": "Male", "Age": 69, "Race": "Colombian", "Occupation": "Community Outreach Specialist", "Address": "8 Kenwood Place", "Email": "ijent9l@hatena.ne.jp", "Phone": "204-296-6391", "Income": 42169.25, "Insurance": "NO", "CEOfficers": "James Johnson", "CommunityID": 4, "EatingHabits": "High-sugar diet" }, "geometry": { "type": "Point", "coordinates": [ -96.248018029899995, 30.562057777900002 ] } },
{ "type": "Feature", "properties": { "FID": 346, "ID": 347, "Longitude": -96.34474661, "Latitude": 30.5927297898, "Name": "Jacynth Dottridge", "Gender": "Female", "Age": 62, "Race": "Ottawa", "Occupation": "Research Nurse", "Address": "298 Logan Point", "Email": "ypochet9m@over-blog.com", "Phone": "239-728-4970", "Income": 121334.48, "Insurance": "YES", "CEOfficers": "TAMU", "CommunityID": 99, "EatingHabits": "Low-sugar diet" }, "geometry": { "type": "Point", "coordinates": [ -96.34474661, 30.5927297898 ] } },
{ "type": "Feature", "properties": { "FID": 347, "ID": 348, "Longitude": -96.268180043200005, "Latitude": 30.564822429500001, "Name": "Sigrid Pocklington", "Gender": "Male", "Age": 33, "Race": "Tohono O'Odham", "Occupation": "Sales Representative", "Address": "1 Hooker Street", "Email": "rreinisch9n@uol.com.br", "Phone": "707-175-7877", "Income": 65946.49, "Insurance": "NO", "CEOfficers": "James Johnson", "CommunityID": 4, "EatingHabits": "Balanced diet" }, "geometry": { "type": "Point", "coordinates": [ -96.268180043200005, 30.564822429500001 ] } },
{ "type": "Feature", "properties": { "FID": 348, "ID": 349, "Longitude": -96.3688069536, "Latitude": 30.626447484500002, "Name": "Shandie Willcox", "Gender": "Male", "Age": 58, "Race": "Indonesian", "Occupation": "Marketing Assistant", "Address": "176 Jenna Alley", "Email": "jblowing9o@howstuffworks.com", "Phone": "977-617-3497", "Income": 72995.6, "Insurance": "YES", "CEOfficers": "TAMU", "CommunityID": 99, "EatingHabits": "High-sugar diet" }, "geometry": { "type": "Point", "coordinates": [ -96.3688069536, 30.626447484500002 ] } },
{ "type": "Feature", "properties": { "FID": 349, "ID": 350, "Longitude": -96.260796497100003, "Latitude": 30.5363956126, "Name": "Arv Gotmann", "Gender": "Genderfluid", "Age": 39, "Race": "Shoshone", "Occupation": "Graphic Designer", "Address": "4 Mayfield Center", "Email": "pweld9p@w3.org", "Phone": "470-193-7239", "Income": 141988.92, "Insurance": "NO", "CEOfficers": "James Johnson", "CommunityID": 4, "EatingHabits": "Low-sugar diet" }, "geometry": { "type": "Point", "coordinates": [ -96.260796497100003, 30.5363956126 ] } },
{ "type": "Feature", "properties": { "FID": 350, "ID": 351, "Longitude": -96.319480379200002, "Latitude": 30.591914356499998, "Name": "Web Hanes", "Gender": "Female", "Age": 69, "Race": "Ottawa", "Occupation": "Financial Advisor", "Address": "1867 Nancy Avenue", "Email": "kvillaron9q@bbc.co.uk", "Phone": "840-779-9636", "Income": 172906.7, "Insurance": "YES", "CEOfficers": "Mark Szydlowski", "CommunityID": 3, "EatingHabits": "Balanced diet" }, "geometry": { "type": "Point", "coordinates": [ -96.319480379200002, 30.591914356499998 ] } },
{ "type": "Feature", "properties": { "FID": 351, "ID": 352, "Longitude": -96.372645532899995, "Latitude": 30.6266753413, "Name": "Patricio Mallows", "Gender": "Female", "Age": 30, "Race": "Native Hawaiian", "Occupation": "Senior Sales Associate", "Address": "92 Eagan Parkway", "Email": "bbuck9r@prnewswire.com", "Phone": "867-586-1563", "Income": 143380.81, "Insurance": "NO", "CEOfficers": "TAMU", "CommunityID": 99, "EatingHabits": "High-sugar diet" }, "geometry": { "type": "Point", "coordinates": [ -96.372645532899995, 30.6266753413 ] } },
{ "type": "Feature", "properties": { "FID": 352, "ID": 353, "Longitude": -96.242356436999998, "Latitude": 30.5419927624, "Name": "Gaylord Keele", "Gender": "Male", "Age": 57, "Race": "Yakama", "Occupation": "Quality Control Specialist", "Address": "679 Alpine Street", "Email": "rfurnell9s@51.la", "Phone": "961-877-5718", "Income": 100418.82, "Insurance": "YES", "CEOfficers": "James Johnson", "CommunityID": 4, "EatingHabits": "Low-sugar diet" }, "geometry": { "type": "Point", "coordinates": [ -96.242356437, 30.5419927624 ] } },
{ "type": "Feature", "properties": { "FID": 353, "ID": 354, "Longitude": -96.329527318299995, "Latitude": 30.5547934551, "Name": "Judah Jurczik", "Gender": "Female", "Age": 30, "Race": "Fijian", "Occupation": "Research Associate", "Address": "716 Emmet Terrace", "Email": "aaskew9t@boston.com", "Phone": "263-604-4079", "Income": 45935.99, "Insurance": "NO", "CEOfficers": "Mark Szydlowski", "CommunityID": 3, "EatingHabits": "Balanced diet" }, "geometry": { "type": "Point", "coordinates": [ -96.329527318299995, 30.5547934551 ] } },
{ "type": "Feature", "properties": { "FID": 354, "ID": 355, "Longitude": -96.296756044399999, "Latitude": 30.615704130299999, "Name": "Mabelle Keat", "Gender": "Male", "Age": 69, "Race": "American Indian and Alaska Native (AIAN)", "Occupation": "Programmer IV", "Address": "808 Ridgeview Plaza", "Email": "twoodhead9u@china.com.cn", "Phone": "604-810-1692", "Income": 105264.27, "Insurance": "YES", "CEOfficers": "Vincent Rosas", "CommunityID": 5, "EatingHabits": "High-sugar diet" }, "geometry": { "type": "Point", "coordinates": [ -96.296756044399999, 30.615704130299999 ] } },
{ "type": "Feature", "properties": { "FID": 355, "ID": 356, "Longitude": -96.303397806700005, "Latitude": 30.623720950100001, "Name": "Bonnee Ramm", "Gender": "Male", "Age": 65, "Race": "Salvadoran", "Occupation": "Web Developer II", "Address": "43196 Ohio Lane", "Email": "ndinis9v@businessweek.com", "Phone": "218-120-1654", "Income": 170563.77, "Insurance": "NO", "CEOfficers": "Vincent Rosas", "CommunityID": 5, "EatingHabits": "Low-sugar diet" }, "geometry": { "type": "Point", "coordinates": [ -96.303397806700005, 30.623720950100001 ] } },
{ "type": "Feature", "properties": { "FID": 356, "ID": 357, "Longitude": -96.238536874100006, "Latitude": 30.555290816700001, "Name": "Melicent Siemons", "Gender": "Male", "Age": 27, "Race": "Costa Rican", "Occupation": "Developer I", "Address": "102 Fulton Terrace", "Email": "gticksall9w@tripadvisor.com", "Phone": "874-688-8028", "Income": 176858.83, "Insurance": "YES", "CEOfficers": "James Johnson", "CommunityID": 4, "EatingHabits": "Balanced diet" }, "geometry": { "type": "Point", "coordinates": [ -96.238536874100006, 30.555290816700001 ] } },
{ "type": "Feature", "properties": { "FID": 357, "ID": 358, "Longitude": -96.274867572399998, "Latitude": 30.564475453699998, "Name": "Mycah Grigor", "Gender": "Female", "Age": 47, "Race": "Chinese", "Occupation": "VP Marketing", "Address": "05841 Carberry Trail", "Email": "soxtaby9x@weebly.com", "Phone": "786-562-7078", "Income": 168714.17, "Insurance": "NO", "CEOfficers": "James Johnson", "CommunityID": 4, "EatingHabits": "High-sugar diet" }, "geometry": { "type": "Point", "coordinates": [ -96.274867572399998, 30.564475453699998 ] } },
{ "type": "Feature", "properties": { "FID": 358, "ID": 359, "Longitude": -96.346707032799998, "Latitude": 30.595123190300001, "Name": "Veronica Leyden", "Gender": "Male", "Age": 77, "Race": "Cree", "Occupation": "Financial Analyst", "Address": "38341 Hanover Lane", "Email": "fsotheron9y@about.com", "Phone": "145-657-2610", "Income": 180959.1, "Insurance": "YES", "CEOfficers": "TAMU", "CommunityID": 99, "EatingHabits": "Low-sugar diet" }, "geometry": { "type": "Point", "coordinates": [ -96.346707032799998, 30.595123190300001 ] } },
{ "type": "Feature", "properties": { "FID": 359, "ID": 360, "Longitude": -96.312460698899997, "Latitude": 30.5451540786, "Name": "Fremont Elsbury", "Gender": "Bigender", "Age": 63, "Race": "Pueblo", "Occupation": "Marketing Assistant", "Address": "8524 Magdeline Center", "Email": "gewert9z@nifty.com", "Phone": "506-639-7547", "Income": 106514.32, "Insurance": "NO", "CEOfficers": "Francesca Spell", "CommunityID": 2, "EatingHabits": "Balanced diet" }, "geometry": { "type": "Point", "coordinates": [ -96.312460698899997, 30.5451540786 ] } },
{ "type": "Feature", "properties": { "FID": 360, "ID": 361, "Longitude": -96.311440742100004, "Latitude": 30.58850272, "Name": "Stanton Ollcott", "Gender": "Female", "Age": 66, "Race": "Spaniard", "Occupation": "Web Designer I", "Address": "29 Heffernan Court", "Email": "lohogertiea0@discuz.net", "Phone": "156-592-3519", "Income": 77771.38, "Insurance": "YES", "CEOfficers": "Mark Szydlowski", "CommunityID": 3, "EatingHabits": "High-sugar diet" }, "geometry": { "type": "Point", "coordinates": [ -96.311440742100004, 30.58850272 ] } },
{ "type": "Feature", "properties": { "FID": 361, "ID": 362, "Longitude": -96.2256989312, "Latitude": 30.587456882200001, "Name": "Dillon Roelofs", "Gender": "Male", "Age": 46, "Race": "Seminole", "Occupation": "Actuary", "Address": "6925 Walton Alley", "Email": "mgouldera1@springer.com", "Phone": "321-176-6621", "Income": 150329.56, "Insurance": "NO", "CEOfficers": "Vincent Rosas", "CommunityID": 5, "EatingHabits": "Low-sugar diet" }, "geometry": { "type": "Point", "coordinates": [ -96.2256989312, 30.587456882200001 ] } },
{ "type": "Feature", "properties": { "FID": 362, "ID": 363, "Longitude": -96.333494494899995, "Latitude": 30.570616856000001, "Name": "Titos Pumphrey", "Gender": "Male", "Age": 44, "Race": "Apache", "Occupation": "Human Resources Assistant IV", "Address": "29 Browning Road", "Email": "adurbanna2@simplemachines.org", "Phone": "439-695-4728", "Income": 188894.31, "Insurance": "YES", "CEOfficers": "Mark Szydlowski", "CommunityID": 3, "EatingHabits": "Balanced diet" }, "geometry": { "type": "Point", "coordinates": [ -96.333494494899995, 30.570616856 ] } },
{ "type": "Feature", "properties": { "FID": 363, "ID": 364, "Longitude": -96.336231998800002, "Latitude": 30.568328036699999, "Name": "Gideon Dehm", "Gender": "Female", "Age": 24, "Race": "Houma", "Occupation": "Accounting Assistant I", "Address": "7863 Gina Pass", "Email": "smcgettigana3@soup.io", "Phone": "136-471-0036", "Income": 185624.29, "Insurance": "NO", "CEOfficers": "Mark Szydlowski", "CommunityID": 3, "EatingHabits": "High-sugar diet" }, "geometry": { "type": "Point", "coordinates": [ -96.336231998800002, 30.568328036699999 ] } },
{ "type": "Feature", "properties": { "FID": 364, "ID": 365, "Longitude": -96.321507376300005, "Latitude": 30.608671128600001, "Name": "Lavena Paradyce", "Gender": "Female", "Age": 53, "Race": "Bangladeshi", "Occupation": "Clinical Specialist", "Address": "689 Main Way", "Email": "vstruthersa4@google.com.au", "Phone": "192-170-1572", "Income": 30393.89, "Insurance": "YES", "CEOfficers": "Adrienne Bishop", "CommunityID": 1, "EatingHabits": "Low-sugar diet" }, "geometry": { "type": "Point", "coordinates": [ -96.321507376300005, 30.608671128600001 ] } },
{ "type": "Feature", "properties": { "FID": 365, "ID": 366, "Longitude": -96.319097194500003, "Latitude": 30.629640806600001, "Name": "Allx Walklott", "Gender": "Male", "Age": 46, "Race": "Cambodian", "Occupation": "Budget\/Accounting Analyst III", "Address": "91 Pierstorff Terrace", "Email": "nsauraa5@google.nl", "Phone": "701-712-1336", "Income": 48588.73, "Insurance": "NO", "CEOfficers": "Vincent Rosas", "CommunityID": 5, "EatingHabits": "Balanced diet" }, "geometry": { "type": "Point", "coordinates": [ -96.319097194500003, 30.629640806600001 ] } },
{ "type": "Feature", "properties": { "FID": 366, "ID": 367, "Longitude": -96.329485302699993, "Latitude": 30.611155409199998, "Name": "Ola Polle", "Gender": "Female", "Age": 41, "Race": "Dominican (Dominican Republic)", "Occupation": "Staff Scientist", "Address": "47436 Walton Drive", "Email": "yburchalla6@yale.edu", "Phone": "932-823-0663", "Income": 15845.45, "Insurance": "YES", "CEOfficers": "Adrienne Bishop", "CommunityID": 1, "EatingHabits": "High-sugar diet" }, "geometry": { "type": "Point", "coordinates": [ -96.329485302699993, 30.611155409199998 ] } },
{ "type": "Feature", "properties": { "FID": 367, "ID": 368, "Longitude": -96.309257322700006, "Latitude": 30.579243842499999, "Name": "Cherice Faircliff", "Gender": "Male", "Age": 41, "Race": "Asian Indian", "Occupation": "Business Systems Development Analyst", "Address": "783 Waywood Park", "Email": "mevenetta7@toplist.cz", "Phone": "586-524-7832", "Income": 150046.23, "Insurance": "NO", "CEOfficers": "Mark Szydlowski", "CommunityID": 3, "EatingHabits": "Low-sugar diet" }, "geometry": { "type": "Point", "coordinates": [ -96.309257322700006, 30.579243842499999 ] } },
{ "type": "Feature", "properties": { "FID": 368, "ID": 369, "Longitude": -96.267943993299994, "Latitude": 30.6109955425, "Name": "Vanessa Eloi", "Gender": "Female", "Age": 41, "Race": "Chippewa", "Occupation": "Sales Representative", "Address": "5009 Sage Circle", "Email": "cquadrioa8@dailymail.co.uk", "Phone": "611-321-6290", "Income": 199633.73, "Insurance": "YES", "CEOfficers": "Vincent Rosas", "CommunityID": 5, "EatingHabits": "Balanced diet" }, "geometry": { "type": "Point", "coordinates": [ -96.267943993299994, 30.6109955425 ] } },
{ "type": "Feature", "properties": { "FID": 369, "ID": 370, "Longitude": -96.295779556499994, "Latitude": 30.608640215600001, "Name": "Alaric Janzen", "Gender": "Genderqueer", "Age": 46, "Race": "Venezuelan", "Occupation": "Computer Systems Analyst IV", "Address": "22233 2nd Park", "Email": "eheatha9@wikispaces.com", "Phone": "873-106-3224", "Income": 11972.33, "Insurance": "NO", "CEOfficers": "Vincent Rosas", "CommunityID": 5, "EatingHabits": "High-sugar diet" }, "geometry": { "type": "Point", "coordinates": [ -96.295779556499994, 30.608640215600001 ] } },
{ "type": "Feature", "properties": { "FID": 370, "ID": 371, "Longitude": -96.292366320400006, "Latitude": 30.5718606814, "Name": "Hammad Bertrand", "Gender": "Female", "Age": 60, "Race": "Sioux", "Occupation": "Nuclear Power Engineer", "Address": "6593 Sugar Alley", "Email": "theathcottaa@amazon.co.uk", "Phone": "247-877-4971", "Income": 12597.58, "Insurance": "YES", "CEOfficers": "James Johnson", "CommunityID": 4, "EatingHabits": "Low-sugar diet" }, "geometry": { "type": "Point", "coordinates": [ -96.292366320400006, 30.5718606814 ] } },
{ "type": "Feature", "properties": { "FID": 371, "ID": 372, "Longitude": -96.308263415400006, "Latitude": 30.622968258, "Name": "Adriaens Petasch", "Gender": "Female", "Age": 77, "Race": "Native Hawaiian", "Occupation": "Safety Technician I", "Address": "90565 Esker Court", "Email": "amccallamab@angelfire.com", "Phone": "536-486-3853", "Income": 21951.15, "Insurance": "NO", "CEOfficers": "Vincent Rosas", "CommunityID": 5, "EatingHabits": "Balanced diet" }, "geometry": { "type": "Point", "coordinates": [ -96.308263415400006, 30.622968258 ] } },
{ "type": "Feature", "properties": { "FID": 372, "ID": 373, "Longitude": -96.335806470500003, "Latitude": 30.622431817799999, "Name": "Shelly Grigolashvill", "Gender": "Female", "Age": 78, "Race": "Costa Rican", "Occupation": "Quality Engineer", "Address": "9269 Ryan Street", "Email": "rleadbitterac@sina.com.cn", "Phone": "486-196-1957", "Income": 49233.55, "Insurance": "YES", "CEOfficers": "TAMU", "CommunityID": 99, "EatingHabits": "High-sugar diet" }, "geometry": { "type": "Point", "coordinates": [ -96.335806470500003, 30.622431817799999 ] } },
{ "type": "Feature", "properties": { "FID": 373, "ID": 374, "Longitude": -96.262326742699997, "Latitude": 30.530368641599999, "Name": "Markus Fawkes", "Gender": "Male", "Age": 21, "Race": "Laotian", "Occupation": "Media Manager II", "Address": "85 Morrow Park", "Email": "rkantorad@ocn.ne.jp", "Phone": "663-478-5047", "Income": 113614.57, "Insurance": "NO", "CEOfficers": "James Johnson", "CommunityID": 4, "EatingHabits": "Low-sugar diet" }, "geometry": { "type": "Point", "coordinates": [ -96.262326742699997, 30.530368641599999 ] } },
{ "type": "Feature", "properties": { "FID": 374, "ID": 375, "Longitude": -96.323624635599998, "Latitude": 30.603883603500002, "Name": "Whitney Blazhevich", "Gender": "Non-binary", "Age": 36, "Race": "Potawatomi", "Occupation": "Nuclear Power Engineer", "Address": "6 Alpine Crossing", "Email": "pbrearae@eventbrite.com", "Phone": "583-361-5161", "Income": 23038.52, "Insurance": "YES", "CEOfficers": "Adrienne Bishop", "CommunityID": 1, "EatingHabits": "Balanced diet" }, "geometry": { "type": "Point", "coordinates": [ -96.323624635599998, 30.603883603500002 ] } },
{ "type": "Feature", "properties": { "FID": 375, "ID": 376, "Longitude": -96.366628200099996, "Latitude": 30.590157413299998, "Name": "Gertrud Chucks", "Gender": "Male", "Age": 47, "Race": "Iroquois", "Occupation": "Geological Engineer", "Address": "4 Ridgeview Avenue", "Email": "zlindgrenaf@discuz.net", "Phone": "507-617-9448", "Income": 36699.23, "Insurance": "NO", "CEOfficers": "TAMU", "CommunityID": 99, "EatingHabits": "High-sugar diet" }, "geometry": { "type": "Point", "coordinates": [ -96.366628200099996, 30.590157413299998 ] } },
{ "type": "Feature", "properties": { "FID": 376, "ID": 377, "Longitude": -96.292670155099998, "Latitude": 30.597614013400001, "Name": "Carmelita Heams", "Gender": "Female", "Age": 37, "Race": "Cherokee", "Occupation": "Assistant Manager", "Address": "241 Namekagon Court", "Email": "kmcfaellag@timesonline.co.uk", "Phone": "563-561-8464", "Income": 133517.21, "Insurance": "YES", "CEOfficers": "Vincent Rosas", "CommunityID": 5, "EatingHabits": "Low-sugar diet" }, "geometry": { "type": "Point", "coordinates": [ -96.292670155099998, 30.597614013400001 ] } },
{ "type": "Feature", "properties": { "FID": 377, "ID": 378, "Longitude": -96.294919325500004, "Latitude": 30.599695385699999, "Name": "Irving Brugh", "Gender": "Male", "Age": 24, "Race": "Ute", "Occupation": "Structural Engineer", "Address": "49 Charing Cross Park", "Email": "cloundsah@illinois.edu", "Phone": "883-146-0144", "Income": 144237.26, "Insurance": "NO", "CEOfficers": "Vincent Rosas", "CommunityID": 5, "EatingHabits": "Balanced diet" }, "geometry": { "type": "Point", "coordinates": [ -96.294919325500004, 30.599695385699999 ] } },
{ "type": "Feature", "properties": { "FID": 378, "ID": 379, "Longitude": -96.376800302899994, "Latitude": 30.5653470968, "Name": "Ethelyn Hardy", "Gender": "Male", "Age": 42, "Race": "Hmong", "Occupation": "Help Desk Operator", "Address": "2 Forest Dale Street", "Email": "rheberai@ucoz.ru", "Phone": "816-554-7072", "Income": 71741.34, "Insurance": "YES", "CEOfficers": "TAMU", "CommunityID": 99, "EatingHabits": "High-sugar diet" }, "geometry": { "type": "Point", "coordinates": [ -96.376800302899994, 30.5653470968 ] } },
{ "type": "Feature", "properties": { "FID": 379, "ID": 380, "Longitude": -96.276825800599994, "Latitude": 30.558996333100001, "Name": "Jeramey Necolds", "Gender": "Female", "Age": 44, "Race": "White", "Occupation": "Sales Associate", "Address": "75610 Kenwood Junction", "Email": "jgarnsworthyaj@hao123.com", "Phone": "396-929-3922", "Income": 35923.24, "Insurance": "NO", "CEOfficers": "James Johnson", "CommunityID": 4, "EatingHabits": "Low-sugar diet" }, "geometry": { "type": "Point", "coordinates": [ -96.276825800599994, 30.558996333100001 ] } },
{ "type": "Feature", "properties": { "FID": 380, "ID": 381, "Longitude": -96.306689598899993, "Latitude": 30.574145659900001, "Name": "Suzanne Seagood", "Gender": "Female", "Age": 80, "Race": "Tohono O'Odham", "Occupation": "Administrative Officer", "Address": "2 Mcguire Park", "Email": "jlurcockak@pagesperso-orange.fr", "Phone": "206-203-1414", "Income": 104679.99, "Insurance": "YES", "CEOfficers": "Mark Szydlowski", "CommunityID": 3, "EatingHabits": "Balanced diet" }, "geometry": { "type": "Point", "coordinates": [ -96.306689598899993, 30.574145659900001 ] } },
{ "type": "Feature", "properties": { "FID": 381, "ID": 382, "Longitude": -96.337004092800001, "Latitude": 30.613394835299999, "Name": "Frankie Hyndson", "Gender": "Female", "Age": 55, "Race": "South American", "Occupation": "Registered Nurse", "Address": "86 Erie Way", "Email": "mgorinial@privacy.gov.au", "Phone": "434-657-7125", "Income": 165469.39, "Insurance": "NO", "CEOfficers": "TAMU", "CommunityID": 99, "EatingHabits": "High-sugar diet" }, "geometry": { "type": "Point", "coordinates": [ -96.337004092800001, 30.613394835299999 ] } },
{ "type": "Feature", "properties": { "FID": 382, "ID": 383, "Longitude": -96.327877728499999, "Latitude": 30.638992376400001, "Name": "Doralyn Empringham", "Gender": "Male", "Age": 22, "Race": "Spaniard", "Occupation": "Business Systems Development Analyst", "Address": "21505 Glendale Way", "Email": "ehubbuckeam@icio.us", "Phone": "759-944-3174", "Income": 144395.54, "Insurance": "YES", "CEOfficers": "Adrienne Bishop", "CommunityID": 1, "EatingHabits": "Low-sugar diet" }, "geometry": { "type": "Point", "coordinates": [ -96.327877728499999, 30.638992376400001 ] } },
{ "type": "Feature", "properties": { "FID": 383, "ID": 384, "Longitude": -96.330158625799996, "Latitude": 30.635465511700001, "Name": "Elke Mossom", "Gender": "Female", "Age": 18, "Race": "Latin American Indian", "Occupation": "Mechanical Systems Engineer", "Address": "512 Bobwhite Lane", "Email": "lgagenan@about.me", "Phone": "717-300-2256", "Income": 155824.56, "Insurance": "NO", "CEOfficers": "Adrienne Bishop", "CommunityID": 1, "EatingHabits": "Balanced diet" }, "geometry": { "type": "Point", "coordinates": [ -96.330158625799996, 30.635465511700001 ] } },
{ "type": "Feature", "properties": { "FID": 384, "ID": 385, "Longitude": -96.301520094500006, "Latitude": 30.643562602900001, "Name": "Tandi Antonignetti", "Gender": "Male", "Age": 69, "Race": "Alaska Native", "Occupation": "Environmental Tech", "Address": "72 Ridgeview Way", "Email": "lsanderao@theatlantic.com", "Phone": "553-173-9813", "Income": 128630.63, "Insurance": "YES", "CEOfficers": "Vincent Rosas", "CommunityID": 5, "EatingHabits": "High-sugar diet" }, "geometry": { "type": "Point", "coordinates": [ -96.301520094500006, 30.643562602900001 ] } },
{ "type": "Feature", "properties": { "FID": 385, "ID": 386, "Longitude": -96.262350228599999, "Latitude": 30.5290223875, "Name": "Monah Mingaye", "Gender": "Male", "Age": 48, "Race": "Blackfeet", "Occupation": "Systems Administrator I", "Address": "7 Blaine Alley", "Email": "jwalbridgeap@vk.com", "Phone": "175-193-6344", "Income": 125624.45, "Insurance": "NO", "CEOfficers": "James Johnson", "CommunityID": 4, "EatingHabits": "Low-sugar diet" }, "geometry": { "type": "Point", "coordinates": [ -96.262350228599999, 30.5290223875 ] } },
{ "type": "Feature", "properties": { "FID": 386, "ID": 387, "Longitude": -96.249199167399993, "Latitude": 30.569451001000001, "Name": "Rozanna Tinkler", "Gender": "Female", "Age": 24, "Race": "Native Hawaiian and Other Pacific Islander (NHPI)", "Occupation": "Recruiter", "Address": "02 Melby Crossing", "Email": "dgouchaq@friendfeed.com", "Phone": "688-452-7137", "Income": 11825.36, "Insurance": "YES", "CEOfficers": "James Johnson", "CommunityID": 4, "EatingHabits": "Balanced diet" }, "geometry": { "type": "Point", "coordinates": [ -96.249199167399993, 30.569451001 ] } },
{ "type": "Feature", "properties": { "FID": 387, "ID": 388, "Longitude": -96.294305963900001, "Latitude": 30.528258008600002, "Name": "Maggi Louch", "Gender": "Female", "Age": 32, "Race": "Choctaw", "Occupation": "Technical Writer", "Address": "1646 Farwell Drive", "Email": "pcreasyar@comcast.net", "Phone": "179-769-8227", "Income": 87164.68, "Insurance": "NO", "CEOfficers": "James Johnson", "CommunityID": 4, "EatingHabits": "High-sugar diet" }, "geometry": { "type": "Point", "coordinates": [ -96.294305963900001, 30.528258008600002 ] } },
{ "type": "Feature", "properties": { "FID": 388, "ID": 389, "Longitude": -96.319265108099998, "Latitude": 30.5957171053, "Name": "Janie Wentworth", "Gender": "Male", "Age": 24, "Race": "Guatemalan", "Occupation": "Food Chemist", "Address": "460 Hoepker Center", "Email": "ggarmstonas@odnoklassniki.ru", "Phone": "950-720-0921", "Income": 172647.85, "Insurance": "YES", "CEOfficers": "Mark Szydlowski", "CommunityID": 3, "EatingHabits": "Low-sugar diet" }, "geometry": { "type": "Point", "coordinates": [ -96.319265108099998, 30.5957171053 ] } },
{ "type": "Feature", "properties": { "FID": 389, "ID": 390, "Longitude": -96.336970415799996, "Latitude": 30.592289749700001, "Name": "Berton Whitehouse", "Gender": "Male", "Age": 63, "Race": "Tlingit-Haida", "Occupation": "Information Systems Manager", "Address": "2216 Chive Crossing", "Email": "pheadingsat@thetimes.co.uk", "Phone": "801-959-0427", "Income": 44579.08, "Insurance": "NO", "CEOfficers": "Adrienne Bishop", "CommunityID": 1, "EatingHabits": "Balanced diet" }, "geometry": { "type": "Point", "coordinates": [ -96.336970415799996, 30.592289749700001 ] } },
{ "type": "Feature", "properties": { "FID": 390, "ID": 391, "Longitude": -96.224823219399994, "Latitude": 30.560748543900001, "Name": "Niles Placido", "Gender": "Male", "Age": 73, "Race": "Menominee", "Occupation": "Assistant Manager", "Address": "5817 Prairie Rose Junction", "Email": "sdelnevoau@360.cn", "Phone": "362-253-0180", "Income": 11728.57, "Insurance": "YES", "CEOfficers": "James Johnson", "CommunityID": 4, "EatingHabits": "High-sugar diet" }, "geometry": { "type": "Point", "coordinates": [ -96.224823219399994, 30.560748543900001 ] } },
{ "type": "Feature", "properties": { "FID": 391, "ID": 392, "Longitude": -96.323806488200006, "Latitude": 30.568099770700002, "Name": "Modestine Verbruggen", "Gender": "Male", "Age": 26, "Race": "American Indian and Alaska Native (AIAN)", "Occupation": "Research Nurse", "Address": "21974 Glendale Street", "Email": "cbasezziav@nature.com", "Phone": "315-315-7232", "Income": 143801.99, "Insurance": "NO", "CEOfficers": "Mark Szydlowski", "CommunityID": 3, "EatingHabits": "Low-sugar diet" }, "geometry": { "type": "Point", "coordinates": [ -96.323806488200006, 30.568099770700002 ] } },
{ "type": "Feature", "properties": { "FID": 392, "ID": 393, "Longitude": -96.350869456799998, "Latitude": 30.6033794254, "Name": "Hollie Coggell", "Gender": "Female", "Age": 57, "Race": "Colombian", "Occupation": "Senior Cost Accountant", "Address": "9 Meadow Ridge Drive", "Email": "mdilkeaw@youtu.be", "Phone": "427-176-2370", "Income": 72137.61, "Insurance": "YES", "CEOfficers": "TAMU", "CommunityID": 99, "EatingHabits": "Balanced diet" }, "geometry": { "type": "Point", "coordinates": [ -96.350869456799998, 30.6033794254 ] } },
{ "type": "Feature", "properties": { "FID": 393, "ID": 394, "Longitude": -96.259578459400004, "Latitude": 30.560337601600001, "Name": "Xever Hesser", "Gender": "Polygender", "Age": 54, "Race": "Spaniard", "Occupation": "VP Product Management", "Address": "28967 Grover Street", "Email": "nlegatax@hubpages.com", "Phone": "489-614-3620", "Income": 89805.14, "Insurance": "NO", "CEOfficers": "James Johnson", "CommunityID": 4, "EatingHabits": "High-sugar diet" }, "geometry": { "type": "Point", "coordinates": [ -96.259578459400004, 30.560337601600001 ] } },
{ "type": "Feature", "properties": { "FID": 394, "ID": 395, "Longitude": -96.374485099500006, "Latitude": 30.5857537684, "Name": "Pepi Wrates", "Gender": "Polygender", "Age": 34, "Race": "Thai", "Occupation": "Biostatistician III", "Address": "83 6th Terrace", "Email": "lappsay@tuttocitta.it", "Phone": "677-548-3700", "Income": 68996.85, "Insurance": "YES", "CEOfficers": "TAMU", "CommunityID": 99, "EatingHabits": "Low-sugar diet" }, "geometry": { "type": "Point", "coordinates": [ -96.374485099500006, 30.5857537684 ] } },
{ "type": "Feature", "properties": { "FID": 395, "ID": 396, "Longitude": -96.308746089600007, "Latitude": 30.601319320199998, "Name": "Deni Pleven", "Gender": "Male", "Age": 74, "Race": "Eskimo", "Occupation": "Executive Secretary", "Address": "640 Buhler Alley", "Email": "rcatonneaz@cargocollective.com", "Phone": "427-190-9689", "Income": 176370.67, "Insurance": "NO", "CEOfficers": "Mark Szydlowski", "CommunityID": 3, "EatingHabits": "Balanced diet" }, "geometry": { "type": "Point", "coordinates": [ -96.308746089600007, 30.601319320199998 ] } },
{ "type": "Feature", "properties": { "FID": 396, "ID": 397, "Longitude": -96.347697590799996, "Latitude": 30.5978088349, "Name": "Ferne Meriott", "Gender": "Female", "Age": 57, "Race": "Chickasaw", "Occupation": "Software Test Engineer II", "Address": "75227 Kings Plaza", "Email": "ilawdhamb0@blogspot.com", "Phone": "128-163-4450", "Income": 69077.65, "Insurance": "YES", "CEOfficers": "TAMU", "CommunityID": 99, "EatingHabits": "High-sugar diet" }, "geometry": { "type": "Point", "coordinates": [ -96.347697590799996, 30.5978088349 ] } },
{ "type": "Feature", "properties": { "FID": 397, "ID": 398, "Longitude": -96.264751815099999, "Latitude": 30.5758466365, "Name": "Diana Tossell", "Gender": "Female", "Age": 68, "Race": "Pima", "Occupation": "Senior Quality Engineer", "Address": "91 Aberg Center", "Email": "ltibaldb1@edublogs.org", "Phone": "750-185-8681", "Income": 193958.31, "Insurance": "NO", "CEOfficers": "James Johnson", "CommunityID": 4, "EatingHabits": "Low-sugar diet" }, "geometry": { "type": "Point", "coordinates": [ -96.264751815099999, 30.5758466365 ] } },
{ "type": "Feature", "properties": { "FID": 398, "ID": 399, "Longitude": -96.303121602499999, "Latitude": 30.640253833700001, "Name": "Arel Ceely", "Gender": "Female", "Age": 31, "Race": "Lumbee", "Occupation": "Developer I", "Address": "32809 Burning Wood Alley", "Email": "afoulstoneb2@timesonline.co.uk", "Phone": "250-178-4628", "Income": 24613.56, "Insurance": "YES", "CEOfficers": "Vincent Rosas", "CommunityID": 5, "EatingHabits": "Balanced diet" }, "geometry": { "type": "Point", "coordinates": [ -96.303121602499999, 30.640253833700001 ] } },
{ "type": "Feature", "properties": { "FID": 399, "ID": 400, "Longitude": -96.331974335799998, "Latitude": 30.619588872200001, "Name": "Vassili Organer", "Gender": "Male", "Age": 32, "Race": "Seminole", "Occupation": "Chemical Engineer", "Address": "9 Northland Park", "Email": "mwoontonb3@dailymail.co.uk", "Phone": "431-817-1236", "Income": 152883.59, "Insurance": "NO", "CEOfficers": "TAMU", "CommunityID": 99, "EatingHabits": "High-sugar diet" }, "geometry": { "type": "Point", "coordinates": [ -96.331974335799998, 30.619588872200001 ] } },
{ "type": "Feature", "properties": { "FID": 400, "ID": 401, "Longitude": -96.3090869782, "Latitude": 30.566492581599999, "Name": "Lane Yashanov", "Gender": "Bigender", "Age": 61, "Race": "Guamanian", "Occupation": "Electrical Engineer", "Address": "917 Lotheville Point", "Email": "sladenb4@nationalgeographic.com", "Phone": "958-743-5765", "Income": 79485.13, "Insurance": "YES", "CEOfficers": "James Johnson", "CommunityID": 4, "EatingHabits": "Low-sugar diet" }, "geometry": { "type": "Point", "coordinates": [ -96.3090869782, 30.566492581599999 ] } },
{ "type": "Feature", "properties": { "FID": 401, "ID": 402, "Longitude": -96.338562689499994, "Latitude": 30.590886389400001, "Name": "Niel Duggon", "Gender": "Female", "Age": 44, "Race": "Colombian", "Occupation": "Structural Engineer", "Address": "11906 Muir Lane", "Email": "mkulickeb5@webeden.co.uk", "Phone": "660-576-4760", "Income": 59341.62, "Insurance": "NO", "CEOfficers": "Adrienne Bishop", "CommunityID": 1, "EatingHabits": "Balanced diet" }, "geometry": { "type": "Point", "coordinates": [ -96.338562689499994, 30.590886389400001 ] } },
{ "type": "Feature", "properties": { "FID": 402, "ID": 403, "Longitude": -96.327928222599994, "Latitude": 30.581243151199999, "Name": "Orazio Overill", "Gender": "Male", "Age": 30, "Race": "Native Hawaiian", "Occupation": "Senior Sales Associate", "Address": "0 Sunfield Way", "Email": "gdonnelb6@dyndns.org", "Phone": "157-218-8286", "Income": 46971.04, "Insurance": "YES", "CEOfficers": "Mark Szydlowski", "CommunityID": 3, "EatingHabits": "High-sugar diet" }, "geometry": { "type": "Point", "coordinates": [ -96.327928222599994, 30.581243151199999 ] } },
{ "type": "Feature", "properties": { "FID": 403, "ID": 404, "Longitude": -96.327629812599994, "Latitude": 30.607413619700001, "Name": "Luise Burtwistle", "Gender": "Non-binary", "Age": 20, "Race": "Chinese", "Occupation": "Teacher", "Address": "180 Vera Parkway", "Email": "aleiskb7@php.net", "Phone": "172-864-2572", "Income": 100582.52, "Insurance": "NO", "CEOfficers": "Adrienne Bishop", "CommunityID": 1, "EatingHabits": "Low-sugar diet" }, "geometry": { "type": "Point", "coordinates": [ -96.327629812599994, 30.607413619700001 ] } },
{ "type": "Feature", "properties": { "FID": 404, "ID": 405, "Longitude": -96.238316768199994, "Latitude": 30.5690661412, "Name": "Whitney Bento", "Gender": "Female", "Age": 69, "Race": "Venezuelan", "Occupation": "Staff Scientist", "Address": "934 Erie Circle", "Email": "ktideyb8@java.com", "Phone": "909-584-6627", "Income": 147675.31, "Insurance": "YES", "CEOfficers": "James Johnson", "CommunityID": 4, "EatingHabits": "Balanced diet" }, "geometry": { "type": "Point", "coordinates": [ -96.238316768199994, 30.5690661412 ] } },
{ "type": "Feature", "properties": { "FID": 405, "ID": 406, "Longitude": -96.374378397499996, "Latitude": 30.609306216099998, "Name": "Graehme Sepey", "Gender": "Female", "Age": 68, "Race": "Peruvian", "Occupation": "Human Resources Manager", "Address": "6112 Karstens Parkway", "Email": "npittleb9@sfgate.com", "Phone": "926-676-0103", "Income": 199932.07, "Insurance": "NO", "CEOfficers": "TAMU", "CommunityID": 99, "EatingHabits": "High-sugar diet" }, "geometry": { "type": "Point", "coordinates": [ -96.374378397499996, 30.609306216099998 ] } },
{ "type": "Feature", "properties": { "FID": 406, "ID": 407, "Longitude": -96.275179289299999, "Latitude": 30.596947501300001, "Name": "Leif McRamsey", "Gender": "Female", "Age": 53, "Race": "Asian Indian", "Occupation": "Assistant Manager", "Address": "804 Arrowood Way", "Email": "jobeirneba@yolasite.com", "Phone": "248-915-5091", "Income": 187287.31, "Insurance": "YES", "CEOfficers": "Vincent Rosas", "CommunityID": 5, "EatingHabits": "Low-sugar diet" }, "geometry": { "type": "Point", "coordinates": [ -96.275179289299999, 30.596947501300001 ] } },
{ "type": "Feature", "properties": { "FID": 407, "ID": 408, "Longitude": -96.357686141499997, "Latitude": 30.582587664599998, "Name": "Millicent Omand", "Gender": "Male", "Age": 61, "Race": "Cambodian", "Occupation": "Pharmacist", "Address": "41 Westport Place", "Email": "cprinbb@joomla.org", "Phone": "248-631-2035", "Income": 142684.09, "Insurance": "NO", "CEOfficers": "TAMU", "CommunityID": 99, "EatingHabits": "Balanced diet" }, "geometry": { "type": "Point", "coordinates": [ -96.357686141499997, 30.582587664599998 ] } },
{ "type": "Feature", "properties": { "FID": 408, "ID": 409, "Longitude": -96.318549208099995, "Latitude": 30.631944470299999, "Name": "Keene Garnam", "Gender": "Male", "Age": 46, "Race": "Taiwanese", "Occupation": "VP Product Management", "Address": "71 Maple Wood Park", "Email": "solearybc@facebook.com", "Phone": "297-649-2177", "Income": 141340.22, "Insurance": "YES", "CEOfficers": "Vincent Rosas", "CommunityID": 5, "EatingHabits": "High-sugar diet" }, "geometry": { "type": "Point", "coordinates": [ -96.318549208099995, 30.631944470299999 ] } },
{ "type": "Feature", "properties": { "FID": 409, "ID": 410, "Longitude": -96.372343069899998, "Latitude": 30.562364454299999, "Name": "Stirling Brastead", "Gender": "Male", "Age": 23, "Race": "Japanese", "Occupation": "Staff Accountant II", "Address": "9 Hudson Junction", "Email": "mphippsbd@go.com", "Phone": "772-276-6999", "Income": 137766.5, "Insurance": "NO", "CEOfficers": "TAMU", "CommunityID": 99, "EatingHabits": "Low-sugar diet" }, "geometry": { "type": "Point", "coordinates": [ -96.372343069899998, 30.562364454299999 ] } },
{ "type": "Feature", "properties": { "FID": 410, "ID": 411, "Longitude": -96.259239085000004, "Latitude": 30.536280043400001, "Name": "Lelia Whiscard", "Gender": "Female", "Age": 57, "Race": "Chamorro", "Occupation": "Clinical Specialist", "Address": "72181 6th Trail", "Email": "cmcgrannbe@jigsy.com", "Phone": "133-383-1573", "Income": 134498.5, "Insurance": "YES", "CEOfficers": "James Johnson", "CommunityID": 4, "EatingHabits": "Balanced diet" }, "geometry": { "type": "Point", "coordinates": [ -96.259239085, 30.536280043400001 ] } },
{ "type": "Feature", "properties": { "FID": 411, "ID": 412, "Longitude": -96.35218493000001, "Latitude": 30.602762566100001, "Name": "Kris Landon", "Gender": "Female", "Age": 67, "Race": "Micronesian", "Occupation": "VP Quality Control", "Address": "96376 Marcy Alley", "Email": "fheeranbf@ucla.edu", "Phone": "829-509-5236", "Income": 41358.67, "Insurance": "NO", "CEOfficers": "TAMU", "CommunityID": 99, "EatingHabits": "High-sugar diet" }, "geometry": { "type": "Point", "coordinates": [ -96.35218493, 30.602762566100001 ] } },
{ "type": "Feature", "properties": { "FID": 412, "ID": 413, "Longitude": -96.235722741299995, "Latitude": 30.585929159700001, "Name": "Tommie Raymond", "Gender": "Male", "Age": 59, "Race": "Cree", "Occupation": "Senior Editor", "Address": "8213 Eggendart Hill", "Email": "slawlanbg@un.org", "Phone": "617-315-4453", "Income": 162556.13, "Insurance": "YES", "CEOfficers": "Vincent Rosas", "CommunityID": 5, "EatingHabits": "Low-sugar diet" }, "geometry": { "type": "Point", "coordinates": [ -96.235722741299995, 30.585929159700001 ] } },
{ "type": "Feature", "properties": { "FID": 413, "ID": 414, "Longitude": -96.303438677100004, "Latitude": 30.536351430100002, "Name": "Graeme Fido", "Gender": "Non-binary", "Age": 33, "Race": "Bangladeshi", "Occupation": "Civil Engineer", "Address": "54 Northview Hill", "Email": "koxbroughbh@ibm.com", "Phone": "917-369-8126", "Income": 61347.38, "Insurance": "NO", "CEOfficers": "Francesca Spell", "CommunityID": 2, "EatingHabits": "Balanced diet" }, "geometry": { "type": "Point", "coordinates": [ -96.303438677100004, 30.536351430100002 ] } },
{ "type": "Feature", "properties": { "FID": 414, "ID": 415, "Longitude": -96.322674320900006, "Latitude": 30.608052404599999, "Name": "Nahum Guidini", "Gender": "Male", "Age": 59, "Race": "Puget Sound Salish", "Occupation": "Design Engineer", "Address": "6694 Valley Edge Point", "Email": "jfouldbi@tumblr.com", "Phone": "590-191-3740", "Income": 113181.16, "Insurance": "YES", "CEOfficers": "Adrienne Bishop", "CommunityID": 1, "EatingHabits": "High-sugar diet" }, "geometry": { "type": "Point", "coordinates": [ -96.322674320900006, 30.608052404599999 ] } },
{ "type": "Feature", "properties": { "FID": 415, "ID": 416, "Longitude": -96.244515963799998, "Latitude": 30.5813848789, "Name": "Edi Jonathon", "Gender": "Male", "Age": 41, "Race": "Paraguayan", "Occupation": "Technical Writer", "Address": "8 Transport Drive", "Email": "hrossboroughbj@ca.gov", "Phone": "706-975-2829", "Income": 48803.11, "Insurance": "NO", "CEOfficers": "Vincent Rosas", "CommunityID": 5, "EatingHabits": "Low-sugar diet" }, "geometry": { "type": "Point", "coordinates": [ -96.244515963799998, 30.5813848789 ] } },
{ "type": "Feature", "properties": { "FID": 416, "ID": 417, "Longitude": -96.347652332699994, "Latitude": 30.6089251555, "Name": "Lock Huddy", "Gender": "Female", "Age": 46, "Race": "Cree", "Occupation": "Assistant Media Planner", "Address": "1561 Sage Hill", "Email": "dmealiffebk@oakley.com", "Phone": "638-858-8558", "Income": 197282.98, "Insurance": "YES", "CEOfficers": "TAMU", "CommunityID": 99, "EatingHabits": "Balanced diet" }, "geometry": { "type": "Point", "coordinates": [ -96.347652332699994, 30.6089251555 ] } },
{ "type": "Feature", "properties": { "FID": 417, "ID": 418, "Longitude": -96.290529840700003, "Latitude": 30.533725902299999, "Name": "Beniamino Arlt", "Gender": "Female", "Age": 60, "Race": "American Indian and Alaska Native (AIAN)", "Occupation": "Account Representative III", "Address": "1 Melby Point", "Email": "ndobrowolskibl@bigcartel.com", "Phone": "931-871-7696", "Income": 122193.47, "Insurance": "NO", "CEOfficers": "James Johnson", "CommunityID": 4, "EatingHabits": "High-sugar diet" }, "geometry": { "type": "Point", "coordinates": [ -96.290529840700003, 30.533725902299999 ] } },
{ "type": "Feature", "properties": { "FID": 418, "ID": 419, "Longitude": -96.321287882500002, "Latitude": 30.622267384800001, "Name": "Ferdinande Bottelstone", "Gender": "Female", "Age": 35, "Race": "Black or African American", "Occupation": "Operator", "Address": "49872 Boyd Point", "Email": "dmcmanamanbm@princeton.edu", "Phone": "603-727-1983", "Income": 136295.44, "Insurance": "YES", "CEOfficers": "Adrienne Bishop", "CommunityID": 1, "EatingHabits": "Low-sugar diet" }, "geometry": { "type": "Point", "coordinates": [ -96.321287882500002, 30.622267384800001 ] } },
{ "type": "Feature", "properties": { "FID": 419, "ID": 420, "Longitude": -96.295227571699996, "Latitude": 30.556163587499999, "Name": "Andrea O'Scanlon", "Gender": "Male", "Age": 52, "Race": "Latin American Indian", "Occupation": "Environmental Tech", "Address": "150 Forest Dale Point", "Email": "hstotherfieldbn@privacy.gov.au", "Phone": "943-411-6409", "Income": 127462.06, "Insurance": "NO", "CEOfficers": "James Johnson", "CommunityID": 4, "EatingHabits": "Balanced diet" }, "geometry": { "type": "Point", "coordinates": [ -96.295227571699996, 30.556163587499999 ] } },
{ "type": "Feature", "properties": { "FID": 420, "ID": 421, "Longitude": -96.293093673100003, "Latitude": 30.619645393500001, "Name": "Griffy Yushmanov", "Gender": "Male", "Age": 68, "Race": "Seminole", "Occupation": "Financial Advisor", "Address": "3 Cody Parkway", "Email": "hmortellbo@mac.com", "Phone": "467-283-8109", "Income": 176064.14, "Insurance": "YES", "CEOfficers": "Vincent Rosas", "CommunityID": 5, "EatingHabits": "High-sugar diet" }, "geometry": { "type": "Point", "coordinates": [ -96.293093673100003, 30.619645393500001 ] } },
{ "type": "Feature", "properties": { "FID": 421, "ID": 422, "Longitude": -96.355858804799993, "Latitude": 30.587456602100001, "Name": "Corrine Diess", "Gender": "Male", "Age": 66, "Race": "Chinese", "Occupation": "Geological Engineer", "Address": "992 Calypso Lane", "Email": "hbasillonbp@privacy.gov.au", "Phone": "352-894-8821", "Income": 123837.1, "Insurance": "NO", "CEOfficers": "TAMU", "CommunityID": 99, "EatingHabits": "Low-sugar diet" }, "geometry": { "type": "Point", "coordinates": [ -96.355858804799993, 30.587456602100001 ] } },
{ "type": "Feature", "properties": { "FID": 422, "ID": 423, "Longitude": -96.373168641999996, "Latitude": 30.590533407900001, "Name": "Conchita Brendeke", "Gender": "Female", "Age": 24, "Race": "Yakama", "Occupation": "VP Product Management", "Address": "74 Leroy Circle", "Email": "sgladdolphbq@china.com.cn", "Phone": "329-307-8712", "Income": 95761.76, "Insurance": "YES", "CEOfficers": "TAMU", "CommunityID": 99, "EatingHabits": "Balanced diet" }, "geometry": { "type": "Point", "coordinates": [ -96.373168642, 30.590533407900001 ] } },
{ "type": "Feature", "properties": { "FID": 423, "ID": 424, "Longitude": -96.248949947200003, "Latitude": 30.588460806800001, "Name": "Bonita Glowacki", "Gender": "Male", "Age": 19, "Race": "Colville", "Occupation": "Associate Professor", "Address": "33 Forster Avenue", "Email": "pyerrillbr@wufoo.com", "Phone": "793-158-1438", "Income": 14334.9, "Insurance": "NO", "CEOfficers": "Vincent Rosas", "CommunityID": 5, "EatingHabits": "High-sugar diet" }, "geometry": { "type": "Point", "coordinates": [ -96.248949947200003, 30.588460806800001 ] } },
{ "type": "Feature", "properties": { "FID": 424, "ID": 425, "Longitude": -96.317232560799994, "Latitude": 30.624585271299999, "Name": "Hi Anespie", "Gender": "Male", "Age": 59, "Race": "Delaware", "Occupation": "Structural Engineer", "Address": "45 Victoria Parkway", "Email": "mcolquitebs@so-net.ne.jp", "Phone": "451-767-2849", "Income": 65756.65, "Insurance": "YES", "CEOfficers": "Adrienne Bishop", "CommunityID": 1, "EatingHabits": "Low-sugar diet" }, "geometry": { "type": "Point", "coordinates": [ -96.317232560799994, 30.624585271299999 ] } },
{ "type": "Feature", "properties": { "FID": 425, "ID": 426, "Longitude": -96.358104721299995, "Latitude": 30.593720591899999, "Name": "Eberto Corbyn", "Gender": "Female", "Age": 78, "Race": "Tohono O'Odham", "Occupation": "VP Accounting", "Address": "4277 Blackbird Plaza", "Email": "mlightollersbt@domainmarket.com", "Phone": "113-528-2432", "Income": 177739.61, "Insurance": "NO", "CEOfficers": "TAMU", "CommunityID": 99, "EatingHabits": "Balanced diet" }, "geometry": { "type": "Point", "coordinates": [ -96.358104721299995, 30.593720591899999 ] } },
{ "type": "Feature", "properties": { "FID": 426, "ID": 427, "Longitude": -96.313804203000004, "Latitude": 30.564417115200001, "Name": "Binni Antcliffe", "Gender": "Male", "Age": 71, "Race": "Honduran", "Occupation": "Payment Adjustment Coordinator", "Address": "1 Norway Maple Terrace", "Email": "iminkinbu@lycos.com", "Phone": "874-680-3958", "Income": 33520.95, "Insurance": "YES", "CEOfficers": "James Johnson", "CommunityID": 4, "EatingHabits": "High-sugar diet" }, "geometry": { "type": "Point", "coordinates": [ -96.313804203, 30.564417115200001 ] } },
{ "type": "Feature", "properties": { "FID": 427, "ID": 428, "Longitude": -96.283576834800002, "Latitude": 30.574064542199999, "Name": "Shawna Danilevich", "Gender": "Male", "Age": 79, "Race": "Asian Indian", "Occupation": "Accounting Assistant IV", "Address": "99 Grim Plaza", "Email": "vwylltbv@cloudflare.com", "Phone": "942-532-4472", "Income": 74211.73, "Insurance": "NO", "CEOfficers": "James Johnson", "CommunityID": 4, "EatingHabits": "Low-sugar diet" }, "geometry": { "type": "Point", "coordinates": [ -96.283576834800002, 30.574064542199999 ] } },
{ "type": "Feature", "properties": { "FID": 428, "ID": 429, "Longitude": -96.361180066299994, "Latitude": 30.623494381, "Name": "Doroteya Budd", "Gender": "Male", "Age": 30, "Race": "Choctaw", "Occupation": "Account Representative II", "Address": "66 Ludington Way", "Email": "eullyottbw@sina.com.cn", "Phone": "170-967-0448", "Income": 97698.9, "Insurance": "YES", "CEOfficers": "TAMU", "CommunityID": 99, "EatingHabits": "Balanced diet" }, "geometry": { "type": "Point", "coordinates": [ -96.361180066299994, 30.623494381 ] } },
{ "type": "Feature", "properties": { "FID": 429, "ID": 430, "Longitude": -96.319097707500006, "Latitude": 30.565834659899998, "Name": "Phillis De Bruin", "Gender": "Female", "Age": 60, "Race": "Navajo", "Occupation": "Pharmacist", "Address": "42 Anthes Point", "Email": "astaggsbx@wsj.com", "Phone": "579-141-5803", "Income": 177624.41, "Insurance": "NO", "CEOfficers": "Mark Szydlowski", "CommunityID": 3, "EatingHabits": "High-sugar diet" }, "geometry": { "type": "Point", "coordinates": [ -96.319097707500006, 30.565834659899998 ] } },
{ "type": "Feature", "properties": { "FID": 430, "ID": 431, "Longitude": -96.297705112499997, "Latitude": 30.6245250023, "Name": "Isak Benedikt", "Gender": "Male", "Age": 18, "Race": "Fijian", "Occupation": "Dental Hygienist", "Address": "38924 Ridgeview Point", "Email": "cwaterstoneby@wikipedia.org", "Phone": "580-414-0219", "Income": 19324.11, "Insurance": "YES", "CEOfficers": "Vincent Rosas", "CommunityID": 5, "EatingHabits": "Low-sugar diet" }, "geometry": { "type": "Point", "coordinates": [ -96.297705112499997, 30.6245250023 ] } },
{ "type": "Feature", "properties": { "FID": 431, "ID": 432, "Longitude": -96.229611950399999, "Latitude": 30.579501829200002, "Name": "Kerry Coghill", "Gender": "Female", "Age": 59, "Race": "Central American", "Occupation": "Legal Assistant", "Address": "84683 Hansons Plaza", "Email": "dchristinbz@mail.ru", "Phone": "654-314-7677", "Income": 124642.51, "Insurance": "NO", "CEOfficers": "James Johnson", "CommunityID": 4, "EatingHabits": "Balanced diet" }, "geometry": { "type": "Point", "coordinates": [ -96.229611950399999, 30.579501829200002 ] } },
{ "type": "Feature", "properties": { "FID": 432, "ID": 433, "Longitude": -96.284906803799998, "Latitude": 30.556913981400001, "Name": "Etienne Southworth", "Gender": "Male", "Age": 46, "Race": "Filipino", "Occupation": "Professor", "Address": "73 Memorial Drive", "Email": "thinckleyc0@tmall.com", "Phone": "388-895-5798", "Income": 37367.67, "Insurance": "YES", "CEOfficers": "James Johnson", "CommunityID": 4, "EatingHabits": "High-sugar diet" }, "geometry": { "type": "Point", "coordinates": [ -96.284906803799998, 30.556913981400001 ] } },
{ "type": "Feature", "properties": { "FID": 433, "ID": 434, "Longitude": -96.268316018099995, "Latitude": 30.587021848399999, "Name": "Kory Debow", "Gender": "Female", "Age": 66, "Race": "American Indian", "Occupation": "Director of Sales", "Address": "6 Basil Parkway", "Email": "sswitsurc1@uol.com.br", "Phone": "628-358-4847", "Income": 145373.09, "Insurance": "NO", "CEOfficers": "Vincent Rosas", "CommunityID": 5, "EatingHabits": "Low-sugar diet" }, "geometry": { "type": "Point", "coordinates": [ -96.268316018099995, 30.587021848399999 ] } },
{ "type": "Feature", "properties": { "FID": 434, "ID": 435, "Longitude": -96.283903585900006, "Latitude": 30.5631611339, "Name": "Wrennie Seacombe", "Gender": "Female", "Age": 26, "Race": "Chickasaw", "Occupation": "Food Chemist", "Address": "5 Red Cloud Trail", "Email": "awyldborec2@vk.com", "Phone": "706-303-0525", "Income": 125709.85, "Insurance": "YES", "CEOfficers": "James Johnson", "CommunityID": 4, "EatingHabits": "Balanced diet" }, "geometry": { "type": "Point", "coordinates": [ -96.283903585900006, 30.5631611339 ] } },
{ "type": "Feature", "properties": { "FID": 435, "ID": 436, "Longitude": -96.249557379099997, "Latitude": 30.596510337000002, "Name": "Ursuline Drugan", "Gender": "Genderqueer", "Age": 60, "Race": "Alaskan Athabascan", "Occupation": "General Manager", "Address": "28 3rd Circle", "Email": "hbathowec3@biglobe.ne.jp", "Phone": "274-811-6682", "Income": 117487.52, "Insurance": "NO", "CEOfficers": "Vincent Rosas", "CommunityID": 5, "EatingHabits": "High-sugar diet" }, "geometry": { "type": "Point", "coordinates": [ -96.249557379099997, 30.596510337 ] } },
{ "type": "Feature", "properties": { "FID": 436, "ID": 437, "Longitude": -96.220599703600001, "Latitude": 30.549753469900001, "Name": "Axe Abbotts", "Gender": "Female", "Age": 29, "Race": "Costa Rican", "Occupation": "Assistant Professor", "Address": "497 Nevada Crossing", "Email": "lstapforthc4@nps.gov", "Phone": "470-816-1583", "Income": 15656.48, "Insurance": "YES", "CEOfficers": "James Johnson", "CommunityID": 4, "EatingHabits": "Low-sugar diet" }, "geometry": { "type": "Point", "coordinates": [ -96.220599703600001, 30.549753469900001 ] } },
{ "type": "Feature", "properties": { "FID": 437, "ID": 438, "Longitude": -96.2630288605, "Latitude": 30.580575517, "Name": "Friedrich Korba", "Gender": "Male", "Age": 27, "Race": "Indonesian", "Occupation": "Junior Executive", "Address": "740 Sommers Street", "Email": "bbulloughc5@phoca.cz", "Phone": "376-525-1908", "Income": 160355.03, "Insurance": "NO", "CEOfficers": "James Johnson", "CommunityID": 4, "EatingHabits": "Balanced diet" }, "geometry": { "type": "Point", "coordinates": [ -96.2630288605, 30.580575517 ] } },
{ "type": "Feature", "properties": { "FID": 438, "ID": 439, "Longitude": -96.292661249399998, "Latitude": 30.544983453299999, "Name": "Elvera Francino", "Gender": "Female", "Age": 18, "Race": "Eskimo", "Occupation": "Software Engineer I", "Address": "86 Kipling Parkway", "Email": "cickoviczc6@reddit.com", "Phone": "667-580-2776", "Income": 101794.14, "Insurance": "YES", "CEOfficers": "James Johnson", "CommunityID": 4, "EatingHabits": "High-sugar diet" }, "geometry": { "type": "Point", "coordinates": [ -96.292661249399998, 30.544983453299999 ] } },
{ "type": "Feature", "properties": { "FID": 439, "ID": 440, "Longitude": -96.295922976200004, "Latitude": 30.543332337900001, "Name": "Ulysses Backwell", "Gender": "Male", "Age": 75, "Race": "Bolivian", "Occupation": "Structural Engineer", "Address": "83 Schiller Trail", "Email": "rlambalc7@cyberchimps.com", "Phone": "635-312-6883", "Income": 149679.4, "Insurance": "NO", "CEOfficers": "James Johnson", "CommunityID": 4, "EatingHabits": "Low-sugar diet" }, "geometry": { "type": "Point", "coordinates": [ -96.295922976200004, 30.543332337900001 ] } },
{ "type": "Feature", "properties": { "FID": 440, "ID": 441, "Longitude": -96.300133476499994, "Latitude": 30.618193179199999, "Name": "Ax Rastrick", "Gender": "Male", "Age": 37, "Race": "Puget Sound Salish", "Occupation": "Quality Engineer", "Address": "84223 Merchant Lane", "Email": "vluterc8@uiuc.edu", "Phone": "986-344-3082", "Income": 92084.18, "Insurance": "YES", "CEOfficers": "Vincent Rosas", "CommunityID": 5, "EatingHabits": "Balanced diet" }, "geometry": { "type": "Point", "coordinates": [ -96.300133476499994, 30.618193179199999 ] } },
{ "type": "Feature", "properties": { "FID": 441, "ID": 442, "Longitude": -96.353718937500005, "Latitude": 30.578393065299998, "Name": "Tamera Gisborne", "Gender": "Male", "Age": 29, "Race": "Hmong", "Occupation": "Staff Accountant IV", "Address": "96 Everett Avenue", "Email": "abondc9@bing.com", "Phone": "890-495-4475", "Income": 113083.14, "Insurance": "NO", "CEOfficers": "TAMU", "CommunityID": 99, "EatingHabits": "High-sugar diet" }, "geometry": { "type": "Point", "coordinates": [ -96.353718937500005, 30.578393065299998 ] } },
{ "type": "Feature", "properties": { "FID": 442, "ID": 443, "Longitude": -96.242022615600007, "Latitude": 30.546186124799998, "Name": "Zahara Plowman", "Gender": "Genderqueer", "Age": 23, "Race": "Kiowa", "Occupation": "Clinical Specialist", "Address": "64790 Emmet Circle", "Email": "cwhelbandca@marketwatch.com", "Phone": "574-926-3683", "Income": 137344.26, "Insurance": "YES", "CEOfficers": "James Johnson", "CommunityID": 4, "EatingHabits": "Low-sugar diet" }, "geometry": { "type": "Point", "coordinates": [ -96.242022615600007, 30.546186124799998 ] } },
{ "type": "Feature", "properties": { "FID": 443, "ID": 444, "Longitude": -96.232357809700005, "Latitude": 30.572431166200001, "Name": "Eliza Elcox", "Gender": "Female", "Age": 31, "Race": "Melanesian", "Occupation": "General Manager", "Address": "42769 Russell Center", "Email": "aavorycb@sourceforge.net", "Phone": "844-811-5439", "Income": 43655.91, "Insurance": "NO", "CEOfficers": "James Johnson", "CommunityID": 4, "EatingHabits": "Balanced diet" }, "geometry": { "type": "Point", "coordinates": [ -96.232357809700005, 30.572431166200001 ] } },
{ "type": "Feature", "properties": { "FID": 444, "ID": 445, "Longitude": -96.35132108000001, "Latitude": 30.600331201199999, "Name": "Immanuel Gallego", "Gender": "Female", "Age": 79, "Race": "Ecuadorian", "Occupation": "Help Desk Operator", "Address": "59510 Homewood Junction", "Email": "mcalvercc@time.com", "Phone": "620-748-3737", "Income": 73932.48, "Insurance": "YES", "CEOfficers": "TAMU", "CommunityID": 99, "EatingHabits": "High-sugar diet" }, "geometry": { "type": "Point", "coordinates": [ -96.35132108, 30.600331201199999 ] } },
{ "type": "Feature", "properties": { "FID": 445, "ID": 446, "Longitude": -96.364414440100006, "Latitude": 30.591057725199999, "Name": "Normie Fair", "Gender": "Female", "Age": 47, "Race": "Navajo", "Occupation": "Recruiting Manager", "Address": "9 Lighthouse Bay Drive", "Email": "tgossipincd@pinterest.com", "Phone": "497-685-7593", "Income": 67586.52, "Insurance": "NO", "CEOfficers": "TAMU", "CommunityID": 99, "EatingHabits": "Low-sugar diet" }, "geometry": { "type": "Point", "coordinates": [ -96.364414440100006, 30.591057725199999 ] } },
{ "type": "Feature", "properties": { "FID": 446, "ID": 447, "Longitude": -96.276237775599995, "Latitude": 30.545688638200001, "Name": "Quintina Seward", "Gender": "Male", "Age": 67, "Race": "Micronesian", "Occupation": "Business Systems Development Analyst", "Address": "8185 Jenifer Point", "Email": "tpatleyce@usatoday.com", "Phone": "349-930-8368", "Income": 65386.74, "Insurance": "YES", "CEOfficers": "James Johnson", "CommunityID": 4, "EatingHabits": "Balanced diet" }, "geometry": { "type": "Point", "coordinates": [ -96.276237775599995, 30.545688638200001 ] } },
{ "type": "Feature", "properties": { "FID": 447, "ID": 448, "Longitude": -96.298589812900005, "Latitude": 30.5973011496, "Name": "Clevey Dunkerton", "Gender": "Female", "Age": 53, "Race": "Korean", "Occupation": "Nuclear Power Engineer", "Address": "6086 Spaight Center", "Email": "agarshorecf@elpais.com", "Phone": "958-598-0933", "Income": 124722.71, "Insurance": "NO", "CEOfficers": "Mark Szydlowski", "CommunityID": 3, "EatingHabits": "High-sugar diet" }, "geometry": { "type": "Point", "coordinates": [ -96.298589812900005, 30.5973011496 ] } },
{ "type": "Feature", "properties": { "FID": 448, "ID": 449, "Longitude": -96.263038161799997, "Latitude": 30.586820535499999, "Name": "Ardene Sinson", "Gender": "Male", "Age": 18, "Race": "Tlingit-Haida", "Occupation": "Senior Sales Associate", "Address": "269 Katie Hill", "Email": "hdunkleycg@friendfeed.com", "Phone": "959-873-4994", "Income": 99870.57, "Insurance": "YES", "CEOfficers": "Vincent Rosas", "CommunityID": 5, "EatingHabits": "Low-sugar diet" }, "geometry": { "type": "Point", "coordinates": [ -96.263038161799997, 30.586820535499999 ] } },
{ "type": "Feature", "properties": { "FID": 449, "ID": 450, "Longitude": -96.345438767100006, "Latitude": 30.604113740599999, "Name": "Dody Cotgrave", "Gender": "Female", "Age": 59, "Race": "Central American", "Occupation": "Statistician I", "Address": "36635 Nelson Trail", "Email": "kjedrzejewiczch@stanford.edu", "Phone": "370-446-7574", "Income": 14426.25, "Insurance": "NO", "CEOfficers": "TAMU", "CommunityID": 99, "EatingHabits": "Balanced diet" }, "geometry": { "type": "Point", "coordinates": [ -96.345438767100006, 30.604113740599999 ] } },
{ "type": "Feature", "properties": { "FID": 450, "ID": 451, "Longitude": -96.286144395700006, "Latitude": 30.6030552476, "Name": "Nissy Blow", "Gender": "Male", "Age": 27, "Race": "Chickasaw", "Occupation": "Physical Therapy Assistant", "Address": "33976 Lien Park", "Email": "cbuckeridgeci@msn.com", "Phone": "880-731-5111", "Income": 111366.59, "Insurance": "YES", "CEOfficers": "Vincent Rosas", "CommunityID": 5, "EatingHabits": "High-sugar diet" }, "geometry": { "type": "Point", "coordinates": [ -96.286144395700006, 30.6030552476 ] } },
{ "type": "Feature", "properties": { "FID": 451, "ID": 452, "Longitude": -96.216078641300001, "Latitude": 30.543605899900001, "Name": "Leontine Ketton", "Gender": "Male", "Age": 53, "Race": "Sioux", "Occupation": "Occupational Therapist", "Address": "521 Nevada Point", "Email": "mmogglecj@wikipedia.org", "Phone": "883-344-5021", "Income": 96558.83, "Insurance": "NO", "CEOfficers": "James Johnson", "CommunityID": 4, "EatingHabits": "Low-sugar diet" }, "geometry": { "type": "Point", "coordinates": [ -96.216078641300001, 30.543605899900001 ] } },
{ "type": "Feature", "properties": { "FID": 452, "ID": 453, "Longitude": -96.242010898100006, "Latitude": 30.5482620565, "Name": "Jaquenette Langfield", "Gender": "Non-binary", "Age": 18, "Race": "Kiowa", "Occupation": "VP Sales", "Address": "99 Raven Trail", "Email": "lgegayck@sohu.com", "Phone": "633-527-4900", "Income": 101360.27, "Insurance": "YES", "CEOfficers": "James Johnson", "CommunityID": 4, "EatingHabits": "Balanced diet" }, "geometry": { "type": "Point", "coordinates": [ -96.242010898100006, 30.5482620565 ] } },
{ "type": "Feature", "properties": { "FID": 453, "ID": 454, "Longitude": -96.292746729399994, "Latitude": 30.623502358700001, "Name": "Smith Box", "Gender": "Male", "Age": 28, "Race": "Argentinian", "Occupation": "Database Administrator IV", "Address": "595 Grayhawk Pass", "Email": "zdenisckecl@wikimedia.org", "Phone": "374-623-4776", "Income": 143140.54, "Insurance": "NO", "CEOfficers": "Vincent Rosas", "CommunityID": 5, "EatingHabits": "High-sugar diet" }, "geometry": { "type": "Point", "coordinates": [ -96.292746729399994, 30.623502358700001 ] } },
{ "type": "Feature", "properties": { "FID": 454, "ID": 455, "Longitude": -96.307362919499994, "Latitude": 30.576197632300001, "Name": "Allan Viste", "Gender": "Male", "Age": 40, "Race": "Pima", "Occupation": "Recruiting Manager", "Address": "43039 Mcguire Avenue", "Email": "hpaolinocm@aboutads.info", "Phone": "969-345-9544", "Income": 68393.67, "Insurance": "YES", "CEOfficers": "Mark Szydlowski", "CommunityID": 3, "EatingHabits": "Low-sugar diet" }, "geometry": { "type": "Point", "coordinates": [ -96.307362919499994, 30.576197632300001 ] } },
{ "type": "Feature", "properties": { "FID": 455, "ID": 456, "Longitude": -96.228739755399999, "Latitude": 30.582826735499999, "Name": "Maia Stancliffe", "Gender": "Male", "Age": 71, "Race": "Seminole", "Occupation": "Help Desk Operator", "Address": "047 Mosinee Junction", "Email": "ukennicottcn@omniture.com", "Phone": "472-890-3616", "Income": 165884.98, "Insurance": "NO", "CEOfficers": "James Johnson", "CommunityID": 4, "EatingHabits": "Balanced diet" }, "geometry": { "type": "Point", "coordinates": [ -96.228739755399999, 30.582826735499999 ] } },
{ "type": "Feature", "properties": { "FID": 456, "ID": 457, "Longitude": -96.284861399299999, "Latitude": 30.5664778656, "Name": "Gaelan Staddart", "Gender": "Female", "Age": 70, "Race": "Uruguayan", "Occupation": "General Manager", "Address": "8956 Bunker Hill Trail", "Email": "rwhitwhamco@smh.com.au", "Phone": "233-742-3104", "Income": 75363.79, "Insurance": "YES", "CEOfficers": "James Johnson", "CommunityID": 4, "EatingHabits": "High-sugar diet" }, "geometry": { "type": "Point", "coordinates": [ -96.284861399299999, 30.5664778656 ] } },
{ "type": "Feature", "properties": { "FID": 457, "ID": 458, "Longitude": -96.313539225900001, "Latitude": 30.542362137200001, "Name": "Gay Sawney", "Gender": "Non-binary", "Age": 54, "Race": "Native Hawaiian", "Occupation": "Graphic Designer", "Address": "67840 Ilene Street", "Email": "cmagercp@prnewswire.com", "Phone": "394-845-5650", "Income": 89431.23, "Insurance": "NO", "CEOfficers": "Francesca Spell", "CommunityID": 2, "EatingHabits": "Low-sugar diet" }, "geometry": { "type": "Point", "coordinates": [ -96.313539225900001, 30.542362137200001 ] } },
{ "type": "Feature", "properties": { "FID": 458, "ID": 459, "Longitude": -96.371916268000007, "Latitude": 30.571143023200001, "Name": "Leo Walklett", "Gender": "Male", "Age": 42, "Race": "Puerto Rican", "Occupation": "Sales Associate", "Address": "6418 Prentice Plaza", "Email": "gchurmscq@themeforest.net", "Phone": "965-178-5907", "Income": 166607.65, "Insurance": "YES", "CEOfficers": "TAMU", "CommunityID": 99, "EatingHabits": "Balanced diet" }, "geometry": { "type": "Point", "coordinates": [ -96.371916268, 30.571143023200001 ] } },
{ "type": "Feature", "properties": { "FID": 459, "ID": 460, "Longitude": -96.339347500100004, "Latitude": 30.568257711499999, "Name": "Ashlie Naptine", "Gender": "Female", "Age": 22, "Race": "Dominican (Dominican Republic)", "Occupation": "Financial Analyst", "Address": "3586 Declaration Plaza", "Email": "eosullivancr@mapy.cz", "Phone": "369-638-5213", "Income": 143194.25, "Insurance": "NO", "CEOfficers": "Mark Szydlowski", "CommunityID": 3, "EatingHabits": "High-sugar diet" }, "geometry": { "type": "Point", "coordinates": [ -96.339347500100004, 30.568257711499999 ] } },
{ "type": "Feature", "properties": { "FID": 460, "ID": 461, "Longitude": -96.276063800700001, "Latitude": 30.556816035899999, "Name": "Baxie McAvey", "Gender": "Male", "Age": 24, "Race": "Cheyenne", "Occupation": "Account Coordinator", "Address": "21 Kinsman Alley", "Email": "washurstcs@google.ca", "Phone": "502-603-7761", "Income": 60377.93, "Insurance": "YES", "CEOfficers": "James Johnson", "CommunityID": 4, "EatingHabits": "Low-sugar diet" }, "geometry": { "type": "Point", "coordinates": [ -96.276063800700001, 30.556816035899999 ] } },
{ "type": "Feature", "properties": { "FID": 461, "ID": 462, "Longitude": -96.280254149000001, "Latitude": 30.621558621199998, "Name": "Cher Aggis", "Gender": "Male", "Age": 51, "Race": "Micronesian", "Occupation": "Product Engineer", "Address": "82655 Grim Trail", "Email": "marmatysct@hostgator.com", "Phone": "169-225-6003", "Income": 167756.56, "Insurance": "NO", "CEOfficers": "Vincent Rosas", "CommunityID": 5, "EatingHabits": "Balanced diet" }, "geometry": { "type": "Point", "coordinates": [ -96.280254149, 30.621558621199998 ] } },
{ "type": "Feature", "properties": { "FID": 462, "ID": 463, "Longitude": -96.265736432899999, "Latitude": 30.569555451199999, "Name": "Adelaida Magister", "Gender": "Male", "Age": 34, "Race": "Tongan", "Occupation": "Staff Accountant IV", "Address": "8946 Buell Circle", "Email": "lcolbycu@youtube.com", "Phone": "153-231-2142", "Income": 36752.17, "Insurance": "YES", "CEOfficers": "James Johnson", "CommunityID": 4, "EatingHabits": "High-sugar diet" }, "geometry": { "type": "Point", "coordinates": [ -96.265736432899999, 30.569555451199999 ] } },
{ "type": "Feature", "properties": { "FID": 463, "ID": 464, "Longitude": -96.360325278100007, "Latitude": 30.616008614399998, "Name": "Finley Ommundsen", "Gender": "Female", "Age": 37, "Race": "Chippewa", "Occupation": "Pharmacist", "Address": "666 Mifflin Trail", "Email": "bizakovcv@howstuffworks.com", "Phone": "131-338-0583", "Income": 186775.01, "Insurance": "NO", "CEOfficers": "TAMU", "CommunityID": 99, "EatingHabits": "Low-sugar diet" }, "geometry": { "type": "Point", "coordinates": [ -96.360325278100007, 30.616008614399998 ] } },
{ "type": "Feature", "properties": { "FID": 464, "ID": 465, "Longitude": -96.374163512500004, "Latitude": 30.5735501132, "Name": "Dulcinea Chevers", "Gender": "Male", "Age": 31, "Race": "Ecuadorian", "Occupation": "Sales Associate", "Address": "527 Shoshone Pass", "Email": "ppipercw@cnn.com", "Phone": "569-756-0851", "Income": 77323.29, "Insurance": "YES", "CEOfficers": "TAMU", "CommunityID": 99, "EatingHabits": "Balanced diet" }, "geometry": { "type": "Point", "coordinates": [ -96.374163512500004, 30.5735501132 ] } },
{ "type": "Feature", "properties": { "FID": 465, "ID": 466, "Longitude": -96.213754762299999, "Latitude": 30.545415532, "Name": "Margaretta Kettell", "Gender": "Male", "Age": 75, "Race": "Vietnamese", "Occupation": "Senior Cost Accountant", "Address": "5 Everett Avenue", "Email": "ecallingtoncx@webeden.co.uk", "Phone": "260-788-2370", "Income": 47710.46, "Insurance": "NO", "CEOfficers": "James Johnson", "CommunityID": 4, "EatingHabits": "High-sugar diet" }, "geometry": { "type": "Point", "coordinates": [ -96.213754762299999, 30.545415532 ] } },
{ "type": "Feature", "properties": { "FID": 466, "ID": 467, "Longitude": -96.272387641600005, "Latitude": 30.5855128378, "Name": "Lammond Ladbury", "Gender": "Female", "Age": 47, "Race": "Native Hawaiian and Other Pacific Islander (NHPI)", "Occupation": "Marketing Manager", "Address": "90 1st Point", "Email": "mplumercy@webs.com", "Phone": "636-961-5088", "Income": 73960.43, "Insurance": "YES", "CEOfficers": "Vincent Rosas", "CommunityID": 5, "EatingHabits": "Low-sugar diet" }, "geometry": { "type": "Point", "coordinates": [ -96.272387641600005, 30.5855128378 ] } },
{ "type": "Feature", "properties": { "FID": 467, "ID": 468, "Longitude": -96.287204855200002, "Latitude": 30.5279727327, "Name": "Bendite Housen", "Gender": "Female", "Age": 32, "Race": "Seminole", "Occupation": "Assistant Manager", "Address": "1 Melody Pass", "Email": "sphilpaultcz@fotki.com", "Phone": "261-580-6827", "Income": 178022.76, "Insurance": "NO", "CEOfficers": "James Johnson", "CommunityID": 4, "EatingHabits": "Balanced diet" }, "geometry": { "type": "Point", "coordinates": [ -96.287204855200002, 30.5279727327 ] } },
{ "type": "Feature", "properties": { "FID": 468, "ID": 469, "Longitude": -96.300009148200004, "Latitude": 30.630496215800001, "Name": "Eartha Boatwright", "Gender": "Male", "Age": 26, "Race": "South American", "Occupation": "Quality Engineer", "Address": "32173 North Parkway", "Email": "onoted0@house.gov", "Phone": "184-414-7488", "Income": 100379.36, "Insurance": "YES", "CEOfficers": "Vincent Rosas", "CommunityID": 5, "EatingHabits": "High-sugar diet" }, "geometry": { "type": "Point", "coordinates": [ -96.300009148200004, 30.630496215800001 ] } },
{ "type": "Feature", "properties": { "FID": 469, "ID": 470, "Longitude": -96.260961369200004, "Latitude": 30.530531583199998, "Name": "Malynda Stubbins", "Gender": "Male", "Age": 65, "Race": "Paraguayan", "Occupation": "Teacher", "Address": "9418 Superior Circle", "Email": "smacanelleyd1@auda.org.au", "Phone": "137-353-5475", "Income": 24057.82, "Insurance": "NO", "CEOfficers": "James Johnson", "CommunityID": 4, "EatingHabits": "Low-sugar diet" }, "geometry": { "type": "Point", "coordinates": [ -96.260961369200004, 30.530531583199998 ] } },
{ "type": "Feature", "properties": { "FID": 470, "ID": 471, "Longitude": -96.346857575800001, "Latitude": 30.6161170046, "Name": "Jordon Bruckental", "Gender": "Genderqueer", "Age": 52, "Race": "Comanche", "Occupation": "VP Product Management", "Address": "12 Thierer Place", "Email": "cmclewdd2@barnesandnoble.com", "Phone": "560-932-0102", "Income": 106675.13, "Insurance": "YES", "CEOfficers": "TAMU", "CommunityID": 99, "EatingHabits": "Balanced diet" }, "geometry": { "type": "Point", "coordinates": [ -96.346857575800001, 30.6161170046 ] } },
{ "type": "Feature", "properties": { "FID": 471, "ID": 472, "Longitude": -96.2091191098, "Latitude": 30.561782980099998, "Name": "Vernice Bartomieu", "Gender": "Male", "Age": 75, "Race": "Colville", "Occupation": "Assistant Manager", "Address": "76056 Aberg Hill", "Email": "sbeltond3@omniture.com", "Phone": "661-547-4341", "Income": 167112.38, "Insurance": "NO", "CEOfficers": "James Johnson", "CommunityID": 4, "EatingHabits": "High-sugar diet" }, "geometry": { "type": "Point", "coordinates": [ -96.2091191098, 30.561782980099998 ] } },
{ "type": "Feature", "properties": { "FID": 472, "ID": 473, "Longitude": -96.243999363399993, "Latitude": 30.557106238799999, "Name": "Gail Cargo", "Gender": "Female", "Age": 26, "Race": "American Indian", "Occupation": "Environmental Tech", "Address": "77 Heath Place", "Email": "cdeversond4@bloomberg.com", "Phone": "182-893-7130", "Income": 55018.92, "Insurance": "YES", "CEOfficers": "James Johnson", "CommunityID": 4, "EatingHabits": "Low-sugar diet" }, "geometry": { "type": "Point", "coordinates": [ -96.243999363399993, 30.557106238799999 ] } },
{ "type": "Feature", "properties": { "FID": 473, "ID": 474, "Longitude": -96.247734578099994, "Latitude": 30.5618521962, "Name": "Winn Keary", "Gender": "Polygender", "Age": 65, "Race": "Pima", "Occupation": "Geological Engineer", "Address": "75163 Messerschmidt Court", "Email": "jtoomerd5@symantec.com", "Phone": "374-171-1186", "Income": 176209.27, "Insurance": "NO", "CEOfficers": "James Johnson", "CommunityID": 4, "EatingHabits": "Balanced diet" }, "geometry": { "type": "Point", "coordinates": [ -96.247734578099994, 30.5618521962 ] } },
{ "type": "Feature", "properties": { "FID": 474, "ID": 475, "Longitude": -96.266321229200003, "Latitude": 30.609754417600001, "Name": "Bird De Antoni", "Gender": "Male", "Age": 25, "Race": "Argentinian", "Occupation": "Payment Adjustment Coordinator", "Address": "79 Fordem Point", "Email": "nnaishd6@xrea.com", "Phone": "246-926-4886", "Income": 43810.38, "Insurance": "YES", "CEOfficers": "Vincent Rosas", "CommunityID": 5, "EatingHabits": "High-sugar diet" }, "geometry": { "type": "Point", "coordinates": [ -96.266321229200003, 30.609754417600001 ] } },
{ "type": "Feature", "properties": { "FID": 475, "ID": 476, "Longitude": -96.337859206600001, "Latitude": 30.559061010899999, "Name": "Garrek Janusik", "Gender": "Female", "Age": 60, "Race": "Indonesian", "Occupation": "Help Desk Operator", "Address": "9247 Golf View Drive", "Email": "kstaniforthd7@seattletimes.com", "Phone": "135-499-0173", "Income": 55123.92, "Insurance": "NO", "CEOfficers": "Mark Szydlowski", "CommunityID": 3, "EatingHabits": "Low-sugar diet" }, "geometry": { "type": "Point", "coordinates": [ -96.337859206600001, 30.559061010899999 ] } },
{ "type": "Feature", "properties": { "FID": 476, "ID": 477, "Longitude": -96.330292963199994, "Latitude": 30.603455140299999, "Name": "Gunilla Grogona", "Gender": "Polygender", "Age": 80, "Race": "Aleut", "Occupation": "Staff Scientist", "Address": "725 Fieldstone Plaza", "Email": "egrasd8@kickstarter.com", "Phone": "757-456-7840", "Income": 18252.7, "Insurance": "YES", "CEOfficers": "Adrienne Bishop", "CommunityID": 1, "EatingHabits": "Balanced diet" }, "geometry": { "type": "Point", "coordinates": [ -96.330292963199994, 30.603455140299999 ] } },
{ "type": "Feature", "properties": { "FID": 477, "ID": 478, "Longitude": -96.209596209599994, "Latitude": 30.573058655200001, "Name": "Georgie McTrustie", "Gender": "Female", "Age": 60, "Race": "Native Hawaiian", "Occupation": "Editor", "Address": "40 Memorial Pass", "Email": "pseerd9@yellowpages.com", "Phone": "202-614-2541", "Income": 68293.86, "Insurance": "NO", "CEOfficers": "James Johnson", "CommunityID": 4, "EatingHabits": "High-sugar diet" }, "geometry": { "type": "Point", "coordinates": [ -96.209596209599994, 30.573058655200001 ] } },
{ "type": "Feature", "properties": { "FID": 478, "ID": 479, "Longitude": -96.211683035600004, "Latitude": 30.5698668279, "Name": "Fredericka Royall", "Gender": "Female", "Age": 32, "Race": "Colville", "Occupation": "Mechanical Systems Engineer", "Address": "70720 Glendale Way", "Email": "dstonhamda@elegantthemes.com", "Phone": "415-785-6931", "Income": 46696.67, "Insurance": "YES", "CEOfficers": "James Johnson", "CommunityID": 4, "EatingHabits": "Low-sugar diet" }, "geometry": { "type": "Point", "coordinates": [ -96.211683035600004, 30.5698668279 ] } },
{ "type": "Feature", "properties": { "FID": 479, "ID": 480, "Longitude": -96.363661220300003, "Latitude": 30.574839915199998, "Name": "Anstice Harrema", "Gender": "Male", "Age": 29, "Race": "Osage", "Occupation": "Marketing Assistant", "Address": "2 Bayside Hill", "Email": "scurrodb@over-blog.com", "Phone": "308-369-4008", "Income": 111645.36, "Insurance": "NO", "CEOfficers": "TAMU", "CommunityID": 99, "EatingHabits": "Balanced diet" }, "geometry": { "type": "Point", "coordinates": [ -96.363661220300003, 30.574839915199998 ] } },
{ "type": "Feature", "properties": { "FID": 480, "ID": 481, "Longitude": -96.363613407700001, "Latitude": 30.5844683272, "Name": "Meredithe Phillipp", "Gender": "Female", "Age": 18, "Race": "American Indian and Alaska Native (AIAN)", "Occupation": "Office Assistant III", "Address": "3149 Steensland Court", "Email": "dminghidc@gnu.org", "Phone": "624-256-9146", "Income": 178697.07, "Insurance": "YES", "CEOfficers": "TAMU", "CommunityID": 99, "EatingHabits": "High-sugar diet" }, "geometry": { "type": "Point", "coordinates": [ -96.363613407700001, 30.5844683272 ] } },
{ "type": "Feature", "properties": { "FID": 481, "ID": 482, "Longitude": -96.313054099300004, "Latitude": 30.594852912099999, "Name": "Jessica Hucquart", "Gender": "Female", "Age": 54, "Race": "Crow", "Occupation": "Help Desk Operator", "Address": "934 Ramsey Park", "Email": "lsomnerdd@disqus.com", "Phone": "515-777-9497", "Income": 63439.21, "Insurance": "NO", "CEOfficers": "Mark Szydlowski", "CommunityID": 3, "EatingHabits": "Low-sugar diet" }, "geometry": { "type": "Point", "coordinates": [ -96.313054099300004, 30.594852912099999 ] } },
{ "type": "Feature", "properties": { "FID": 482, "ID": 483, "Longitude": -96.291555926399994, "Latitude": 30.631877104099999, "Name": "Cybill Argabrite", "Gender": "Female", "Age": 34, "Race": "Dominican (Dominican Republic)", "Occupation": "VP Product Management", "Address": "2470 Kingsford Drive", "Email": "estummeyerde@livejournal.com", "Phone": "269-934-3179", "Income": 61581.3, "Insurance": "YES", "CEOfficers": "Vincent Rosas", "CommunityID": 5, "EatingHabits": "Balanced diet" }, "geometry": { "type": "Point", "coordinates": [ -96.291555926399994, 30.631877104099999 ] } },
{ "type": "Feature", "properties": { "FID": 483, "ID": 484, "Longitude": -96.286894268699996, "Latitude": 30.602186552700001, "Name": "Cecilia Pow", "Gender": "Male", "Age": 33, "Race": "Asian", "Occupation": "Software Engineer II", "Address": "4 Hazelcrest Junction", "Email": "gcoppinsdf@drupal.org", "Phone": "231-752-4807", "Income": 154774.79, "Insurance": "NO", "CEOfficers": "Vincent Rosas", "CommunityID": 5, "EatingHabits": "High-sugar diet" }, "geometry": { "type": "Point", "coordinates": [ -96.286894268699996, 30.602186552700001 ] } },
{ "type": "Feature", "properties": { "FID": 484, "ID": 485, "Longitude": -96.279619964600002, "Latitude": 30.616678551300001, "Name": "Thadeus Chalke", "Gender": "Female", "Age": 42, "Race": "Honduran", "Occupation": "Help Desk Technician", "Address": "3058 Derek Street", "Email": "dbaglandg@ow.ly", "Phone": "313-705-2159", "Income": 82846.62, "Insurance": "YES", "CEOfficers": "Vincent Rosas", "CommunityID": 5, "EatingHabits": "Low-sugar diet" }, "geometry": { "type": "Point", "coordinates": [ -96.279619964600002, 30.616678551300001 ] } },
{ "type": "Feature", "properties": { "FID": 485, "ID": 486, "Longitude": -96.308297051699995, "Latitude": 30.536702273900001, "Name": "Lyman Westfield", "Gender": "Bigender", "Age": 22, "Race": "Chamorro", "Occupation": "Accountant II", "Address": "75 John Wall Plaza", "Email": "tbonndh@qq.com", "Phone": "257-100-7085", "Income": 37166.53, "Insurance": "NO", "CEOfficers": "Francesca Spell", "CommunityID": 2, "EatingHabits": "Balanced diet" }, "geometry": { "type": "Point", "coordinates": [ -96.308297051699995, 30.536702273900001 ] } },
{ "type": "Feature", "properties": { "FID": 486, "ID": 487, "Longitude": -96.248552629100004, "Latitude": 30.59167947, "Name": "Amalee Ivanchenkov", "Gender": "Male", "Age": 60, "Race": "Tongan", "Occupation": "Graphic Designer", "Address": "4 Superior Park", "Email": "hdulintydi@blogtalkradio.com", "Phone": "380-495-9433", "Income": 164166.0, "Insurance": "YES", "CEOfficers": "Vincent Rosas", "CommunityID": 5, "EatingHabits": "High-sugar diet" }, "geometry": { "type": "Point", "coordinates": [ -96.248552629100004, 30.59167947 ] } },
{ "type": "Feature", "properties": { "FID": 487, "ID": 488, "Longitude": -96.248950816199994, "Latitude": 30.594626656799999, "Name": "Corabella Hiland", "Gender": "Female", "Age": 77, "Race": "Chilean", "Occupation": "Developer IV", "Address": "81 Cascade Circle", "Email": "kroserdj@nsw.gov.au", "Phone": "736-777-9686", "Income": 124901.12, "Insurance": "NO", "CEOfficers": "Vincent Rosas", "CommunityID": 5, "EatingHabits": "Low-sugar diet" }, "geometry": { "type": "Point", "coordinates": [ -96.248950816199994, 30.594626656799999 ] } },
{ "type": "Feature", "properties": { "FID": 488, "ID": 489, "Longitude": -96.2447472156, "Latitude": 30.547902416599999, "Name": "Kayne Seviour", "Gender": "Male", "Age": 44, "Race": "Chickasaw", "Occupation": "Nurse", "Address": "0 Forest Drive", "Email": "rcoggandk@livejournal.com", "Phone": "281-587-3269", "Income": 113175.63, "Insurance": "YES", "CEOfficers": "James Johnson", "CommunityID": 4, "EatingHabits": "Balanced diet" }, "geometry": { "type": "Point", "coordinates": [ -96.2447472156, 30.547902416599999 ] } },
{ "type": "Feature", "properties": { "FID": 489, "ID": 490, "Longitude": -96.247703686400001, "Latitude": 30.567637296299999, "Name": "Derrick Doohey", "Gender": "Female", "Age": 25, "Race": "Colombian", "Occupation": "Senior Quality Engineer", "Address": "67253 Merrick Center", "Email": "preinbeckdl@jimdo.com", "Phone": "477-682-9604", "Income": 54750.53, "Insurance": "NO", "CEOfficers": "James Johnson", "CommunityID": 4, "EatingHabits": "High-sugar diet" }, "geometry": { "type": "Point", "coordinates": [ -96.247703686400001, 30.567637296299999 ] } },
{ "type": "Feature", "properties": { "FID": 490, "ID": 491, "Longitude": -96.244550246499998, "Latitude": 30.591130066000002, "Name": "Elyssa Agget", "Gender": "Female", "Age": 63, "Race": "Shoshone", "Occupation": "Senior Financial Analyst", "Address": "1196 Anhalt Avenue", "Email": "gluetkemeyersdm@cnbc.com", "Phone": "823-690-5601", "Income": 110408.97, "Insurance": "YES", "CEOfficers": "Vincent Rosas", "CommunityID": 5, "EatingHabits": "Low-sugar diet" }, "geometry": { "type": "Point", "coordinates": [ -96.244550246499998, 30.591130066 ] } },
{ "type": "Feature", "properties": { "FID": 491, "ID": 492, "Longitude": -96.298051312400005, "Latitude": 30.520715876299999, "Name": "Shurwood Niemetz", "Gender": "Female", "Age": 70, "Race": "Chilean", "Occupation": "Mechanical Systems Engineer", "Address": "5881 Reinke Plaza", "Email": "mperagodn@amazon.co.jp", "Phone": "170-965-3116", "Income": 11981.63, "Insurance": "NO", "CEOfficers": "James Johnson", "CommunityID": 4, "EatingHabits": "Balanced diet" }, "geometry": { "type": "Point", "coordinates": [ -96.298051312400005, 30.520715876299999 ] } },
{ "type": "Feature", "properties": { "FID": 492, "ID": 493, "Longitude": -96.321867122200004, "Latitude": 30.6264210155, "Name": "Katrina Lundie", "Gender": "Female", "Age": 61, "Race": "Filipino", "Occupation": "Mechanical Systems Engineer", "Address": "12240 Drewry Lane", "Email": "lpaxeforddo@businessinsider.com", "Phone": "840-359-9775", "Income": 129656.73, "Insurance": "YES", "CEOfficers": "Adrienne Bishop", "CommunityID": 1, "EatingHabits": "High-sugar diet" }, "geometry": { "type": "Point", "coordinates": [ -96.321867122200004, 30.6264210155 ] } },
{ "type": "Feature", "properties": { "FID": 493, "ID": 494, "Longitude": -96.331009855700003, "Latitude": 30.552531584099999, "Name": "Dex Jahns", "Gender": "Female", "Age": 57, "Race": "Creek", "Occupation": "Marketing Manager", "Address": "06198 Northport Avenue", "Email": "rfressondp@utexas.edu", "Phone": "871-819-9537", "Income": 141555.47, "Insurance": "NO", "CEOfficers": "Mark Szydlowski", "CommunityID": 3, "EatingHabits": "Low-sugar diet" }, "geometry": { "type": "Point", "coordinates": [ -96.331009855700003, 30.552531584099999 ] } },
{ "type": "Feature", "properties": { "FID": 494, "ID": 495, "Longitude": -96.380231208200001, "Latitude": 30.597002815, "Name": "Rowena Eglese", "Gender": "Male", "Age": 18, "Race": "Puget Sound Salish", "Occupation": "Paralegal", "Address": "86 Calypso Center", "Email": "pweeklydq@mapquest.com", "Phone": "875-108-3018", "Income": 65050.15, "Insurance": "YES", "CEOfficers": "Francesca Spell", "CommunityID": 2, "EatingHabits": "Balanced diet" }, "geometry": { "type": "Point", "coordinates": [ -96.380231208200001, 30.597002815 ] } },
{ "type": "Feature", "properties": { "FID": 495, "ID": 496, "Longitude": -96.245835107800005, "Latitude": 30.592366016900002, "Name": "Giuseppe Jeannon", "Gender": "Male", "Age": 26, "Race": "Iroquois", "Occupation": "Nuclear Power Engineer", "Address": "8702 Crownhardt Pass", "Email": "rhudspithdr@last.fm", "Phone": "474-292-1320", "Income": 121180.72, "Insurance": "NO", "CEOfficers": "Vincent Rosas", "CommunityID": 5, "EatingHabits": "High-sugar diet" }, "geometry": { "type": "Point", "coordinates": [ -96.245835107800005, 30.592366016900002 ] } },
{ "type": "Feature", "properties": { "FID": 496, "ID": 497, "Longitude": -96.260948821100001, "Latitude": 30.560653392599999, "Name": "Shaine Mc Combe", "Gender": "Female", "Age": 66, "Race": "Yakama", "Occupation": "Actuary", "Address": "05195 Stone Corner Terrace", "Email": "ckenwrightds@senate.gov", "Phone": "482-472-0212", "Income": 59895.35, "Insurance": "YES", "CEOfficers": "James Johnson", "CommunityID": 4, "EatingHabits": "Low-sugar diet" }, "geometry": { "type": "Point", "coordinates": [ -96.260948821100001, 30.560653392599999 ] } },
{ "type": "Feature", "properties": { "FID": 497, "ID": 498, "Longitude": -96.305910926300001, "Latitude": 30.628284260099999, "Name": "Donica Reichartz", "Gender": "Female", "Age": 59, "Race": "Cambodian", "Occupation": "Senior Cost Accountant", "Address": "1704 Linden Lane", "Email": "qcasadt@disqus.com", "Phone": "930-367-3924", "Income": 107374.7, "Insurance": "NO", "CEOfficers": "Vincent Rosas", "CommunityID": 5, "EatingHabits": "Balanced diet" }, "geometry": { "type": "Point", "coordinates": [ -96.305910926300001, 30.628284260099999 ] } },
{ "type": "Feature", "properties": { "FID": 498, "ID": 499, "Longitude": -96.294945883500006, "Latitude": 30.570783655100001, "Name": "Gardie Ridoutt", "Gender": "Genderqueer", "Age": 52, "Race": "Dominican (Dominican Republic)", "Occupation": "VP Product Management", "Address": "57 4th Terrace", "Email": "hbrundelldu@cdc.gov", "Phone": "440-369-5971", "Income": 127728.73, "Insurance": "YES", "CEOfficers": "Mark Szydlowski", "CommunityID": 3, "EatingHabits": "High-sugar diet" }, "geometry": { "type": "Point", "coordinates": [ -96.294945883500006, 30.570783655100001 ] } },
{ "type": "Feature", "properties": { "FID": 499, "ID": 500, "Longitude": -96.374448346099996, "Latitude": 30.593377165100001, "Name": "Gallagher Biggs", "Gender": "Male", "Age": 78, "Race": "Puget Sound Salish", "Occupation": "Quality Control Specialist", "Address": "4393 Bartelt Drive", "Email": "jschusterldv@51.la", "Phone": "564-790-3585", "Income": 32388.26, "Insurance": "NO", "CEOfficers": "TAMU", "CommunityID": 99, "EatingHabits": "Low-sugar diet" }, "geometry": { "type": "Point", "coordinates": [ -96.374448346099996, 30.593377165100001 ] } },
{ "type": "Feature", "properties": { "FID": 500, "ID": 501, "Longitude": -96.279385763600004, "Latitude": 30.554568197599998, "Name": "Michelle Millyard", "Gender": "Male", "Age": 47, "Race": "Osage", "Occupation": "Financial Advisor", "Address": "657 Graceland Center", "Email": "dsalatinodw@netvibes.com", "Phone": "584-300-0197", "Income": 48046.03, "Insurance": "YES", "CEOfficers": "James Johnson", "CommunityID": 4, "EatingHabits": "Balanced diet" }, "geometry": { "type": "Point", "coordinates": [ -96.279385763600004, 30.554568197599998 ] } },
{ "type": "Feature", "properties": { "FID": 501, "ID": 502, "Longitude": -96.272329126800003, "Latitude": 30.535119380499999, "Name": "Anthiathia Giron", "Gender": "Non-binary", "Age": 56, "Race": "Seminole", "Occupation": "VP Quality Control", "Address": "18226 Cascade Way", "Email": "fsharkeydx@liveinternet.ru", "Phone": "594-750-2542", "Income": 92020.38, "Insurance": "NO", "CEOfficers": "James Johnson", "CommunityID": 4, "EatingHabits": "High-sugar diet" }, "geometry": { "type": "Point", "coordinates": [ -96.272329126800003, 30.535119380499999 ] } },
{ "type": "Feature", "properties": { "FID": 502, "ID": 503, "Longitude": -96.304464608100005, "Latitude": 30.619836530800001, "Name": "Herold Rollett", "Gender": "Male", "Age": 26, "Race": "Ecuadorian", "Occupation": "Assistant Media Planner", "Address": "1276 Iowa Plaza", "Email": "cfernandezdy@yandex.ru", "Phone": "659-248-1682", "Income": 64302.53, "Insurance": "YES", "CEOfficers": "Vincent Rosas", "CommunityID": 5, "EatingHabits": "Low-sugar diet" }, "geometry": { "type": "Point", "coordinates": [ -96.304464608100005, 30.619836530800001 ] } },
{ "type": "Feature", "properties": { "FID": 503, "ID": 504, "Longitude": -96.264479030700002, "Latitude": 30.592948482600001, "Name": "Albert McGuirk", "Gender": "Male", "Age": 58, "Race": "Sioux", "Occupation": "Help Desk Operator", "Address": "4 Laurel Crossing", "Email": "ccrustdz@comcast.net", "Phone": "936-250-6382", "Income": 115798.4, "Insurance": "NO", "CEOfficers": "Vincent Rosas", "CommunityID": 5, "EatingHabits": "Balanced diet" }, "geometry": { "type": "Point", "coordinates": [ -96.264479030700002, 30.592948482600001 ] } },
{ "type": "Feature", "properties": { "FID": 504, "ID": 505, "Longitude": -96.209165593899996, "Latitude": 30.554200201299999, "Name": "Galvan Ovid", "Gender": "Male", "Age": 34, "Race": "Pima", "Occupation": "Structural Analysis Engineer", "Address": "8 Maple Parkway", "Email": "mwestoffe0@webs.com", "Phone": "646-404-2759", "Income": 37843.76, "Insurance": "YES", "CEOfficers": "James Johnson", "CommunityID": 4, "EatingHabits": "High-sugar diet" }, "geometry": { "type": "Point", "coordinates": [ -96.209165593899996, 30.554200201299999 ] } },
{ "type": "Feature", "properties": { "FID": 505, "ID": 506, "Longitude": -96.369056486199995, "Latitude": 30.5896025505, "Name": "Merilyn Boniface", "Gender": "Female", "Age": 64, "Race": "Venezuelan", "Occupation": "Budget\/Accounting Analyst III", "Address": "3 Mendota Drive", "Email": "vloudwelle1@netvibes.com", "Phone": "907-239-5061", "Income": 147656.91, "Insurance": "NO", "CEOfficers": "TAMU", "CommunityID": 99, "EatingHabits": "Low-sugar diet" }, "geometry": { "type": "Point", "coordinates": [ -96.369056486199995, 30.5896025505 ] } },
{ "type": "Feature", "properties": { "FID": 506, "ID": 507, "Longitude": -96.325101506199999, "Latitude": 30.5787140913, "Name": "Chiquita Renney", "Gender": "Male", "Age": 60, "Race": "Colombian", "Occupation": "Associate Professor", "Address": "5 Old Shore Hill", "Email": "rvarahe2@networkadvertising.org", "Phone": "129-159-4250", "Income": 138260.8, "Insurance": "YES", "CEOfficers": "Mark Szydlowski", "CommunityID": 3, "EatingHabits": "Balanced diet" }, "geometry": { "type": "Point", "coordinates": [ -96.325101506199999, 30.5787140913 ] } },
{ "type": "Feature", "properties": { "FID": 507, "ID": 508, "Longitude": -96.342748712399995, "Latitude": 30.5921101114, "Name": "Myrtie Size", "Gender": "Male", "Age": 53, "Race": "Ottawa", "Occupation": "Clinical Specialist", "Address": "5212 Algoma Circle", "Email": "ydenleye3@dion.ne.jp", "Phone": "339-286-1319", "Income": 127710.78, "Insurance": "NO", "CEOfficers": "Adrienne Bishop", "CommunityID": 1, "EatingHabits": "High-sugar diet" }, "geometry": { "type": "Point", "coordinates": [ -96.342748712399995, 30.5921101114 ] } },
{ "type": "Feature", "properties": { "FID": 508, "ID": 509, "Longitude": -96.345473770400005, "Latitude": 30.6263458036, "Name": "Donielle Crosthwaite", "Gender": "Female", "Age": 80, "Race": "Samoan", "Occupation": "Clinical Specialist", "Address": "990 Carpenter Terrace", "Email": "mcassame4@mlb.com", "Phone": "284-890-0429", "Income": 90327.57, "Insurance": "YES", "CEOfficers": "Northgate Group", "CommunityID": 6, "EatingHabits": "Low-sugar diet" }, "geometry": { "type": "Point", "coordinates": [ -96.345473770400005, 30.6263458036 ] } },
{ "type": "Feature", "properties": { "FID": 509, "ID": 510, "Longitude": -96.276810984400001, "Latitude": 30.559435603000001, "Name": "Germaine Cleal", "Gender": "Male", "Age": 38, "Race": "Iroquois", "Occupation": "Executive Secretary", "Address": "84422 Coleman Junction", "Email": "mwellinge5@hostgator.com", "Phone": "629-602-7823", "Income": 51232.59, "Insurance": "NO", "CEOfficers": "James Johnson", "CommunityID": 4, "EatingHabits": "Balanced diet" }, "geometry": { "type": "Point", "coordinates": [ -96.276810984400001, 30.559435603 ] } },
{ "type": "Feature", "properties": { "FID": 510, "ID": 511, "Longitude": -96.214409649299995, "Latitude": 30.5698941385, "Name": "Robinet de Grey", "Gender": "Male", "Age": 79, "Race": "Taiwanese", "Occupation": "Research Associate", "Address": "70799 Sutteridge Hill", "Email": "ialese6@cyberchimps.com", "Phone": "759-186-5126", "Income": 92494.83, "Insurance": "YES", "CEOfficers": "James Johnson", "CommunityID": 4, "EatingHabits": "High-sugar diet" }, "geometry": { "type": "Point", "coordinates": [ -96.214409649299995, 30.5698941385 ] } },
{ "type": "Feature", "properties": { "FID": 511, "ID": 512, "Longitude": -96.221845757799997, "Latitude": 30.572750345, "Name": "Welch Sancroft", "Gender": "Female", "Age": 75, "Race": "Menominee", "Occupation": "Budget\/Accounting Analyst IV", "Address": "0800 Acker Park", "Email": "mmorffewe7@bigcartel.com", "Phone": "935-790-3911", "Income": 165109.57, "Insurance": "NO", "CEOfficers": "James Johnson", "CommunityID": 4, "EatingHabits": "Low-sugar diet" }, "geometry": { "type": "Point", "coordinates": [ -96.221845757799997, 30.572750345 ] } },
{ "type": "Feature", "properties": { "FID": 512, "ID": 513, "Longitude": -96.316070852300001, "Latitude": 30.629155230799999, "Name": "Dorree Cotgrave", "Gender": "Genderqueer", "Age": 64, "Race": "Yuman", "Occupation": "Quality Control Specialist", "Address": "070 Fulton Pass", "Email": "sscarisbricke8@i2i.jp", "Phone": "145-217-2348", "Income": 141921.82, "Insurance": "YES", "CEOfficers": "Vincent Rosas", "CommunityID": 5, "EatingHabits": "Balanced diet" }, "geometry": { "type": "Point", "coordinates": [ -96.316070852300001, 30.629155230799999 ] } },
{ "type": "Feature", "properties": { "FID": 513, "ID": 514, "Longitude": -96.273911728399995, "Latitude": 30.5420941412, "Name": "Sterling Trass", "Gender": "Male", "Age": 52, "Race": "Lumbee", "Occupation": "Software Test Engineer IV", "Address": "099 Ludington Crossing", "Email": "oscneidere9@arizona.edu", "Phone": "423-524-7845", "Income": 143690.08, "Insurance": "NO", "CEOfficers": "James Johnson", "CommunityID": 4, "EatingHabits": "High-sugar diet" }, "geometry": { "type": "Point", "coordinates": [ -96.273911728399995, 30.5420941412 ] } },
{ "type": "Feature", "properties": { "FID": 514, "ID": 515, "Longitude": -96.292335957299997, "Latitude": 30.611648001500001, "Name": "Prince Ahmad", "Gender": "Female", "Age": 58, "Race": "Sioux", "Occupation": "Technical Writer", "Address": "29 Crescent Oaks Court", "Email": "culyattea@google.es", "Phone": "838-758-9568", "Income": 133516.06, "Insurance": "YES", "CEOfficers": "Vincent Rosas", "CommunityID": 5, "EatingHabits": "Low-sugar diet" }, "geometry": { "type": "Point", "coordinates": [ -96.292335957299997, 30.611648001500001 ] } },
{ "type": "Feature", "properties": { "FID": 515, "ID": 516, "Longitude": -96.313834942900002, "Latitude": 30.582068179, "Name": "Ernesto Derrick", "Gender": "Female", "Age": 64, "Race": "Comanche", "Occupation": "Senior Editor", "Address": "10 Nancy Terrace", "Email": "etoeeb@hibu.com", "Phone": "224-595-3107", "Income": 122598.96, "Insurance": "NO", "CEOfficers": "Mark Szydlowski", "CommunityID": 3, "EatingHabits": "Balanced diet" }, "geometry": { "type": "Point", "coordinates": [ -96.313834942900002, 30.582068179 ] } },
{ "type": "Feature", "properties": { "FID": 516, "ID": 517, "Longitude": -96.289987967100004, "Latitude": 30.557463005599999, "Name": "Aida Aleksankov", "Gender": "Agender", "Age": 64, "Race": "Venezuelan", "Occupation": "Speech Pathologist", "Address": "523 Johnson Pass", "Email": "vdouglasec@usda.gov", "Phone": "660-113-9913", "Income": 148155.57, "Insurance": "YES", "CEOfficers": "James Johnson", "CommunityID": 4, "EatingHabits": "High-sugar diet" }, "geometry": { "type": "Point", "coordinates": [ -96.289987967100004, 30.557463005599999 ] } },
{ "type": "Feature", "properties": { "FID": 517, "ID": 518, "Longitude": -96.369997896900003, "Latitude": 30.5921737406, "Name": "Mil Silman", "Gender": "Male", "Age": 69, "Race": "Bolivian", "Occupation": "Clinical Specialist", "Address": "27640 Fuller Crossing", "Email": "cbrogied@examiner.com", "Phone": "897-831-7912", "Income": 63535.32, "Insurance": "NO", "CEOfficers": "TAMU", "CommunityID": 99, "EatingHabits": "Low-sugar diet" }, "geometry": { "type": "Point", "coordinates": [ -96.369997896900003, 30.5921737406 ] } },
{ "type": "Feature", "properties": { "FID": 518, "ID": 519, "Longitude": -96.247501951800004, "Latitude": 30.567739126599999, "Name": "Yorgo Summerell", "Gender": "Female", "Age": 50, "Race": "Central American", "Occupation": "Financial Advisor", "Address": "44767 Shelley Road", "Email": "sbowichee@washingtonpost.com", "Phone": "647-545-3482", "Income": 16641.19, "Insurance": "YES", "CEOfficers": "James Johnson", "CommunityID": 4, "EatingHabits": "Balanced diet" }, "geometry": { "type": "Point", "coordinates": [ -96.247501951800004, 30.567739126599999 ] } },
{ "type": "Feature", "properties": { "FID": 519, "ID": 520, "Longitude": -96.307735393499996, "Latitude": 30.583452075699999, "Name": "Jolene Rolinson", "Gender": "Male", "Age": 63, "Race": "Asian Indian", "Occupation": "Community Outreach Specialist", "Address": "71 Kim Place", "Email": "bflescheref@free.fr", "Phone": "601-719-1012", "Income": 183983.13, "Insurance": "NO", "CEOfficers": "Mark Szydlowski", "CommunityID": 3, "EatingHabits": "High-sugar diet" }, "geometry": { "type": "Point", "coordinates": [ -96.307735393499996, 30.583452075699999 ] } },
{ "type": "Feature", "properties": { "FID": 520, "ID": 521, "Longitude": -96.361454429199995, "Latitude": 30.586793643699998, "Name": "Karel Dominighi", "Gender": "Female", "Age": 69, "Race": "Yakama", "Occupation": "Design Engineer", "Address": "49722 Blue Bill Park Circle", "Email": "gsartaineg@drupal.org", "Phone": "272-809-5866", "Income": 69122.81, "Insurance": "YES", "CEOfficers": "TAMU", "CommunityID": 99, "EatingHabits": "Low-sugar diet" }, "geometry": { "type": "Point", "coordinates": [ -96.361454429199995, 30.586793643699998 ] } },
{ "type": "Feature", "properties": { "FID": 521, "ID": 522, "Longitude": -96.303377019600006, "Latitude": 30.548983360600001, "Name": "Reynolds Doche", "Gender": "Female", "Age": 71, "Race": "Alaskan Athabascan", "Occupation": "Biostatistician III", "Address": "05079 Kedzie Place", "Email": "mmaillardeh@cafepress.com", "Phone": "912-353-3813", "Income": 187008.7, "Insurance": "NO", "CEOfficers": "Francesca Spell", "CommunityID": 2, "EatingHabits": "Balanced diet" }, "geometry": { "type": "Point", "coordinates": [ -96.303377019600006, 30.548983360600001 ] } },
{ "type": "Feature", "properties": { "FID": 522, "ID": 523, "Longitude": -96.322445374500006, "Latitude": 30.632794692099999, "Name": "Marshall Gethen", "Gender": "Male", "Age": 18, "Race": "Samoan", "Occupation": "Dental Hygienist", "Address": "96 Lakeland Road", "Email": "fvickarsei@moonfruit.com", "Phone": "706-150-4523", "Income": 117985.71, "Insurance": "YES", "CEOfficers": "Vincent Rosas", "CommunityID": 5, "EatingHabits": "High-sugar diet" }, "geometry": { "type": "Point", "coordinates": [ -96.322445374500006, 30.632794692099999 ] } },
{ "type": "Feature", "properties": { "FID": 523, "ID": 524, "Longitude": -96.311250402100001, "Latitude": 30.594987609, "Name": "Avictor Durtnall", "Gender": "Male", "Age": 33, "Race": "Ecuadorian", "Occupation": "Junior Executive", "Address": "73 Dexter Place", "Email": "hnoodsej@imgur.com", "Phone": "490-482-3904", "Income": 138345.11, "Insurance": "NO", "CEOfficers": "Mark Szydlowski", "CommunityID": 3, "EatingHabits": "Low-sugar diet" }, "geometry": { "type": "Point", "coordinates": [ -96.311250402100001, 30.594987609 ] } },
{ "type": "Feature", "properties": { "FID": 524, "ID": 525, "Longitude": -96.3198828126, "Latitude": 30.594829450199999, "Name": "Gregory Shirland", "Gender": "Genderfluid", "Age": 42, "Race": "Malaysian", "Occupation": "Dental Hygienist", "Address": "2 Jenifer Place", "Email": "bpenhalurickek@gov.uk", "Phone": "538-193-0401", "Income": 106970.11, "Insurance": "YES", "CEOfficers": "Mark Szydlowski", "CommunityID": 3, "EatingHabits": "Balanced diet" }, "geometry": { "type": "Point", "coordinates": [ -96.3198828126, 30.594829450199999 ] } },
{ "type": "Feature", "properties": { "FID": 525, "ID": 526, "Longitude": -96.331490869000007, "Latitude": 30.621020899400001, "Name": "Kelcie Coxen", "Gender": "Genderqueer", "Age": 36, "Race": "Yaqui", "Occupation": "Financial Advisor", "Address": "1371 Continental Parkway", "Email": "ljappel@nature.com", "Phone": "999-196-4192", "Income": 43326.29, "Insurance": "NO", "CEOfficers": "TAMU", "CommunityID": 99, "EatingHabits": "High-sugar diet" }, "geometry": { "type": "Point", "coordinates": [ -96.331490869, 30.621020899400001 ] } },
{ "type": "Feature", "properties": { "FID": 526, "ID": 527, "Longitude": -96.305125806700005, "Latitude": 30.590555097399999, "Name": "Derwin Helstrom", "Gender": "Male", "Age": 35, "Race": "Polynesian", "Occupation": "Data Coordinator", "Address": "5046 Pleasure Road", "Email": "kbesekeem@gizmodo.com", "Phone": "339-770-4288", "Income": 41704.85, "Insurance": "YES", "CEOfficers": "Mark Szydlowski", "CommunityID": 3, "EatingHabits": "Low-sugar diet" }, "geometry": { "type": "Point", "coordinates": [ -96.305125806700005, 30.590555097399999 ] } },
{ "type": "Feature", "properties": { "FID": 527, "ID": 528, "Longitude": -96.369528345000006, "Latitude": 30.5687781054, "Name": "Evanne Kleinsmuntz", "Gender": "Agender", "Age": 36, "Race": "Honduran", "Occupation": "Information Systems Manager", "Address": "2 Bunker Hill Trail", "Email": "rsnowdonen@netscape.com", "Phone": "880-669-0255", "Income": 71470.38, "Insurance": "NO", "CEOfficers": "TAMU", "CommunityID": 99, "EatingHabits": "Balanced diet" }, "geometry": { "type": "Point", "coordinates": [ -96.369528345, 30.5687781054 ] } },
{ "type": "Feature", "properties": { "FID": 528, "ID": 529, "Longitude": -96.285734540500002, "Latitude": 30.556972628299999, "Name": "Elliot MacNish", "Gender": "Female", "Age": 27, "Race": "American Indian", "Occupation": "Tax Accountant", "Address": "0991 Sheridan Trail", "Email": "bhaucheo@sun.com", "Phone": "944-216-5201", "Income": 53809.78, "Insurance": "YES", "CEOfficers": "James Johnson", "CommunityID": 4, "EatingHabits": "High-sugar diet" }, "geometry": { "type": "Point", "coordinates": [ -96.285734540500002, 30.556972628299999 ] } },
{ "type": "Feature", "properties": { "FID": 529, "ID": 530, "Longitude": -96.301923872900005, "Latitude": 30.627027155099999, "Name": "Torrey Vearncombe", "Gender": "Male", "Age": 37, "Race": "Creek", "Occupation": "VP Quality Control", "Address": "09939 Meadow Ridge Trail", "Email": "aahearneep@youtu.be", "Phone": "609-257-4886", "Income": 96281.57, "Insurance": "NO", "CEOfficers": "Vincent Rosas", "CommunityID": 5, "EatingHabits": "Low-sugar diet" }, "geometry": { "type": "Point", "coordinates": [ -96.301923872900005, 30.627027155099999 ] } },
{ "type": "Feature", "properties": { "FID": 530, "ID": 531, "Longitude": -96.373940796200003, "Latitude": 30.574976744800001, "Name": "Pincus Bleiman", "Gender": "Female", "Age": 40, "Race": "Blackfeet", "Occupation": "Web Developer I", "Address": "42 Nova Drive", "Email": "asimioneeq@hud.gov", "Phone": "272-398-9450", "Income": 72583.68, "Insurance": "YES", "CEOfficers": "TAMU", "CommunityID": 99, "EatingHabits": "Balanced diet" }, "geometry": { "type": "Point", "coordinates": [ -96.373940796200003, 30.574976744800001 ] } },
{ "type": "Feature", "properties": { "FID": 531, "ID": 532, "Longitude": -96.326284123199997, "Latitude": 30.621754208199999, "Name": "Thibaut Redpath", "Gender": "Female", "Age": 26, "Race": "Ecuadorian", "Occupation": "Director of Sales", "Address": "927 Ridge Oak Park", "Email": "dfonteyneer@nhs.uk", "Phone": "434-978-6684", "Income": 91344.86, "Insurance": "NO", "CEOfficers": "Adrienne Bishop", "CommunityID": 1, "EatingHabits": "High-sugar diet" }, "geometry": { "type": "Point", "coordinates": [ -96.326284123199997, 30.621754208199999 ] } },
{ "type": "Feature", "properties": { "FID": 532, "ID": 533, "Longitude": -96.282233051000006, "Latitude": 30.544092919000001, "Name": "Marshal Stampfer", "Gender": "Male", "Age": 45, "Race": "Bangladeshi", "Occupation": "Health Coach IV", "Address": "2173 Northport Pass", "Email": "smeaneyes@infoseek.co.jp", "Phone": "854-985-6475", "Income": 120528.64, "Insurance": "YES", "CEOfficers": "James Johnson", "CommunityID": 4, "EatingHabits": "Low-sugar diet" }, "geometry": { "type": "Point", "coordinates": [ -96.282233051, 30.544092919 ] } },
{ "type": "Feature", "properties": { "FID": 533, "ID": 534, "Longitude": -96.216476067299993, "Latitude": 30.5736180211, "Name": "Ophelia Billham", "Gender": "Male", "Age": 59, "Race": "Ecuadorian", "Occupation": "Registered Nurse", "Address": "682 Glendale Alley", "Email": "schattingtonet@un.org", "Phone": "319-389-0194", "Income": 158303.71, "Insurance": "NO", "CEOfficers": "James Johnson", "CommunityID": 4, "EatingHabits": "Balanced diet" }, "geometry": { "type": "Point", "coordinates": [ -96.216476067299993, 30.5736180211 ] } },
{ "type": "Feature", "properties": { "FID": 534, "ID": 535, "Longitude": -96.255654212899998, "Latitude": 30.555533478699999, "Name": "Orv Spinks", "Gender": "Female", "Age": 67, "Race": "Peruvian", "Occupation": "Environmental Specialist", "Address": "934 Lyons Avenue", "Email": "gparmereu@auda.org.au", "Phone": "605-371-7628", "Income": 166570.54, "Insurance": "YES", "CEOfficers": "James Johnson", "CommunityID": 4, "EatingHabits": "High-sugar diet" }, "geometry": { "type": "Point", "coordinates": [ -96.255654212899998, 30.555533478699999 ] } },
{ "type": "Feature", "properties": { "FID": 535, "ID": 536, "Longitude": -96.296411330599994, "Latitude": 30.6352913425, "Name": "Ketty Gemlett", "Gender": "Male", "Age": 41, "Race": "Kiowa", "Occupation": "Administrative Assistant I", "Address": "8 Fairview Circle", "Email": "dscarffev@ehow.com", "Phone": "760-501-7634", "Income": 45683.27, "Insurance": "NO", "CEOfficers": "Vincent Rosas", "CommunityID": 5, "EatingHabits": "Low-sugar diet" }, "geometry": { "type": "Point", "coordinates": [ -96.296411330599994, 30.6352913425 ] } },
{ "type": "Feature", "properties": { "FID": 536, "ID": 537, "Longitude": -96.269419773199999, "Latitude": 30.530651235600001, "Name": "Esme Frayling", "Gender": "Female", "Age": 46, "Race": "Chippewa", "Occupation": "Data Coordinator", "Address": "97500 Coleman Point", "Email": "dortzenew@altervista.org", "Phone": "213-522-2801", "Income": 109037.73, "Insurance": "YES", "CEOfficers": "James Johnson", "CommunityID": 4, "EatingHabits": "Balanced diet" }, "geometry": { "type": "Point", "coordinates": [ -96.269419773199999, 30.530651235600001 ] } },
{ "type": "Feature", "properties": { "FID": 537, "ID": 538, "Longitude": -96.251442802200003, "Latitude": 30.576598215899999, "Name": "Hammad Jankin", "Gender": "Female", "Age": 63, "Race": "Delaware", "Occupation": "Financial Analyst", "Address": "563 Del Mar Park", "Email": "fmcgrayex@miibeian.gov.cn", "Phone": "613-150-2824", "Income": 49213.96, "Insurance": "NO", "CEOfficers": "James Johnson", "CommunityID": 4, "EatingHabits": "High-sugar diet" }, "geometry": { "type": "Point", "coordinates": [ -96.251442802200003, 30.576598215899999 ] } },
{ "type": "Feature", "properties": { "FID": 538, "ID": 539, "Longitude": -96.372036102600006, "Latitude": 30.622859101700001, "Name": "Kacy Warr", "Gender": "Female", "Age": 31, "Race": "Central American", "Occupation": "Marketing Assistant", "Address": "97 Hansons Parkway", "Email": "asawleey@so-net.ne.jp", "Phone": "219-317-7540", "Income": 110292.56, "Insurance": "YES", "CEOfficers": "TAMU", "CommunityID": 99, "EatingHabits": "Low-sugar diet" }, "geometry": { "type": "Point", "coordinates": [ -96.372036102600006, 30.622859101700001 ] } },
{ "type": "Feature", "properties": { "FID": 539, "ID": 540, "Longitude": -96.205848244500004, "Latitude": 30.540950974299999, "Name": "Zeke Burchess", "Gender": "Male", "Age": 46, "Race": "Argentinian", "Occupation": "Help Desk Operator", "Address": "82 Golf View Hill", "Email": "tlearmonthez@odnoklassniki.ru", "Phone": "497-945-1822", "Income": 118505.4, "Insurance": "NO", "CEOfficers": "James Johnson", "CommunityID": 4, "EatingHabits": "Balanced diet" }, "geometry": { "type": "Point", "coordinates": [ -96.205848244500004, 30.540950974299999 ] } },
{ "type": "Feature", "properties": { "FID": 540, "ID": 541, "Longitude": -96.287660060299999, "Latitude": 30.608367720299999, "Name": "Rosanna Lyttle", "Gender": "Female", "Age": 21, "Race": "Lumbee", "Occupation": "Web Designer I", "Address": "6 Portage Point", "Email": "tziehmsf0@sourceforge.net", "Phone": "600-765-8843", "Income": 105973.48, "Insurance": "YES", "CEOfficers": "Vincent Rosas", "CommunityID": 5, "EatingHabits": "High-sugar diet" }, "geometry": { "type": "Point", "coordinates": [ -96.287660060299999, 30.608367720299999 ] } },
{ "type": "Feature", "properties": { "FID": 541, "ID": 542, "Longitude": -96.366432774399996, "Latitude": 30.586817831600001, "Name": "Rhody Jaulmes", "Gender": "Female", "Age": 46, "Race": "Pueblo", "Occupation": "Administrative Assistant I", "Address": "1376 Northland Avenue", "Email": "kjobbf1@1und1.de", "Phone": "332-998-1189", "Income": 120293.26, "Insurance": "NO", "CEOfficers": "TAMU", "CommunityID": 99, "EatingHabits": "Low-sugar diet" }, "geometry": { "type": "Point", "coordinates": [ -96.366432774399996, 30.586817831600001 ] } },
{ "type": "Feature", "properties": { "FID": 542, "ID": 543, "Longitude": -96.222814770300005, "Latitude": 30.553525690800001, "Name": "Audrey Basford", "Gender": "Male", "Age": 74, "Race": "Taiwanese", "Occupation": "Teacher", "Address": "9859 Shasta Parkway", "Email": "ccompsonf2@unblog.fr", "Phone": "772-781-7974", "Income": 132897.87, "Insurance": "YES", "CEOfficers": "James Johnson", "CommunityID": 4, "EatingHabits": "Balanced diet" }, "geometry": { "type": "Point", "coordinates": [ -96.222814770300005, 30.553525690800001 ] } },
{ "type": "Feature", "properties": { "FID": 543, "ID": 544, "Longitude": -96.354510561400005, "Latitude": 30.618700971700001, "Name": "Kore Dossett", "Gender": "Female", "Age": 67, "Race": "Thai", "Occupation": "Recruiting Manager", "Address": "997 Kennedy Court", "Email": "amytonf3@phpbb.com", "Phone": "935-373-1893", "Income": 16080.43, "Insurance": "NO", "CEOfficers": "TAMU", "CommunityID": 99, "EatingHabits": "High-sugar diet" }, "geometry": { "type": "Point", "coordinates": [ -96.354510561400005, 30.618700971700001 ] } },
{ "type": "Feature", "properties": { "FID": 544, "ID": 545, "Longitude": -96.275638066, "Latitude": 30.546841690800001, "Name": "Anderson Baber", "Gender": "Female", "Age": 44, "Race": "Guamanian", "Occupation": "Tax Accountant", "Address": "00029 Northport Circle", "Email": "ccrackelf4@dailymail.co.uk", "Phone": "402-596-1217", "Income": 137994.56, "Insurance": "YES", "CEOfficers": "James Johnson", "CommunityID": 4, "EatingHabits": "Low-sugar diet" }, "geometry": { "type": "Point", "coordinates": [ -96.275638066, 30.546841690800001 ] } },
{ "type": "Feature", "properties": { "FID": 545, "ID": 546, "Longitude": -96.354222079199999, "Latitude": 30.600302424500001, "Name": "Fidelity Furminger", "Gender": "Male", "Age": 72, "Race": "Houma", "Occupation": "Director of Sales", "Address": "2774 Green Crossing", "Email": "dperettf5@wikimedia.org", "Phone": "436-341-6497", "Income": 38022.21, "Insurance": "NO", "CEOfficers": "TAMU", "CommunityID": 99, "EatingHabits": "Balanced diet" }, "geometry": { "type": "Point", "coordinates": [ -96.354222079199999, 30.600302424500001 ] } },
{ "type": "Feature", "properties": { "FID": 546, "ID": 547, "Longitude": -96.325843749900002, "Latitude": 30.614874905000001, "Name": "Evangelina Wale", "Gender": "Female", "Age": 73, "Race": "Chilean", "Occupation": "Product Engineer", "Address": "3001 Continental Drive", "Email": "mpettigreef6@cbslocal.com", "Phone": "487-975-8865", "Income": 111686.41, "Insurance": "YES", "CEOfficers": "Mark Szydlowski", "CommunityID": 3, "EatingHabits": "High-sugar diet" }, "geometry": { "type": "Point", "coordinates": [ -96.325843749900002, 30.614874905 ] } },
{ "type": "Feature", "properties": { "FID": 547, "ID": 548, "Longitude": -96.2965679701, "Latitude": 30.5776253495, "Name": "Dody Sowman", "Gender": "Female", "Age": 33, "Race": "Native Hawaiian", "Occupation": "Office Assistant II", "Address": "744 Moulton Road", "Email": "nstaggf7@angelfire.com", "Phone": "905-463-2349", "Income": 176407.26, "Insurance": "NO", "CEOfficers": "Mark Szydlowski", "CommunityID": 3, "EatingHabits": "Low-sugar diet" }, "geometry": { "type": "Point", "coordinates": [ -96.2965679701, 30.5776253495 ] } },
{ "type": "Feature", "properties": { "FID": 548, "ID": 549, "Longitude": -96.2809982996, "Latitude": 30.569844760700001, "Name": "Corie Gehricke", "Gender": "Female", "Age": 60, "Race": "Blackfeet", "Occupation": "Paralegal", "Address": "54 Park Meadow Circle", "Email": "dfairleyf8@cocolog-nifty.com", "Phone": "943-887-4742", "Income": 124047.09, "Insurance": "YES", "CEOfficers": "James Johnson", "CommunityID": 4, "EatingHabits": "Balanced diet" }, "geometry": { "type": "Point", "coordinates": [ -96.2809982996, 30.569844760700001 ] } },
{ "type": "Feature", "properties": { "FID": 549, "ID": 550, "Longitude": -96.314754881599995, "Latitude": 30.5448163814, "Name": "Emeline Mulqueeny", "Gender": "Genderfluid", "Age": 30, "Race": "Menominee", "Occupation": "VP Marketing", "Address": "10467 Declaration Park", "Email": "tsnedkerf9@livejournal.com", "Phone": "664-764-6972", "Income": 70588.62, "Insurance": "NO", "CEOfficers": "Francesca Spell", "CommunityID": 2, "EatingHabits": "High-sugar diet" }, "geometry": { "type": "Point", "coordinates": [ -96.314754881599995, 30.5448163814 ] } },
{ "type": "Feature", "properties": { "FID": 550, "ID": 551, "Longitude": -96.321992940100003, "Latitude": 30.635745782000001, "Name": "Gwenore Mercer", "Gender": "Male", "Age": 77, "Race": "Asian Indian", "Occupation": "Web Designer III", "Address": "13 Grasskamp Terrace", "Email": "hmacpeicefa@xinhuanet.com", "Phone": "880-218-5043", "Income": 12490.01, "Insurance": "YES", "CEOfficers": "Vincent Rosas", "CommunityID": 5, "EatingHabits": "Low-sugar diet" }, "geometry": { "type": "Point", "coordinates": [ -96.321992940100003, 30.635745782 ] } },
{ "type": "Feature", "properties": { "FID": 551, "ID": 552, "Longitude": -96.336295252499994, "Latitude": 30.608899438600002, "Name": "Billy Skaife d'Ingerthorpe", "Gender": "Male", "Age": 52, "Race": "Costa Rican", "Occupation": "Clinical Specialist", "Address": "5 Ronald Regan Trail", "Email": "lsnasdellfb@aboutads.info", "Phone": "814-512-0196", "Income": 82218.96, "Insurance": "NO", "CEOfficers": "TAMU", "CommunityID": 99, "EatingHabits": "Balanced diet" }, "geometry": { "type": "Point", "coordinates": [ -96.336295252499994, 30.608899438600002 ] } },
{ "type": "Feature", "properties": { "FID": 552, "ID": 553, "Longitude": -96.323731381200005, "Latitude": 30.641943262400002, "Name": "Henrietta D'Agostini", "Gender": "Female", "Age": 59, "Race": "Micronesian", "Occupation": "Staff Scientist", "Address": "9368 Charing Cross Parkway", "Email": "bmionifc@cloudflare.com", "Phone": "381-929-4422", "Income": 151113.2, "Insurance": "YES", "CEOfficers": "Adrienne Bishop", "CommunityID": 1, "EatingHabits": "High-sugar diet" }, "geometry": { "type": "Point", "coordinates": [ -96.323731381200005, 30.641943262400002 ] } },
{ "type": "Feature", "properties": { "FID": 553, "ID": 554, "Longitude": -96.296420369499998, "Latitude": 30.604728915100001, "Name": "Nickey Kings", "Gender": "Male", "Age": 63, "Race": "Dominican (Dominican Republic)", "Occupation": "Structural Analysis Engineer", "Address": "983 North Trail", "Email": "goverelfd@163.com", "Phone": "676-919-9109", "Income": 111032.3, "Insurance": "NO", "CEOfficers": "Vincent Rosas", "CommunityID": 5, "EatingHabits": "Low-sugar diet" }, "geometry": { "type": "Point", "coordinates": [ -96.296420369499998, 30.604728915100001 ] } },
{ "type": "Feature", "properties": { "FID": 554, "ID": 555, "Longitude": -96.343362224900005, "Latitude": 30.6206843949, "Name": "Veradis Bloxham", "Gender": "Male", "Age": 80, "Race": "Delaware", "Occupation": "Account Coordinator", "Address": "7 Victoria Drive", "Email": "hsmallesfe@sfgate.com", "Phone": "501-622-3477", "Income": 185495.7, "Insurance": "YES", "CEOfficers": "Northgate Group", "CommunityID": 6, "EatingHabits": "Balanced diet" }, "geometry": { "type": "Point", "coordinates": [ -96.343362224900005, 30.6206843949 ] } },
{ "type": "Feature", "properties": { "FID": 555, "ID": 556, "Longitude": -96.286623900400002, "Latitude": 30.591494771499999, "Name": "Wake Reeves", "Gender": "Female", "Age": 64, "Race": "Bangladeshi", "Occupation": "Biostatistician II", "Address": "2304 Magdeline Pass", "Email": "gcockramff@geocities.com", "Phone": "220-311-4195", "Income": 72168.91, "Insurance": "NO", "CEOfficers": "Vincent Rosas", "CommunityID": 5, "EatingHabits": "High-sugar diet" }, "geometry": { "type": "Point", "coordinates": [ -96.286623900400002, 30.591494771499999 ] } },
{ "type": "Feature", "properties": { "FID": 556, "ID": 557, "Longitude": -96.294537537699995, "Latitude": 30.5812263945, "Name": "Robinson Bendig", "Gender": "Female", "Age": 18, "Race": "Mexican", "Occupation": "Administrative Officer", "Address": "3275 Debra Park", "Email": "bmoultonfg@nationalgeographic.com", "Phone": "260-793-3004", "Income": 50051.72, "Insurance": "YES", "CEOfficers": "Mark Szydlowski", "CommunityID": 3, "EatingHabits": "Low-sugar diet" }, "geometry": { "type": "Point", "coordinates": [ -96.294537537699995, 30.5812263945 ] } },
{ "type": "Feature", "properties": { "FID": 557, "ID": 558, "Longitude": -96.267716208600007, "Latitude": 30.589530510900001, "Name": "Kamila Apps", "Gender": "Male", "Age": 66, "Race": "Japanese", "Occupation": "Design Engineer", "Address": "4638 Eggendart Plaza", "Email": "dgiacobbinijacobfh@buzzfeed.com", "Phone": "592-249-8123", "Income": 110766.0, "Insurance": "NO", "CEOfficers": "Vincent Rosas", "CommunityID": 5, "EatingHabits": "Balanced diet" }, "geometry": { "type": "Point", "coordinates": [ -96.267716208600007, 30.589530510900001 ] } },
{ "type": "Feature", "properties": { "FID": 558, "ID": 559, "Longitude": -96.277025924499995, "Latitude": 30.5752803673, "Name": "Peg Roswarn", "Gender": "Male", "Age": 73, "Race": "Black or African American", "Occupation": "VP Sales", "Address": "3 Fordem Center", "Email": "fwiskarfi@timesonline.co.uk", "Phone": "145-504-0937", "Income": 161715.31, "Insurance": "YES", "CEOfficers": "James Johnson", "CommunityID": 4, "EatingHabits": "High-sugar diet" }, "geometry": { "type": "Point", "coordinates": [ -96.277025924499995, 30.5752803673 ] } },
{ "type": "Feature", "properties": { "FID": 559, "ID": 560, "Longitude": -96.340476300099994, "Latitude": 30.617905206500001, "Name": "Zilvia Brough", "Gender": "Female", "Age": 28, "Race": "Cheyenne", "Occupation": "Information Systems Manager", "Address": "109 Carpenter Junction", "Email": "fdelionfj@adobe.com", "Phone": "720-832-0307", "Income": 23739.92, "Insurance": "NO", "CEOfficers": "TAMU", "CommunityID": 99, "EatingHabits": "Low-sugar diet" }, "geometry": { "type": "Point", "coordinates": [ -96.340476300099994, 30.617905206500001 ] } },
{ "type": "Feature", "properties": { "FID": 560, "ID": 561, "Longitude": -96.347239692000002, "Latitude": 30.583580664500001, "Name": "Cornall Elfleet", "Gender": "Male", "Age": 23, "Race": "Taiwanese", "Occupation": "Community Outreach Specialist", "Address": "481 Delladonna Hill", "Email": "esuermeiersfk@si.edu", "Phone": "395-966-5912", "Income": 100934.5, "Insurance": "YES", "CEOfficers": "TAMU", "CommunityID": 99, "EatingHabits": "Balanced diet" }, "geometry": { "type": "Point", "coordinates": [ -96.347239692, 30.583580664500001 ] } },
{ "type": "Feature", "properties": { "FID": 561, "ID": 562, "Longitude": -96.305170640699998, "Latitude": 30.5696301065, "Name": "Babita Faloon", "Gender": "Female", "Age": 71, "Race": "Bangladeshi", "Occupation": "Physical Therapy Assistant", "Address": "05911 Ramsey Terrace", "Email": "lquincefl@odnoklassniki.ru", "Phone": "182-722-0482", "Income": 187656.24, "Insurance": "NO", "CEOfficers": "Mark Szydlowski", "CommunityID": 3, "EatingHabits": "High-sugar diet" }, "geometry": { "type": "Point", "coordinates": [ -96.305170640699998, 30.5696301065 ] } },
{ "type": "Feature", "properties": { "FID": 562, "ID": 563, "Longitude": -96.293904606400005, "Latitude": 30.574427668399998, "Name": "Wilone Goldwater", "Gender": "Male", "Age": 67, "Race": "Black or African American", "Occupation": "Staff Scientist", "Address": "10 Packers Alley", "Email": "mkerwenfm@cornell.edu", "Phone": "108-196-6415", "Income": 186591.26, "Insurance": "YES", "CEOfficers": "Mark Szydlowski", "CommunityID": 3, "EatingHabits": "Low-sugar diet" }, "geometry": { "type": "Point", "coordinates": [ -96.293904606400005, 30.574427668399998 ] } },
{ "type": "Feature", "properties": { "FID": 563, "ID": 564, "Longitude": -96.287815632900006, "Latitude": 30.578823222699999, "Name": "Hiram Earingey", "Gender": "Female", "Age": 37, "Race": "Puget Sound Salish", "Occupation": "Research Assistant III", "Address": "453 Declaration Lane", "Email": "aedesfn@wiley.com", "Phone": "734-471-8331", "Income": 136772.4, "Insurance": "NO", "CEOfficers": "Mark Szydlowski", "CommunityID": 3, "EatingHabits": "Balanced diet" }, "geometry": { "type": "Point", "coordinates": [ -96.287815632900006, 30.578823222699999 ] } },
{ "type": "Feature", "properties": { "FID": 564, "ID": 565, "Longitude": -96.328856421599994, "Latitude": 30.633407669299999, "Name": "Shelia Marlowe", "Gender": "Male", "Age": 77, "Race": "Cherokee", "Occupation": "Structural Analysis Engineer", "Address": "01223 Clemons Court", "Email": "flaybournefo@about.me", "Phone": "626-564-0931", "Income": 118711.99, "Insurance": "YES", "CEOfficers": "Adrienne Bishop", "CommunityID": 1, "EatingHabits": "High-sugar diet" }, "geometry": { "type": "Point", "coordinates": [ -96.328856421599994, 30.633407669299999 ] } },
{ "type": "Feature", "properties": { "FID": 565, "ID": 566, "Longitude": -96.240375693299995, "Latitude": 30.5750600593, "Name": "Damita Dahlborg", "Gender": "Male", "Age": 31, "Race": "Chippewa", "Occupation": "Environmental Tech", "Address": "2219 Saint Paul Street", "Email": "smccaigfp@china.com.cn", "Phone": "938-285-0057", "Income": 166190.86, "Insurance": "NO", "CEOfficers": "James Johnson", "CommunityID": 4, "EatingHabits": "Low-sugar diet" }, "geometry": { "type": "Point", "coordinates": [ -96.240375693299995, 30.5750600593 ] } },
{ "type": "Feature", "properties": { "FID": 566, "ID": 567, "Longitude": -96.291258073500003, "Latitude": 30.531911045499999, "Name": "Irena Shannon", "Gender": "Male", "Age": 29, "Race": "Panamanian", "Occupation": "Programmer Analyst IV", "Address": "51734 Meadow Ridge Avenue", "Email": "tbennetfq@dell.com", "Phone": "342-901-9793", "Income": 196821.51, "Insurance": "YES", "CEOfficers": "James Johnson", "CommunityID": 4, "EatingHabits": "Balanced diet" }, "geometry": { "type": "Point", "coordinates": [ -96.291258073500003, 30.531911045499999 ] } },
{ "type": "Feature", "properties": { "FID": 567, "ID": 568, "Longitude": -96.252428470300003, "Latitude": 30.556941437199999, "Name": "Phebe Mogra", "Gender": "Female", "Age": 49, "Race": "American Indian and Alaska Native (AIAN)", "Occupation": "Desktop Support Technician", "Address": "2 Johnson Avenue", "Email": "cpiburnfr@sfgate.com", "Phone": "231-997-8690", "Income": 192144.25, "Insurance": "NO", "CEOfficers": "James Johnson", "CommunityID": 4, "EatingHabits": "High-sugar diet" }, "geometry": { "type": "Point", "coordinates": [ -96.252428470300003, 30.556941437199999 ] } },
{ "type": "Feature", "properties": { "FID": 568, "ID": 569, "Longitude": -96.264362278999997, "Latitude": 30.5820750492, "Name": "Prescott O'Codihie", "Gender": "Female", "Age": 56, "Race": "Latin American Indian", "Occupation": "Paralegal", "Address": "1 Vera Junction", "Email": "nfewfs@exblog.jp", "Phone": "992-408-0822", "Income": 107743.76, "Insurance": "YES", "CEOfficers": "James Johnson", "CommunityID": 4, "EatingHabits": "Low-sugar diet" }, "geometry": { "type": "Point", "coordinates": [ -96.264362279, 30.5820750492 ] } },
{ "type": "Feature", "properties": { "FID": 569, "ID": 570, "Longitude": -96.305244850500003, "Latitude": 30.608152136200001, "Name": "Aimee Medlicott", "Gender": "Non-binary", "Age": 78, "Race": "Cuban", "Occupation": "Senior Quality Engineer", "Address": "951 8th Terrace", "Email": "bbrayfieldft@freewebs.com", "Phone": "118-352-0726", "Income": 53164.97, "Insurance": "NO", "CEOfficers": "Vincent Rosas", "CommunityID": 5, "EatingHabits": "Balanced diet" }, "geometry": { "type": "Point", "coordinates": [ -96.305244850500003, 30.608152136200001 ] } },
{ "type": "Feature", "properties": { "FID": 570, "ID": 571, "Longitude": -96.261862241299994, "Latitude": 30.5476201864, "Name": "Minda MacNeice", "Gender": "Genderfluid", "Age": 44, "Race": "Latin American Indian", "Occupation": "Junior Executive", "Address": "5 Tennyson Court", "Email": "jannisfu@hugedomains.com", "Phone": "969-171-3021", "Income": 64246.34, "Insurance": "YES", "CEOfficers": "James Johnson", "CommunityID": 4, "EatingHabits": "High-sugar diet" }, "geometry": { "type": "Point", "coordinates": [ -96.261862241299994, 30.5476201864 ] } },
{ "type": "Feature", "properties": { "FID": 571, "ID": 572, "Longitude": -96.297247452400001, "Latitude": 30.6258738274, "Name": "Flora Postan", "Gender": "Female", "Age": 45, "Race": "Chinese", "Occupation": "Registered Nurse", "Address": "5130 Hermina Junction", "Email": "blukeschfv@slideshare.net", "Phone": "209-980-5762", "Income": 197969.56, "Insurance": "NO", "CEOfficers": "Vincent Rosas", "CommunityID": 5, "EatingHabits": "Low-sugar diet" }, "geometry": { "type": "Point", "coordinates": [ -96.297247452400001, 30.6258738274 ] } },
{ "type": "Feature", "properties": { "FID": 572, "ID": 573, "Longitude": -96.230918031000002, "Latitude": 30.584371632500002, "Name": "Adrian Scrase", "Gender": "Male", "Age": 28, "Race": "Osage", "Occupation": "VP Quality Control", "Address": "75 4th Point", "Email": "jtownsonfw@dot.gov", "Phone": "710-317-0952", "Income": 189851.44, "Insurance": "YES", "CEOfficers": "Vincent Rosas", "CommunityID": 5, "EatingHabits": "Balanced diet" }, "geometry": { "type": "Point", "coordinates": [ -96.230918031, 30.584371632500002 ] } },
{ "type": "Feature", "properties": { "FID": 573, "ID": 574, "Longitude": -96.262526662300004, "Latitude": 30.611095804800001, "Name": "Kermie Danilenko", "Gender": "Male", "Age": 49, "Race": "Blackfeet", "Occupation": "Nuclear Power Engineer", "Address": "4448 Westport Lane", "Email": "agiacobinifx@reverbnation.com", "Phone": "688-300-5490", "Income": 100535.9, "Insurance": "NO", "CEOfficers": "Vincent Rosas", "CommunityID": 5, "EatingHabits": "High-sugar diet" }, "geometry": { "type": "Point", "coordinates": [ -96.262526662300004, 30.611095804800001 ] } },
{ "type": "Feature", "properties": { "FID": 574, "ID": 575, "Longitude": -96.225187906499997, "Latitude": 30.544670935399999, "Name": "Roxanne Strother", "Gender": "Female", "Age": 72, "Race": "Tongan", "Occupation": "Administrative Officer", "Address": "0153 Kipling Terrace", "Email": "lrossiterfy@yandex.ru", "Phone": "577-440-9205", "Income": 65547.34, "Insurance": "YES", "CEOfficers": "James Johnson", "CommunityID": 4, "EatingHabits": "Low-sugar diet" }, "geometry": { "type": "Point", "coordinates": [ -96.225187906499997, 30.544670935399999 ] } },
{ "type": "Feature", "properties": { "FID": 575, "ID": 576, "Longitude": -96.237158162900002, "Latitude": 30.582366283700001, "Name": "Verina Ramsdell", "Gender": "Male", "Age": 60, "Race": "Fijian", "Occupation": "Budget\/Accounting Analyst II", "Address": "2 Charing Cross Road", "Email": "rsarfasfz@liveinternet.ru", "Phone": "582-571-6238", "Income": 109276.45, "Insurance": "NO", "CEOfficers": "Vincent Rosas", "CommunityID": 5, "EatingHabits": "Balanced diet" }, "geometry": { "type": "Point", "coordinates": [ -96.237158162900002, 30.582366283700001 ] } },
{ "type": "Feature", "properties": { "FID": 576, "ID": 577, "Longitude": -96.264867479499998, "Latitude": 30.553880186099999, "Name": "Fernande Gate", "Gender": "Male", "Age": 53, "Race": "Fijian", "Occupation": "Account Executive", "Address": "24 Arkansas Junction", "Email": "rmanilowg0@acquirethisname.com", "Phone": "759-458-3531", "Income": 129081.45, "Insurance": "YES", "CEOfficers": "James Johnson", "CommunityID": 4, "EatingHabits": "High-sugar diet" }, "geometry": { "type": "Point", "coordinates": [ -96.264867479499998, 30.553880186099999 ] } },
{ "type": "Feature", "properties": { "FID": 577, "ID": 578, "Longitude": -96.271318669199999, "Latitude": 30.5932017294, "Name": "Ermanno Lannon", "Gender": "Male", "Age": 80, "Race": "Menominee", "Occupation": "Information Systems Manager", "Address": "9 Evergreen Court", "Email": "flivoirg1@tumblr.com", "Phone": "769-740-1978", "Income": 169788.63, "Insurance": "NO", "CEOfficers": "Vincent Rosas", "CommunityID": 5, "EatingHabits": "Low-sugar diet" }, "geometry": { "type": "Point", "coordinates": [ -96.271318669199999, 30.5932017294 ] } },
{ "type": "Feature", "properties": { "FID": 578, "ID": 579, "Longitude": -96.310078713899998, "Latitude": 30.5478117802, "Name": "Arliene Charte", "Gender": "Female", "Age": 41, "Race": "Native Hawaiian and Other Pacific Islander (NHPI)", "Occupation": "Marketing Assistant", "Address": "145 Ramsey Park", "Email": "cgonsalvezg2@netvibes.com", "Phone": "847-204-3110", "Income": 77640.11, "Insurance": "YES", "CEOfficers": "Francesca Spell", "CommunityID": 2, "EatingHabits": "Balanced diet" }, "geometry": { "type": "Point", "coordinates": [ -96.310078713899998, 30.5478117802 ] } },
{ "type": "Feature", "properties": { "FID": 579, "ID": 580, "Longitude": -96.300131092100003, "Latitude": 30.558525603700001, "Name": "Lenci Giannini", "Gender": "Female", "Age": 70, "Race": "Tlingit-Haida", "Occupation": "Media Manager III", "Address": "20 Sycamore Court", "Email": "cgawkrogeg3@walmart.com", "Phone": "773-379-7687", "Income": 194906.13, "Insurance": "NO", "CEOfficers": "James Johnson", "CommunityID": 4, "EatingHabits": "High-sugar diet" }, "geometry": { "type": "Point", "coordinates": [ -96.300131092100003, 30.558525603700001 ] } },
{ "type": "Feature", "properties": { "FID": 580, "ID": 581, "Longitude": -96.306655989700005, "Latitude": 30.537371764700001, "Name": "Lauri Moorfield", "Gender": "Male", "Age": 72, "Race": "Sri Lankan", "Occupation": "Senior Cost Accountant", "Address": "8 Calypso Park", "Email": "bbossonsg4@list-manage.com", "Phone": "286-791-7980", "Income": 122586.66, "Insurance": "YES", "CEOfficers": "Francesca Spell", "CommunityID": 2, "EatingHabits": "Low-sugar diet" }, "geometry": { "type": "Point", "coordinates": [ -96.306655989700005, 30.537371764700001 ] } },
{ "type": "Feature", "properties": { "FID": 581, "ID": 582, "Longitude": -96.298727931200006, "Latitude": 30.5628707505, "Name": "Thorin Sanchis", "Gender": "Female", "Age": 57, "Race": "Japanese", "Occupation": "Accountant III", "Address": "14574 Upham Terrace", "Email": "afindingg5@sourceforge.net", "Phone": "760-765-5859", "Income": 81834.54, "Insurance": "NO", "CEOfficers": "James Johnson", "CommunityID": 4, "EatingHabits": "Balanced diet" }, "geometry": { "type": "Point", "coordinates": [ -96.298727931200006, 30.5628707505 ] } },
{ "type": "Feature", "properties": { "FID": 582, "ID": 583, "Longitude": -96.266826817699993, "Latitude": 30.547946467500001, "Name": "Herman Cabrer", "Gender": "Male", "Age": 51, "Race": "Chinese", "Occupation": "Actuary", "Address": "995 Hauk Point", "Email": "bpirtg6@friendfeed.com", "Phone": "269-580-8917", "Income": 158746.21, "Insurance": "YES", "CEOfficers": "James Johnson", "CommunityID": 4, "EatingHabits": "High-sugar diet" }, "geometry": { "type": "Point", "coordinates": [ -96.266826817699993, 30.547946467500001 ] } },
{ "type": "Feature", "properties": { "FID": 583, "ID": 584, "Longitude": -96.299173604499998, "Latitude": 30.552423267399998, "Name": "Brande Wynrehame", "Gender": "Male", "Age": 69, "Race": "American Indian and Alaska Native (AIAN)", "Occupation": "Office Assistant I", "Address": "248 Oneill Junction", "Email": "asibyllinag7@hibu.com", "Phone": "824-549-6523", "Income": 104762.85, "Insurance": "NO", "CEOfficers": "James Johnson", "CommunityID": 4, "EatingHabits": "Low-sugar diet" }, "geometry": { "type": "Point", "coordinates": [ -96.299173604499998, 30.552423267399998 ] } },
{ "type": "Feature", "properties": { "FID": 584, "ID": 585, "Longitude": -96.270725105500006, "Latitude": 30.563585940799999, "Name": "Joceline Doohey", "Gender": "Male", "Age": 44, "Race": "Pueblo", "Occupation": "Office Assistant II", "Address": "96385 Norway Maple Junction", "Email": "astacyg8@craigslist.org", "Phone": "816-490-7121", "Income": 24393.58, "Insurance": "YES", "CEOfficers": "James Johnson", "CommunityID": 4, "EatingHabits": "Balanced diet" }, "geometry": { "type": "Point", "coordinates": [ -96.270725105500006, 30.563585940799999 ] } },
{ "type": "Feature", "properties": { "FID": 585, "ID": 586, "Longitude": -96.284986768400003, "Latitude": 30.651165752099999, "Name": "Alvan Roobottom", "Gender": "Male", "Age": 42, "Race": "Panamanian", "Occupation": "Nurse Practicioner", "Address": "1832 Hudson Drive", "Email": "ttrevaing9@google.com.hk", "Phone": "710-346-5173", "Income": 61111.69, "Insurance": "NO", "CEOfficers": "Vincent Rosas", "CommunityID": 5, "EatingHabits": "High-sugar diet" }, "geometry": { "type": "Point", "coordinates": [ -96.284986768400003, 30.651165752099999 ] } },
{ "type": "Feature", "properties": { "FID": 586, "ID": 587, "Longitude": -96.285168173700001, "Latitude": 30.619825221300001, "Name": "Clarinda Hernik", "Gender": "Male", "Age": 33, "Race": "Cree", "Occupation": "Operator", "Address": "9 Morningstar Alley", "Email": "tmacritchiega@army.mil", "Phone": "174-340-5949", "Income": 21066.67, "Insurance": "YES", "CEOfficers": "Vincent Rosas", "CommunityID": 5, "EatingHabits": "Low-sugar diet" }, "geometry": { "type": "Point", "coordinates": [ -96.285168173700001, 30.619825221300001 ] } },
{ "type": "Feature", "properties": { "FID": 587, "ID": 588, "Longitude": -96.344581331399993, "Latitude": 30.6230920916, "Name": "Tatum de Savery", "Gender": "Bigender", "Age": 52, "Race": "Yaqui", "Occupation": "Analyst Programmer", "Address": "7 International Way", "Email": "gpearmaingb@topsy.com", "Phone": "793-289-0420", "Income": 36591.89, "Insurance": "NO", "CEOfficers": "Northgate Group", "CommunityID": 6, "EatingHabits": "Balanced diet" }, "geometry": { "type": "Point", "coordinates": [ -96.344581331399993, 30.6230920916 ] } },
{ "type": "Feature", "properties": { "FID": 588, "ID": 589, "Longitude": -96.352953113599995, "Latitude": 30.599047195000001, "Name": "Simonne Clappison", "Gender": "Male", "Age": 32, "Race": "Fijian", "Occupation": "Financial Analyst", "Address": "542 Summer Ridge Terrace", "Email": "gollegc@over-blog.com", "Phone": "717-331-2586", "Income": 164856.33, "Insurance": "YES", "CEOfficers": "TAMU", "CommunityID": 99, "EatingHabits": "High-sugar diet" }, "geometry": { "type": "Point", "coordinates": [ -96.352953113599995, 30.599047195 ] } },
{ "type": "Feature", "properties": { "FID": 589, "ID": 590, "Longitude": -96.2984582168, "Latitude": 30.5430355033, "Name": "Matthiew Casemore", "Gender": "Female", "Age": 72, "Race": "Cree", "Occupation": "Administrative Assistant IV", "Address": "99 Golf Point", "Email": "bpollgd@plala.or.jp", "Phone": "668-559-5499", "Income": 10651.98, "Insurance": "NO", "CEOfficers": "Francesca Spell", "CommunityID": 2, "EatingHabits": "Low-sugar diet" }, "geometry": { "type": "Point", "coordinates": [ -96.2984582168, 30.5430355033 ] } },
{ "type": "Feature", "properties": { "FID": 590, "ID": 591, "Longitude": -96.321741820499994, "Latitude": 30.5730034758, "Name": "Lynnea Slinn", "Gender": "Female", "Age": 29, "Race": "Iroquois", "Occupation": "Paralegal", "Address": "170 Bay Avenue", "Email": "kslowange@google.nl", "Phone": "847-372-3493", "Income": 190081.93, "Insurance": "YES", "CEOfficers": "Mark Szydlowski", "CommunityID": 3, "EatingHabits": "Balanced diet" }, "geometry": { "type": "Point", "coordinates": [ -96.321741820499994, 30.5730034758 ] } },
{ "type": "Feature", "properties": { "FID": 591, "ID": 592, "Longitude": -96.278606508099998, "Latitude": 30.613916305899998, "Name": "Sophey Peeke-Vout", "Gender": "Female", "Age": 18, "Race": "Tlingit-Haida", "Occupation": "Data Coordinator", "Address": "2 Messerschmidt Circle", "Email": "oredshawgf@marriott.com", "Phone": "122-702-8242", "Income": 167109.25, "Insurance": "NO", "CEOfficers": "Vincent Rosas", "CommunityID": 5, "EatingHabits": "High-sugar diet" }, "geometry": { "type": "Point", "coordinates": [ -96.278606508099998, 30.613916305899998 ] } },
{ "type": "Feature", "properties": { "FID": 592, "ID": 593, "Longitude": -96.327696963600005, "Latitude": 30.574349682000001, "Name": "Rabi Baudinelli", "Gender": "Male", "Age": 39, "Race": "Chinese", "Occupation": "Programmer Analyst I", "Address": "18462 Grim Drive", "Email": "nwindsorgg@ycombinator.com", "Phone": "960-140-9106", "Income": 40174.65, "Insurance": "YES", "CEOfficers": "Mark Szydlowski", "CommunityID": 3, "EatingHabits": "Low-sugar diet" }, "geometry": { "type": "Point", "coordinates": [ -96.327696963600005, 30.574349682 ] } },
{ "type": "Feature", "properties": { "FID": 593, "ID": 594, "Longitude": -96.281939422099995, "Latitude": 30.538221479800001, "Name": "Evania Anfonsi", "Gender": "Male", "Age": 43, "Race": "Bolivian", "Occupation": "Desktop Support Technician", "Address": "5834 Rowland Road", "Email": "gwindergh@bing.com", "Phone": "588-146-0630", "Income": 79419.39, "Insurance": "NO", "CEOfficers": "James Johnson", "CommunityID": 4, "EatingHabits": "Balanced diet" }, "geometry": { "type": "Point", "coordinates": [ -96.281939422099995, 30.538221479800001 ] } },
{ "type": "Feature", "properties": { "FID": 594, "ID": 595, "Longitude": -96.360381462299998, "Latitude": 30.589788791699998, "Name": "April Malter", "Gender": "Female", "Age": 52, "Race": "Shoshone", "Occupation": "Research Nurse", "Address": "8788 Maryland Road", "Email": "chasardgi@nbcnews.com", "Phone": "864-694-9751", "Income": 57135.6, "Insurance": "YES", "CEOfficers": "TAMU", "CommunityID": 99, "EatingHabits": "High-sugar diet" }, "geometry": { "type": "Point", "coordinates": [ -96.360381462299998, 30.589788791699998 ] } },
{ "type": "Feature", "properties": { "FID": 595, "ID": 596, "Longitude": -96.304943768300006, "Latitude": 30.548436537200001, "Name": "Sybyl McGowan", "Gender": "Female", "Age": 70, "Race": "Filipino", "Occupation": "Account Executive", "Address": "811 Morrow Lane", "Email": "chalewoodgj@live.com", "Phone": "131-708-6237", "Income": 171947.56, "Insurance": "NO", "CEOfficers": "Francesca Spell", "CommunityID": 2, "EatingHabits": "Low-sugar diet" }, "geometry": { "type": "Point", "coordinates": [ -96.304943768300006, 30.548436537200001 ] } },
{ "type": "Feature", "properties": { "FID": 596, "ID": 597, "Longitude": -96.338500774500005, "Latitude": 30.562371757499999, "Name": "Fons Hamshere", "Gender": "Female", "Age": 52, "Race": "Apache", "Occupation": "Financial Advisor", "Address": "41353 Butterfield Pass", "Email": "kironsgk@google.pl", "Phone": "866-676-0098", "Income": 198587.61, "Insurance": "YES", "CEOfficers": "Mark Szydlowski", "CommunityID": 3, "EatingHabits": "Balanced diet" }, "geometry": { "type": "Point", "coordinates": [ -96.338500774500005, 30.562371757499999 ] } },
{ "type": "Feature", "properties": { "FID": 597, "ID": 598, "Longitude": -96.281561085299998, "Latitude": 30.5662087097, "Name": "Kenneth Domsalla", "Gender": "Female", "Age": 48, "Race": "Fijian", "Occupation": "Dental Hygienist", "Address": "90 Katie Park", "Email": "ttinegl@twitter.com", "Phone": "691-411-9457", "Income": 38626.44, "Insurance": "NO", "CEOfficers": "James Johnson", "CommunityID": 4, "EatingHabits": "High-sugar diet" }, "geometry": { "type": "Point", "coordinates": [ -96.281561085299998, 30.5662087097 ] } },
{ "type": "Feature", "properties": { "FID": 598, "ID": 599, "Longitude": -96.287710900899995, "Latitude": 30.6222091136, "Name": "Abbe Retallack", "Gender": "Agender", "Age": 57, "Race": "Chickasaw", "Occupation": "Administrative Assistant I", "Address": "0578 Main Parkway", "Email": "wfullerdgm@webmd.com", "Phone": "657-709-4399", "Income": 191011.83, "Insurance": "YES", "CEOfficers": "Vincent Rosas", "CommunityID": 5, "EatingHabits": "Low-sugar diet" }, "geometry": { "type": "Point", "coordinates": [ -96.287710900899995, 30.6222091136 ] } },
{ "type": "Feature", "properties": { "FID": 599, "ID": 600, "Longitude": -96.325744022400002, "Latitude": 30.5920184796, "Name": "Katie Petersen", "Gender": "Male", "Age": 56, "Race": "Cambodian", "Occupation": "Environmental Specialist", "Address": "09155 Lunder Crossing", "Email": "tsummerillgn@flavors.me", "Phone": "943-872-5698", "Income": 152497.72, "Insurance": "NO", "CEOfficers": "Adrienne Bishop", "CommunityID": 1, "EatingHabits": "Balanced diet" }, "geometry": { "type": "Point", "coordinates": [ -96.325744022400002, 30.5920184796 ] } },
{ "type": "Feature", "properties": { "FID": 600, "ID": 601, "Longitude": -96.273365823399999, "Latitude": 30.536721310099999, "Name": "Niles Lambard", "Gender": "Female", "Age": 73, "Race": "Bangladeshi", "Occupation": "Nuclear Power Engineer", "Address": "94496 Oakridge Avenue", "Email": "igroucockgo@alexa.com", "Phone": "175-453-1303", "Income": 95405.95, "Insurance": "YES", "CEOfficers": "James Johnson", "CommunityID": 4, "EatingHabits": "High-sugar diet" }, "geometry": { "type": "Point", "coordinates": [ -96.273365823399999, 30.536721310099999 ] } },
{ "type": "Feature", "properties": { "FID": 601, "ID": 602, "Longitude": -96.358555631300007, "Latitude": 30.575469697199999, "Name": "Griffith Copeman", "Gender": "Male", "Age": 32, "Race": "Shoshone", "Occupation": "Help Desk Operator", "Address": "65 Sycamore Terrace", "Email": "emerrigangp@narod.ru", "Phone": "806-817-2923", "Income": 14324.87, "Insurance": "NO", "CEOfficers": "TAMU", "CommunityID": 99, "EatingHabits": "Low-sugar diet" }, "geometry": { "type": "Point", "coordinates": [ -96.358555631300007, 30.575469697199999 ] } },
{ "type": "Feature", "properties": { "FID": 602, "ID": 603, "Longitude": -96.375455489399997, "Latitude": 30.589039042900001, "Name": "Agosto Wordley", "Gender": "Female", "Age": 50, "Race": "Samoan", "Occupation": "VP Accounting", "Address": "82390 Summer Ridge Pass", "Email": "jlepruvostgq@weather.com", "Phone": "319-448-1384", "Income": 15421.57, "Insurance": "YES", "CEOfficers": "TAMU", "CommunityID": 99, "EatingHabits": "Balanced diet" }, "geometry": { "type": "Point", "coordinates": [ -96.375455489399997, 30.589039042900001 ] } },
{ "type": "Feature", "properties": { "FID": 603, "ID": 604, "Longitude": -96.236776945700001, "Latitude": 30.582838206400002, "Name": "Magnum Fetters", "Gender": "Male", "Age": 62, "Race": "Creek", "Occupation": "Recruiter", "Address": "282 Texas Pass", "Email": "lkealygr@cbc.ca", "Phone": "795-735-6826", "Income": 125001.4, "Insurance": "NO", "CEOfficers": "Vincent Rosas", "CommunityID": 5, "EatingHabits": "High-sugar diet" }, "geometry": { "type": "Point", "coordinates": [ -96.236776945700001, 30.582838206400002 ] } },
{ "type": "Feature", "properties": { "FID": 604, "ID": 605, "Longitude": -96.34846717000001, "Latitude": 30.611044427900001, "Name": "Marja Amery", "Gender": "Female", "Age": 39, "Race": "Paraguayan", "Occupation": "Research Associate", "Address": "478 Comanche Court", "Email": "abeeseygs@google.ru", "Phone": "448-570-9802", "Income": 20642.5, "Insurance": "YES", "CEOfficers": "TAMU", "CommunityID": 99, "EatingHabits": "Low-sugar diet" }, "geometry": { "type": "Point", "coordinates": [ -96.34846717, 30.611044427900001 ] } },
{ "type": "Feature", "properties": { "FID": 605, "ID": 606, "Longitude": -96.373667808299999, "Latitude": 30.560356729199999, "Name": "Murdoch Bern", "Gender": "Female", "Age": 58, "Race": "Crow", "Occupation": "Statistician II", "Address": "7470 Bayside Park", "Email": "mhaggartgt@desdev.cn", "Phone": "946-705-1409", "Income": 64872.31, "Insurance": "NO", "CEOfficers": "TAMU", "CommunityID": 99, "EatingHabits": "Balanced diet" }, "geometry": { "type": "Point", "coordinates": [ -96.373667808299999, 30.560356729199999 ] } },
{ "type": "Feature", "properties": { "FID": 606, "ID": 607, "Longitude": -96.318526540899995, "Latitude": 30.630055597599998, "Name": "Zorina Bargh", "Gender": "Male", "Age": 37, "Race": "Yakama", "Occupation": "Compensation Analyst", "Address": "43363 Declaration Center", "Email": "wsmidmorgu@goo.gl", "Phone": "223-496-4147", "Income": 43332.38, "Insurance": "YES", "CEOfficers": "Vincent Rosas", "CommunityID": 5, "EatingHabits": "High-sugar diet" }, "geometry": { "type": "Point", "coordinates": [ -96.318526540899995, 30.630055597599998 ] } },
{ "type": "Feature", "properties": { "FID": 607, "ID": 608, "Longitude": -96.208989333299996, "Latitude": 30.543626267400001, "Name": "Cynthia Baden", "Gender": "Male", "Age": 37, "Race": "Puerto Rican", "Occupation": "Software Engineer IV", "Address": "13 Sundown Avenue", "Email": "ncardogv@wikia.com", "Phone": "364-279-1458", "Income": 186450.53, "Insurance": "NO", "CEOfficers": "James Johnson", "CommunityID": 4, "EatingHabits": "Low-sugar diet" }, "geometry": { "type": "Point", "coordinates": [ -96.208989333299996, 30.543626267400001 ] } },
{ "type": "Feature", "properties": { "FID": 608, "ID": 609, "Longitude": -96.292831569800001, "Latitude": 30.527598033299999, "Name": "Pauletta Jancy", "Gender": "Female", "Age": 74, "Race": "Chamorro", "Occupation": "Health Coach II", "Address": "45753 Brown Way", "Email": "aconkiegw@multiply.com", "Phone": "156-644-2756", "Income": 35527.76, "Insurance": "YES", "CEOfficers": "James Johnson", "CommunityID": 4, "EatingHabits": "Balanced diet" }, "geometry": { "type": "Point", "coordinates": [ -96.292831569800001, 30.527598033299999 ] } },
{ "type": "Feature", "properties": { "FID": 609, "ID": 610, "Longitude": -96.301344523400005, "Latitude": 30.590786429400001, "Name": "Penn Ferryman", "Gender": "Genderfluid", "Age": 41, "Race": "Venezuelan", "Occupation": "Account Coordinator", "Address": "210 Oakridge Crossing", "Email": "gjedrysgx@about.com", "Phone": "693-931-1910", "Income": 128967.13, "Insurance": "NO", "CEOfficers": "Mark Szydlowski", "CommunityID": 3, "EatingHabits": "High-sugar diet" }, "geometry": { "type": "Point", "coordinates": [ -96.301344523400005, 30.590786429400001 ] } },
{ "type": "Feature", "properties": { "FID": 610, "ID": 611, "Longitude": -96.312744581299995, "Latitude": 30.590720878599999, "Name": "Philis Stansbury", "Gender": "Male", "Age": 45, "Race": "Thai", "Occupation": "Geologist IV", "Address": "9 Anniversary Road", "Email": "adayntergy@google.co.jp", "Phone": "953-639-0954", "Income": 72423.3, "Insurance": "YES", "CEOfficers": "Mark Szydlowski", "CommunityID": 3, "EatingHabits": "Low-sugar diet" }, "geometry": { "type": "Point", "coordinates": [ -96.312744581299995, 30.590720878599999 ] } },
{ "type": "Feature", "properties": { "FID": 611, "ID": 612, "Longitude": -96.312176343199994, "Latitude": 30.633344427499999, "Name": "Irv Eddy", "Gender": "Female", "Age": 42, "Race": "Bangladeshi", "Occupation": "Geologist II", "Address": "41882 Novick Avenue", "Email": "kmattimoegz@xinhuanet.com", "Phone": "978-423-9667", "Income": 110756.87, "Insurance": "NO", "CEOfficers": "Vincent Rosas", "CommunityID": 5, "EatingHabits": "Balanced diet" }, "geometry": { "type": "Point", "coordinates": [ -96.312176343199994, 30.633344427499999 ] } },
{ "type": "Feature", "properties": { "FID": 612, "ID": 613, "Longitude": -96.281038583699996, "Latitude": 30.594148755399999, "Name": "Albrecht Kelner", "Gender": "Male", "Age": 53, "Race": "Aleut", "Occupation": "VP Sales", "Address": "34504 High Crossing Point", "Email": "dmanterfieldh0@php.net", "Phone": "744-124-7828", "Income": 49668.2, "Insurance": "YES", "CEOfficers": "Vincent Rosas", "CommunityID": 5, "EatingHabits": "High-sugar diet" }, "geometry": { "type": "Point", "coordinates": [ -96.281038583699996, 30.594148755399999 ] } },
{ "type": "Feature", "properties": { "FID": 613, "ID": 614, "Longitude": -96.301641416600006, "Latitude": 30.5663935346, "Name": "Hillary Wragge", "Gender": "Male", "Age": 66, "Race": "Aleut", "Occupation": "Analog Circuit Design manager", "Address": "1 Bartelt Junction", "Email": "aberndtssonh1@histats.com", "Phone": "764-759-9424", "Income": 127565.48, "Insurance": "NO", "CEOfficers": "Mark Szydlowski", "CommunityID": 3, "EatingHabits": "Low-sugar diet" }, "geometry": { "type": "Point", "coordinates": [ -96.301641416600006, 30.5663935346 ] } },
{ "type": "Feature", "properties": { "FID": 614, "ID": 615, "Longitude": -96.225976626199994, "Latitude": 30.576294791700001, "Name": "Kitty Daventry", "Gender": "Female", "Age": 56, "Race": "Paiute", "Occupation": "GIS Technical Architect", "Address": "5562 Oriole Parkway", "Email": "ccanterh2@accuweather.com", "Phone": "577-843-6747", "Income": 179757.08, "Insurance": "YES", "CEOfficers": "James Johnson", "CommunityID": 4, "EatingHabits": "Balanced diet" }, "geometry": { "type": "Point", "coordinates": [ -96.225976626199994, 30.576294791700001 ] } },
{ "type": "Feature", "properties": { "FID": 615, "ID": 616, "Longitude": -96.263832350800001, "Latitude": 30.5449995108, "Name": "Renell Pithie", "Gender": "Male", "Age": 48, "Race": "Indonesian", "Occupation": "Safety Technician III", "Address": "17 Corry Crossing", "Email": "fkordah3@nsw.gov.au", "Phone": "591-745-6208", "Income": 118052.14, "Insurance": "NO", "CEOfficers": "James Johnson", "CommunityID": 4, "EatingHabits": "High-sugar diet" }, "geometry": { "type": "Point", "coordinates": [ -96.263832350800001, 30.5449995108 ] } },
{ "type": "Feature", "properties": { "FID": 616, "ID": 617, "Longitude": -96.261748759100001, "Latitude": 30.562149318, "Name": "Hyacinthe Attew", "Gender": "Female", "Age": 22, "Race": "Venezuelan", "Occupation": "Legal Assistant", "Address": "38 Mccormick Crossing", "Email": "adowberh4@devhub.com", "Phone": "792-683-8525", "Income": 43103.37, "Insurance": "YES", "CEOfficers": "James Johnson", "CommunityID": 4, "EatingHabits": "Low-sugar diet" }, "geometry": { "type": "Point", "coordinates": [ -96.261748759100001, 30.562149318 ] } },
{ "type": "Feature", "properties": { "FID": 617, "ID": 618, "Longitude": -96.23812135, "Latitude": 30.587929984799999, "Name": "Terrance Sawell", "Gender": "Female", "Age": 37, "Race": "Yakama", "Occupation": "Systems Administrator I", "Address": "6574 Ronald Regan Road", "Email": "mtabernerh5@symantec.com", "Phone": "283-444-9140", "Income": 23834.46, "Insurance": "NO", "CEOfficers": "Vincent Rosas", "CommunityID": 5, "EatingHabits": "Balanced diet" }, "geometry": { "type": "Point", "coordinates": [ -96.23812135, 30.587929984799999 ] } },
{ "type": "Feature", "properties": { "FID": 618, "ID": 619, "Longitude": -96.222335752399999, "Latitude": 30.5971281335, "Name": "Glynda Wingham", "Gender": "Female", "Age": 35, "Race": "Black or African American", "Occupation": "Developer IV", "Address": "99702 Rigney Drive", "Email": "mcartnerh6@quantcast.com", "Phone": "755-203-0564", "Income": 149731.97, "Insurance": "YES", "CEOfficers": "Vincent Rosas", "CommunityID": 5, "EatingHabits": "High-sugar diet" }, "geometry": { "type": "Point", "coordinates": [ -96.222335752399999, 30.5971281335 ] } },
{ "type": "Feature", "properties": { "FID": 619, "ID": 620, "Longitude": -96.292695175199995, "Latitude": 30.594259405300001, "Name": "Antonie Sherwood", "Gender": "Genderfluid", "Age": 26, "Race": "Guamanian", "Occupation": "Physical Therapy Assistant", "Address": "7461 Weeping Birch Crossing", "Email": "dsleith7@ihg.com", "Phone": "218-348-9145", "Income": 47211.76, "Insurance": "NO", "CEOfficers": "Vincent Rosas", "CommunityID": 5, "EatingHabits": "Low-sugar diet" }, "geometry": { "type": "Point", "coordinates": [ -96.292695175199995, 30.594259405300001 ] } },
{ "type": "Feature", "properties": { "FID": 620, "ID": 621, "Longitude": -96.270544225500004, "Latitude": 30.6115716469, "Name": "Pren Fenna", "Gender": "Female", "Age": 32, "Race": "Thai", "Occupation": "Registered Nurse", "Address": "1 Michigan Hill", "Email": "lbreamh8@pbs.org", "Phone": "873-616-1379", "Income": 106809.64, "Insurance": "YES", "CEOfficers": "Vincent Rosas", "CommunityID": 5, "EatingHabits": "Balanced diet" }, "geometry": { "type": "Point", "coordinates": [ -96.270544225500004, 30.6115716469 ] } },
{ "type": "Feature", "properties": { "FID": 621, "ID": 622, "Longitude": -96.300445029900004, "Latitude": 30.633778215500001, "Name": "Leese Peplaw", "Gender": "Female", "Age": 73, "Race": "Malaysian", "Occupation": "Environmental Tech", "Address": "29940 Artisan Road", "Email": "gpanswickh9@oracle.com", "Phone": "230-309-9271", "Income": 102091.97, "Insurance": "NO", "CEOfficers": "Vincent Rosas", "CommunityID": 5, "EatingHabits": "High-sugar diet" }, "geometry": { "type": "Point", "coordinates": [ -96.300445029900004, 30.633778215500001 ] } },
{ "type": "Feature", "properties": { "FID": 622, "ID": 623, "Longitude": -96.313989223199997, "Latitude": 30.590462662099998, "Name": "Bobinette Chidlow", "Gender": "Male", "Age": 75, "Race": "Seminole", "Occupation": "Help Desk Technician", "Address": "15 Surrey Place", "Email": "gtoplissha@issuu.com", "Phone": "809-571-0756", "Income": 190152.46, "Insurance": "YES", "CEOfficers": "Mark Szydlowski", "CommunityID": 3, "EatingHabits": "Low-sugar diet" }, "geometry": { "type": "Point", "coordinates": [ -96.313989223199997, 30.590462662099998 ] } },
{ "type": "Feature", "properties": { "FID": 623, "ID": 624, "Longitude": -96.324280223399995, "Latitude": 30.5912992435, "Name": "Stanislaus Henriet", "Gender": "Female", "Age": 79, "Race": "Salvadoran", "Occupation": "Automation Specialist IV", "Address": "77 Hanover Crossing", "Email": "bgrigsbyhb@sfgate.com", "Phone": "447-483-2698", "Income": 96717.89, "Insurance": "NO", "CEOfficers": "Adrienne Bishop", "CommunityID": 1, "EatingHabits": "Balanced diet" }, "geometry": { "type": "Point", "coordinates": [ -96.324280223399995, 30.5912992435 ] } },
{ "type": "Feature", "properties": { "FID": 624, "ID": 625, "Longitude": -96.300829668099993, "Latitude": 30.621790381299999, "Name": "Aylmar Marflitt", "Gender": "Male", "Age": 18, "Race": "Delaware", "Occupation": "Statistician III", "Address": "8 Talmadge Plaza", "Email": "grogerhc@aol.com", "Phone": "836-770-6701", "Income": 174459.1, "Insurance": "YES", "CEOfficers": "Vincent Rosas", "CommunityID": 5, "EatingHabits": "High-sugar diet" }, "geometry": { "type": "Point", "coordinates": [ -96.300829668099993, 30.621790381299999 ] } },
{ "type": "Feature", "properties": { "FID": 625, "ID": 626, "Longitude": -96.2185770185, "Latitude": 30.602079342500002, "Name": "Tallie Berridge", "Gender": "Male", "Age": 62, "Race": "Osage", "Occupation": "Civil Engineer", "Address": "7620 Sloan Court", "Email": "pclamohd@bbb.org", "Phone": "375-256-4123", "Income": 77005.37, "Insurance": "NO", "CEOfficers": "Vincent Rosas", "CommunityID": 5, "EatingHabits": "Low-sugar diet" }, "geometry": { "type": "Point", "coordinates": [ -96.2185770185, 30.602079342500002 ] } },
{ "type": "Feature", "properties": { "FID": 626, "ID": 627, "Longitude": -96.380519473299998, "Latitude": 30.5991128121, "Name": "Jude Antunez", "Gender": "Female", "Age": 46, "Race": "Sri Lankan", "Occupation": "VP Quality Control", "Address": "6 Hauk Crossing", "Email": "tradbandhe@sakura.ne.jp", "Phone": "937-137-1331", "Income": 111377.97, "Insurance": "YES", "CEOfficers": "Francesca Spell", "CommunityID": 2, "EatingHabits": "Balanced diet" }, "geometry": { "type": "Point", "coordinates": [ -96.380519473299998, 30.5991128121 ] } },
{ "type": "Feature", "properties": { "FID": 627, "ID": 628, "Longitude": -96.287925972799997, "Latitude": 30.584792942, "Name": "Kyrstin Frankham", "Gender": "Male", "Age": 40, "Race": "Argentinian", "Occupation": "Payment Adjustment Coordinator", "Address": "1 Katie Center", "Email": "fnoellhf@apple.com", "Phone": "415-894-2928", "Income": 174727.12, "Insurance": "NO", "CEOfficers": "Mark Szydlowski", "CommunityID": 3, "EatingHabits": "High-sugar diet" }, "geometry": { "type": "Point", "coordinates": [ -96.287925972799997, 30.584792942 ] } },
{ "type": "Feature", "properties": { "FID": 628, "ID": 629, "Longitude": -96.296380402799997, "Latitude": 30.557023211899999, "Name": "Welbie Lovitt", "Gender": "Male", "Age": 78, "Race": "Hmong", "Occupation": "Administrative Assistant I", "Address": "73 Derek Plaza", "Email": "osnowdinghg@home.pl", "Phone": "631-210-6537", "Income": 106954.33, "Insurance": "YES", "CEOfficers": "James Johnson", "CommunityID": 4, "EatingHabits": "Low-sugar diet" }, "geometry": { "type": "Point", "coordinates": [ -96.296380402799997, 30.557023211899999 ] } },
{ "type": "Feature", "properties": { "FID": 629, "ID": 630, "Longitude": -96.301643396000003, "Latitude": 30.546423083000001, "Name": "Iris Eastgate", "Gender": "Female", "Age": 38, "Race": "Eskimo", "Occupation": "Media Manager I", "Address": "05 Park Meadow Road", "Email": "jblancehh@vistaprint.com", "Phone": "411-135-1758", "Income": 24750.58, "Insurance": "NO", "CEOfficers": "Francesca Spell", "CommunityID": 2, "EatingHabits": "Balanced diet" }, "geometry": { "type": "Point", "coordinates": [ -96.301643396, 30.546423083 ] } },
{ "type": "Feature", "properties": { "FID": 630, "ID": 631, "Longitude": -96.310839824799999, "Latitude": 30.597996445, "Name": "Pepi Torfin", "Gender": "Male", "Age": 46, "Race": "Osage", "Occupation": "Tax Accountant", "Address": "3 Porter Terrace", "Email": "hewencehi@bing.com", "Phone": "947-863-6809", "Income": 29739.37, "Insurance": "YES", "CEOfficers": "Mark Szydlowski", "CommunityID": 3, "EatingHabits": "High-sugar diet" }, "geometry": { "type": "Point", "coordinates": [ -96.310839824799999, 30.597996445 ] } },
{ "type": "Feature", "properties": { "FID": 631, "ID": 632, "Longitude": -96.336436477500001, "Latitude": 30.597923417200001, "Name": "Davie Elkin", "Gender": "Female", "Age": 49, "Race": "Polynesian", "Occupation": "Analyst Programmer", "Address": "29 Kinsman Road", "Email": "ckynderhj@princeton.edu", "Phone": "537-803-9123", "Income": 89204.18, "Insurance": "NO", "CEOfficers": "Adrienne Bishop", "CommunityID": 1, "EatingHabits": "Low-sugar diet" }, "geometry": { "type": "Point", "coordinates": [ -96.336436477500001, 30.597923417200001 ] } },
{ "type": "Feature", "properties": { "FID": 632, "ID": 633, "Longitude": -96.303186715500004, "Latitude": 30.619108926500001, "Name": "Em Rawstorn", "Gender": "Female", "Age": 56, "Race": "Tongan", "Occupation": "Budget\/Accounting Analyst II", "Address": "498 Corry Alley", "Email": "bloftinhk@edublogs.org", "Phone": "134-732-8274", "Income": 168052.67, "Insurance": "YES", "CEOfficers": "Vincent Rosas", "CommunityID": 5, "EatingHabits": "Balanced diet" }, "geometry": { "type": "Point", "coordinates": [ -96.303186715500004, 30.619108926500001 ] } },
{ "type": "Feature", "properties": { "FID": 633, "ID": 634, "Longitude": -96.280390812099995, "Latitude": 30.586087232600001, "Name": "Gearalt Utley", "Gender": "Female", "Age": 64, "Race": "Paiute", "Occupation": "Database Administrator I", "Address": "1 Corry Circle", "Email": "droubayhl@fotki.com", "Phone": "336-456-5628", "Income": 114955.81, "Insurance": "NO", "CEOfficers": "Vincent Rosas", "CommunityID": 5, "EatingHabits": "High-sugar diet" }, "geometry": { "type": "Point", "coordinates": [ -96.280390812099995, 30.586087232600001 ] } },
{ "type": "Feature", "properties": { "FID": 634, "ID": 635, "Longitude": -96.297036750700002, "Latitude": 30.538110722199999, "Name": "Sherlock Gammidge", "Gender": "Male", "Age": 60, "Race": "Costa Rican", "Occupation": "Nurse", "Address": "38895 Bowman Court", "Email": "rfaberhm@free.fr", "Phone": "786-870-8266", "Income": 135897.8, "Insurance": "YES", "CEOfficers": "Francesca Spell", "CommunityID": 2, "EatingHabits": "Low-sugar diet" }, "geometry": { "type": "Point", "coordinates": [ -96.297036750700002, 30.538110722199999 ] } },
{ "type": "Feature", "properties": { "FID": 635, "ID": 636, "Longitude": -96.310211623699999, "Latitude": 30.607783480799998, "Name": "Dora Wyllcocks", "Gender": "Male", "Age": 18, "Race": "American Indian", "Occupation": "Nuclear Power Engineer", "Address": "9 Cascade Crossing", "Email": "ddimeohn@bloglovin.com", "Phone": "777-153-3401", "Income": 25881.89, "Insurance": "NO", "CEOfficers": "Mark Szydlowski", "CommunityID": 3, "EatingHabits": "Balanced diet" }, "geometry": { "type": "Point", "coordinates": [ -96.310211623699999, 30.607783480799998 ] } },
{ "type": "Feature", "properties": { "FID": 636, "ID": 637, "Longitude": -96.304894097000002, "Latitude": 30.6429829253, "Name": "Ophelie Comar", "Gender": "Female", "Age": 43, "Race": "Puerto Rican", "Occupation": "Marketing Manager", "Address": "598 Eastlawn Road", "Email": "fadelsbergho@quantcast.com", "Phone": "290-750-7199", "Income": 157560.1, "Insurance": "YES", "CEOfficers": "Vincent Rosas", "CommunityID": 5, "EatingHabits": "High-sugar diet" }, "geometry": { "type": "Point", "coordinates": [ -96.304894097, 30.6429829253 ] } },
{ "type": "Feature", "properties": { "FID": 637, "ID": 638, "Longitude": -96.285000220399994, "Latitude": 30.614528735899999, "Name": "Dyana Hawley", "Gender": "Male", "Age": 29, "Race": "Uruguayan", "Occupation": "Desktop Support Technician", "Address": "70 Graceland Way", "Email": "wbettehp@people.com.cn", "Phone": "748-159-8357", "Income": 58459.02, "Insurance": "NO", "CEOfficers": "Vincent Rosas", "CommunityID": 5, "EatingHabits": "Low-sugar diet" }, "geometry": { "type": "Point", "coordinates": [ -96.285000220399994, 30.614528735899999 ] } },
{ "type": "Feature", "properties": { "FID": 638, "ID": 639, "Longitude": -96.264548431099996, "Latitude": 30.547044351, "Name": "Abbe Feeham", "Gender": "Bigender", "Age": 33, "Race": "Choctaw", "Occupation": "Assistant Media Planner", "Address": "615 Burrows Way", "Email": "gswornhq@cnbc.com", "Phone": "948-994-8612", "Income": 107977.71, "Insurance": "YES", "CEOfficers": "James Johnson", "CommunityID": 4, "EatingHabits": "Balanced diet" }, "geometry": { "type": "Point", "coordinates": [ -96.264548431099996, 30.547044351 ] } },
{ "type": "Feature", "properties": { "FID": 639, "ID": 640, "Longitude": -96.303081015499998, "Latitude": 30.639693037000001, "Name": "Antons Lawerence", "Gender": "Female", "Age": 47, "Race": "Mexican", "Occupation": "Biostatistician I", "Address": "0554 Pond Alley", "Email": "mwiggingtonhr@wsj.com", "Phone": "785-309-9932", "Income": 81690.18, "Insurance": "NO", "CEOfficers": "Vincent Rosas", "CommunityID": 5, "EatingHabits": "High-sugar diet" }, "geometry": { "type": "Point", "coordinates": [ -96.303081015499998, 30.639693037 ] } },
{ "type": "Feature", "properties": { "FID": 640, "ID": 641, "Longitude": -96.329331246300001, "Latitude": 30.5609492729, "Name": "Wayne Larmour", "Gender": "Male", "Age": 27, "Race": "Pakistani", "Occupation": "Desktop Support Technician", "Address": "92 Northwestern Court", "Email": "pmacanellyehs@virginia.edu", "Phone": "950-400-3778", "Income": 101891.61, "Insurance": "YES", "CEOfficers": "Mark Szydlowski", "CommunityID": 3, "EatingHabits": "Low-sugar diet" }, "geometry": { "type": "Point", "coordinates": [ -96.329331246300001, 30.5609492729 ] } },
{ "type": "Feature", "properties": { "FID": 641, "ID": 642, "Longitude": -96.333271636899994, "Latitude": 30.609846618300001, "Name": "Pennie Dederich", "Gender": "Non-binary", "Age": 70, "Race": "American Indian", "Occupation": "Account Representative II", "Address": "358 Redwing Park", "Email": "mjiroudekht@wikimedia.org", "Phone": "891-350-2483", "Income": 69917.75, "Insurance": "NO", "CEOfficers": "Adrienne Bishop", "CommunityID": 1, "EatingHabits": "Balanced diet" }, "geometry": { "type": "Point", "coordinates": [ -96.333271636899994, 30.609846618300001 ] } },
{ "type": "Feature", "properties": { "FID": 642, "ID": 643, "Longitude": -96.277832917300003, "Latitude": 30.569009103700001, "Name": "Renell MacEvilly", "Gender": "Polygender", "Age": 64, "Race": "Bolivian", "Occupation": "Design Engineer", "Address": "2090 Hansons Drive", "Email": "ayglesiahu@joomla.org", "Phone": "228-896-1364", "Income": 61423.7, "Insurance": "YES", "CEOfficers": "James Johnson", "CommunityID": 4, "EatingHabits": "High-sugar diet" }, "geometry": { "type": "Point", "coordinates": [ -96.277832917300003, 30.569009103700001 ] } },
{ "type": "Feature", "properties": { "FID": 643, "ID": 644, "Longitude": -96.235501060399997, "Latitude": 30.579075155999998, "Name": "Jennine Andrat", "Gender": "Female", "Age": 47, "Race": "Navajo", "Occupation": "Compensation Analyst", "Address": "6706 Fuller Pass", "Email": "lsarlehv@nifty.com", "Phone": "209-693-0916", "Income": 139793.12, "Insurance": "NO", "CEOfficers": "Vincent Rosas", "CommunityID": 5, "EatingHabits": "Low-sugar diet" }, "geometry": { "type": "Point", "coordinates": [ -96.235501060399997, 30.579075156 ] } },
{ "type": "Feature", "properties": { "FID": 644, "ID": 645, "Longitude": -96.354127258299997, "Latitude": 30.611620842099999, "Name": "Jamill Ewbank", "Gender": "Female", "Age": 50, "Race": "Argentinian", "Occupation": "Data Coordinator", "Address": "60454 Vera Court", "Email": "gcluffhw@shinystat.com", "Phone": "325-227-3589", "Income": 196750.86, "Insurance": "YES", "CEOfficers": "TAMU", "CommunityID": 99, "EatingHabits": "Balanced diet" }, "geometry": { "type": "Point", "coordinates": [ -96.354127258299997, 30.611620842099999 ] } },
{ "type": "Feature", "properties": { "FID": 645, "ID": 646, "Longitude": -96.355238582300004, "Latitude": 30.574016094099999, "Name": "Elisa Grunder", "Gender": "Bigender", "Age": 36, "Race": "Uruguayan", "Occupation": "Internal Auditor", "Address": "94 Transport Street", "Email": "miannettihx@berkeley.edu", "Phone": "505-298-1275", "Income": 195117.4, "Insurance": "NO", "CEOfficers": "TAMU", "CommunityID": 99, "EatingHabits": "High-sugar diet" }, "geometry": { "type": "Point", "coordinates": [ -96.355238582300004, 30.574016094099999 ] } },
{ "type": "Feature", "properties": { "FID": 646, "ID": 647, "Longitude": -96.345669130100006, "Latitude": 30.6029846138, "Name": "Rodolphe Brereton", "Gender": "Male", "Age": 44, "Race": "Delaware", "Occupation": "Physical Therapy Assistant", "Address": "40 Sunnyside Alley", "Email": "ppienshy@ucsd.edu", "Phone": "455-911-3557", "Income": 36667.0, "Insurance": "YES", "CEOfficers": "TAMU", "CommunityID": 99, "EatingHabits": "Low-sugar diet" }, "geometry": { "type": "Point", "coordinates": [ -96.345669130100006, 30.6029846138 ] } },
{ "type": "Feature", "properties": { "FID": 647, "ID": 648, "Longitude": -96.362330885199995, "Latitude": 30.619907811600001, "Name": "Sallyanne Lere", "Gender": "Agender", "Age": 45, "Race": "Venezuelan", "Occupation": "Payment Adjustment Coordinator", "Address": "8709 Graceland Point", "Email": "lheisterhz@networksolutions.com", "Phone": "561-607-0145", "Income": 154242.18, "Insurance": "NO", "CEOfficers": "TAMU", "CommunityID": 99, "EatingHabits": "Balanced diet" }, "geometry": { "type": "Point", "coordinates": [ -96.362330885199995, 30.619907811600001 ] } },
{ "type": "Feature", "properties": { "FID": 648, "ID": 649, "Longitude": -96.266522285099995, "Latitude": 30.5639171232, "Name": "Janene Rodda", "Gender": "Polygender", "Age": 65, "Race": "Aleut", "Occupation": "Assistant Media Planner", "Address": "02141 Mesta Place", "Email": "dpelosi0@canalblog.com", "Phone": "204-477-8036", "Income": 37628.77, "Insurance": "YES", "CEOfficers": "James Johnson", "CommunityID": 4, "EatingHabits": "High-sugar diet" }, "geometry": { "type": "Point", "coordinates": [ -96.266522285099995, 30.5639171232 ] } },
{ "type": "Feature", "properties": { "FID": 649, "ID": 650, "Longitude": -96.3812320941, "Latitude": 30.588055191399999, "Name": "Ciro Camosso", "Gender": "Male", "Age": 36, "Race": "Fijian", "Occupation": "Senior Sales Associate", "Address": "69117 Vidon Drive", "Email": "dgilleoni1@stanford.edu", "Phone": "297-903-4849", "Income": 97731.43, "Insurance": "NO", "CEOfficers": "TAMU", "CommunityID": 99, "EatingHabits": "Low-sugar diet" }, "geometry": { "type": "Point", "coordinates": [ -96.3812320941, 30.588055191399999 ] } },
{ "type": "Feature", "properties": { "FID": 650, "ID": 651, "Longitude": -96.290925151400003, "Latitude": 30.617918041900001, "Name": "Alwin Moreing", "Gender": "Male", "Age": 58, "Race": "Crow", "Occupation": "Paralegal", "Address": "3340 Brentwood Crossing", "Email": "aokeyi2@cisco.com", "Phone": "256-352-2923", "Income": 48706.28, "Insurance": "YES", "CEOfficers": "Vincent Rosas", "CommunityID": 5, "EatingHabits": "Balanced diet" }, "geometry": { "type": "Point", "coordinates": [ -96.290925151400003, 30.617918041900001 ] } },
{ "type": "Feature", "properties": { "FID": 651, "ID": 652, "Longitude": -96.349987164599995, "Latitude": 30.587430323500001, "Name": "Elmer Dalglish", "Gender": "Male", "Age": 36, "Race": "Taiwanese", "Occupation": "Technical Writer", "Address": "75013 Mccormick Center", "Email": "gnazeri3@businessweek.com", "Phone": "961-448-6042", "Income": 87025.4, "Insurance": "NO", "CEOfficers": "TAMU", "CommunityID": 99, "EatingHabits": "High-sugar diet" }, "geometry": { "type": "Point", "coordinates": [ -96.349987164599995, 30.587430323500001 ] } },
{ "type": "Feature", "properties": { "FID": 652, "ID": 653, "Longitude": -96.344661920700005, "Latitude": 30.601229570499999, "Name": "Hilary Kimbell", "Gender": "Female", "Age": 30, "Race": "Japanese", "Occupation": "Computer Systems Analyst I", "Address": "67 Southridge Lane", "Email": "bkiezleri4@cargocollective.com", "Phone": "806-832-1858", "Income": 150106.96, "Insurance": "YES", "CEOfficers": "TAMU", "CommunityID": 99, "EatingHabits": "Low-sugar diet" }, "geometry": { "type": "Point", "coordinates": [ -96.344661920700005, 30.601229570499999 ] } },
{ "type": "Feature", "properties": { "FID": 653, "ID": 654, "Longitude": -96.276365787800003, "Latitude": 30.6016438734, "Name": "Gracie Lippard", "Gender": "Female", "Age": 34, "Race": "Chilean", "Occupation": "Account Executive", "Address": "669 Lake View Circle", "Email": "rwindlei5@umn.edu", "Phone": "307-634-0336", "Income": 135598.01, "Insurance": "NO", "CEOfficers": "Vincent Rosas", "CommunityID": 5, "EatingHabits": "Balanced diet" }, "geometry": { "type": "Point", "coordinates": [ -96.276365787800003, 30.6016438734 ] } },
{ "type": "Feature", "properties": { "FID": 654, "ID": 655, "Longitude": -96.260942448999998, "Latitude": 30.586382647600001, "Name": "Fidelia Vivian", "Gender": "Female", "Age": 28, "Race": "Panamanian", "Occupation": "Biostatistician I", "Address": "05504 Village Green Hill", "Email": "ldargiei6@indiatimes.com", "Phone": "534-701-2398", "Income": 143434.55, "Insurance": "YES", "CEOfficers": "Vincent Rosas", "CommunityID": 5, "EatingHabits": "High-sugar diet" }, "geometry": { "type": "Point", "coordinates": [ -96.260942449, 30.586382647600001 ] } },
{ "type": "Feature", "properties": { "FID": 655, "ID": 656, "Longitude": -96.289970640299998, "Latitude": 30.575396752, "Name": "Maegan Custy", "Gender": "Genderfluid", "Age": 38, "Race": "Potawatomi", "Occupation": "Product Engineer", "Address": "284 Village Green Junction", "Email": "pjandoureki7@constantcontact.com", "Phone": "118-110-6793", "Income": 22365.63, "Insurance": "NO", "CEOfficers": "Mark Szydlowski", "CommunityID": 3, "EatingHabits": "Low-sugar diet" }, "geometry": { "type": "Point", "coordinates": [ -96.289970640299998, 30.575396752 ] } },
{ "type": "Feature", "properties": { "FID": 656, "ID": 657, "Longitude": -96.248649703300003, "Latitude": 30.590550692000001, "Name": "Orsola Northbridge", "Gender": "Female", "Age": 66, "Race": "Tongan", "Occupation": "Professor", "Address": "74 Havey Place", "Email": "khani8@blog.com", "Phone": "567-644-3286", "Income": 119827.32, "Insurance": "YES", "CEOfficers": "Vincent Rosas", "CommunityID": 5, "EatingHabits": "Balanced diet" }, "geometry": { "type": "Point", "coordinates": [ -96.248649703300003, 30.590550692 ] } },
{ "type": "Feature", "properties": { "FID": 657, "ID": 658, "Longitude": -96.210915909500002, "Latitude": 30.548544051899999, "Name": "Anselm Harron", "Gender": "Female", "Age": 35, "Race": "Guamanian", "Occupation": "Legal Assistant", "Address": "440 Novick Road", "Email": "mbidgodi9@uol.com.br", "Phone": "426-268-1754", "Income": 187894.48, "Insurance": "NO", "CEOfficers": "James Johnson", "CommunityID": 4, "EatingHabits": "High-sugar diet" }, "geometry": { "type": "Point", "coordinates": [ -96.210915909500002, 30.548544051899999 ] } },
{ "type": "Feature", "properties": { "FID": 658, "ID": 659, "Longitude": -96.325421873300002, "Latitude": 30.617733725499999, "Name": "Melisandra Cutten", "Gender": "Female", "Age": 25, "Race": "Houma", "Occupation": "Human Resources Manager", "Address": "6760 Oak Plaza", "Email": "phalksworthia@sun.com", "Phone": "734-893-9430", "Income": 130114.35, "Insurance": "YES", "CEOfficers": "TAMU", "CommunityID": 99, "EatingHabits": "Low-sugar diet" }, "geometry": { "type": "Point", "coordinates": [ -96.325421873300002, 30.617733725499999 ] } },
{ "type": "Feature", "properties": { "FID": 659, "ID": 660, "Longitude": -96.346588675000007, "Latitude": 30.614559636100001, "Name": "Tobe Cruikshanks", "Gender": "Genderfluid", "Age": 54, "Race": "Thai", "Occupation": "Graphic Designer", "Address": "4 Surrey Crossing", "Email": "oelleringtonib@ocn.ne.jp", "Phone": "760-937-9179", "Income": 41036.76, "Insurance": "NO", "CEOfficers": "TAMU", "CommunityID": 99, "EatingHabits": "Balanced diet" }, "geometry": { "type": "Point", "coordinates": [ -96.346588675, 30.614559636100001 ] } },
{ "type": "Feature", "properties": { "FID": 660, "ID": 661, "Longitude": -96.347757234200003, "Latitude": 30.5890638829, "Name": "Cob Travis", "Gender": "Female", "Age": 76, "Race": "Polynesian", "Occupation": "Human Resources Manager", "Address": "1 Commercial Trail", "Email": "ibadgeric@histats.com", "Phone": "927-933-0218", "Income": 168242.09, "Insurance": "YES", "CEOfficers": "TAMU", "CommunityID": 99, "EatingHabits": "High-sugar diet" }, "geometry": { "type": "Point", "coordinates": [ -96.347757234200003, 30.5890638829 ] } },
{ "type": "Feature", "properties": { "FID": 661, "ID": 662, "Longitude": -96.253041760100004, "Latitude": 30.591808967199999, "Name": "Gerrilee McGreil", "Gender": "Male", "Age": 19, "Race": "Creek", "Occupation": "Civil Engineer", "Address": "70181 Lighthouse Bay Junction", "Email": "jodulchontaid@opensource.org", "Phone": "749-152-6930", "Income": 194433.57, "Insurance": "NO", "CEOfficers": "Vincent Rosas", "CommunityID": 5, "EatingHabits": "Low-sugar diet" }, "geometry": { "type": "Point", "coordinates": [ -96.253041760100004, 30.591808967199999 ] } },
{ "type": "Feature", "properties": { "FID": 662, "ID": 663, "Longitude": -96.212207861799996, "Latitude": 30.563054338600001, "Name": "Gian Sowden", "Gender": "Female", "Age": 21, "Race": "Pima", "Occupation": "Computer Systems Analyst III", "Address": "751 Novick Street", "Email": "cnettiie@nhs.uk", "Phone": "287-401-2652", "Income": 78576.66, "Insurance": "YES", "CEOfficers": "James Johnson", "CommunityID": 4, "EatingHabits": "Balanced diet" }, "geometry": { "type": "Point", "coordinates": [ -96.212207861799996, 30.563054338600001 ] } },
{ "type": "Feature", "properties": { "FID": 663, "ID": 664, "Longitude": -96.289383214599994, "Latitude": 30.579794161799999, "Name": "Randy Moorwood", "Gender": "Male", "Age": 30, "Race": "Blackfeet", "Occupation": "Health Coach III", "Address": "1 Kedzie Circle", "Email": "hcricketif@cam.ac.uk", "Phone": "250-839-2095", "Income": 66419.08, "Insurance": "NO", "CEOfficers": "Mark Szydlowski", "CommunityID": 3, "EatingHabits": "High-sugar diet" }, "geometry": { "type": "Point", "coordinates": [ -96.289383214599994, 30.579794161799999 ] } },
{ "type": "Feature", "properties": { "FID": 664, "ID": 665, "Longitude": -96.259324263099998, "Latitude": 30.5801261515, "Name": "Cami Somner", "Gender": "Female", "Age": 50, "Race": "Chamorro", "Occupation": "Legal Assistant", "Address": "268 Service Center", "Email": "kellawayig@bluehost.com", "Phone": "974-456-2544", "Income": 93472.18, "Insurance": "YES", "CEOfficers": "James Johnson", "CommunityID": 4, "EatingHabits": "Low-sugar diet" }, "geometry": { "type": "Point", "coordinates": [ -96.259324263099998, 30.5801261515 ] } },
{ "type": "Feature", "properties": { "FID": 665, "ID": 666, "Longitude": -96.328572035999997, "Latitude": 30.5648178681, "Name": "Olia Wyke", "Gender": "Female", "Age": 22, "Race": "Asian Indian", "Occupation": "Data Coordinator", "Address": "03891 Rusk Parkway", "Email": "lavisonih@4shared.com", "Phone": "900-981-1557", "Income": 128902.05, "Insurance": "NO", "CEOfficers": "Mark Szydlowski", "CommunityID": 3, "EatingHabits": "Balanced diet" }, "geometry": { "type": "Point", "coordinates": [ -96.328572036, 30.5648178681 ] } },
{ "type": "Feature", "properties": { "FID": 666, "ID": 667, "Longitude": -96.378603469799998, "Latitude": 30.596411142800001, "Name": "Florian Leith-Harvey", "Gender": "Male", "Age": 28, "Race": "Menominee", "Occupation": "Legal Assistant", "Address": "2 Maple Wood Junction", "Email": "iseabrookii@pagesperso-orange.fr", "Phone": "915-706-7883", "Income": 174635.96, "Insurance": "YES", "CEOfficers": "Francesca Spell", "CommunityID": 2, "EatingHabits": "High-sugar diet" }, "geometry": { "type": "Point", "coordinates": [ -96.378603469799998, 30.596411142800001 ] } },
{ "type": "Feature", "properties": { "FID": 667, "ID": 668, "Longitude": -96.311643547299994, "Latitude": 30.605908133, "Name": "Mata Alkin", "Gender": "Female", "Age": 48, "Race": "Chinese", "Occupation": "Structural Analysis Engineer", "Address": "4967 West Circle", "Email": "ddyneij@hugedomains.com", "Phone": "196-292-8475", "Income": 185620.68, "Insurance": "NO", "CEOfficers": "Mark Szydlowski", "CommunityID": 3, "EatingHabits": "Low-sugar diet" }, "geometry": { "type": "Point", "coordinates": [ -96.311643547299994, 30.605908133 ] } },
{ "type": "Feature", "properties": { "FID": 668, "ID": 669, "Longitude": -96.3687022071, "Latitude": 30.594330641700001, "Name": "Bonny Atwel", "Gender": "Female", "Age": 53, "Race": "Pueblo", "Occupation": "Marketing Assistant", "Address": "50 Shelley Plaza", "Email": "jcastledineik@prweb.com", "Phone": "854-968-0671", "Income": 57914.57, "Insurance": "YES", "CEOfficers": "TAMU", "CommunityID": 99, "EatingHabits": "Balanced diet" }, "geometry": { "type": "Point", "coordinates": [ -96.3687022071, 30.594330641700001 ] } },
{ "type": "Feature", "properties": { "FID": 669, "ID": 670, "Longitude": -96.220233250199996, "Latitude": 30.551460931899999, "Name": "Colline Waeland", "Gender": "Male", "Age": 22, "Race": "Colville", "Occupation": "Assistant Media Planner", "Address": "3272 Dunning Hill", "Email": "ksmithil@bing.com", "Phone": "910-252-3149", "Income": 81600.12, "Insurance": "NO", "CEOfficers": "James Johnson", "CommunityID": 4, "EatingHabits": "High-sugar diet" }, "geometry": { "type": "Point", "coordinates": [ -96.220233250199996, 30.551460931899999 ] } },
{ "type": "Feature", "properties": { "FID": 670, "ID": 671, "Longitude": -96.361031133599994, "Latitude": 30.598457209100001, "Name": "Calli Sara", "Gender": "Male", "Age": 24, "Race": "Chamorro", "Occupation": "Director of Sales", "Address": "18099 Jay Plaza", "Email": "jpickworthim@paypal.com", "Phone": "676-881-0362", "Income": 56356.78, "Insurance": "YES", "CEOfficers": "TAMU", "CommunityID": 99, "EatingHabits": "Low-sugar diet" }, "geometry": { "type": "Point", "coordinates": [ -96.361031133599994, 30.598457209100001 ] } },
{ "type": "Feature", "properties": { "FID": 671, "ID": 672, "Longitude": -96.220574064999994, "Latitude": 30.6016508841, "Name": "Richmond Chavez", "Gender": "Female", "Age": 50, "Race": "Iroquois", "Occupation": "Geological Engineer", "Address": "63 Graceland Pass", "Email": "bpaunsfordin@virginia.edu", "Phone": "952-458-6211", "Income": 158645.24, "Insurance": "NO", "CEOfficers": "Vincent Rosas", "CommunityID": 5, "EatingHabits": "Balanced diet" }, "geometry": { "type": "Point", "coordinates": [ -96.220574065, 30.6016508841 ] } },
{ "type": "Feature", "properties": { "FID": 672, "ID": 673, "Longitude": -96.32687282000001, "Latitude": 30.574762274800001, "Name": "Dusty Dunge", "Gender": "Female", "Age": 57, "Race": "Shoshone", "Occupation": "Tax Accountant", "Address": "1 Lindbergh Road", "Email": "bescreetio@behance.net", "Phone": "342-334-6865", "Income": 26926.12, "Insurance": "YES", "CEOfficers": "Mark Szydlowski", "CommunityID": 3, "EatingHabits": "High-sugar diet" }, "geometry": { "type": "Point", "coordinates": [ -96.32687282, 30.574762274800001 ] } },
{ "type": "Feature", "properties": { "FID": 673, "ID": 674, "Longitude": -96.274102846100007, "Latitude": 30.610634383200001, "Name": "Dawn Skellington", "Gender": "Female", "Age": 65, "Race": "Uruguayan", "Occupation": "Marketing Manager", "Address": "59 Jackson Terrace", "Email": "wcarlingip@webeden.co.uk", "Phone": "662-323-5006", "Income": 74881.46, "Insurance": "NO", "CEOfficers": "Vincent Rosas", "CommunityID": 5, "EatingHabits": "Low-sugar diet" }, "geometry": { "type": "Point", "coordinates": [ -96.274102846100007, 30.610634383200001 ] } },
{ "type": "Feature", "properties": { "FID": 674, "ID": 675, "Longitude": -96.300009421200002, "Latitude": 30.609839471400001, "Name": "Mort Reddin", "Gender": "Male", "Age": 65, "Race": "Argentinian", "Occupation": "Systems Administrator II", "Address": "83520 Buhler Road", "Email": "mmackeoghiq@acquirethisname.com", "Phone": "360-735-7439", "Income": 134575.85, "Insurance": "YES", "CEOfficers": "Vincent Rosas", "CommunityID": 5, "EatingHabits": "Balanced diet" }, "geometry": { "type": "Point", "coordinates": [ -96.300009421200002, 30.609839471400001 ] } },
{ "type": "Feature", "properties": { "FID": 675, "ID": 676, "Longitude": -96.357082619400003, "Latitude": 30.5852130231, "Name": "Lyndsay Cashman", "Gender": "Female", "Age": 67, "Race": "Mexican", "Occupation": "Computer Systems Analyst IV", "Address": "90148 Eggendart Pass", "Email": "erattrieir@sitemeter.com", "Phone": "897-262-1807", "Income": 88110.55, "Insurance": "NO", "CEOfficers": "TAMU", "CommunityID": 99, "EatingHabits": "High-sugar diet" }, "geometry": { "type": "Point", "coordinates": [ -96.357082619400003, 30.5852130231 ] } },
{ "type": "Feature", "properties": { "FID": 676, "ID": 677, "Longitude": -96.240935333600007, "Latitude": 30.544575376200001, "Name": "Cyrille Gritton", "Gender": "Female", "Age": 33, "Race": "Crow", "Occupation": "Developer I", "Address": "825 Talisman Place", "Email": "waldredis@amazon.com", "Phone": "867-947-0065", "Income": 193005.1, "Insurance": "YES", "CEOfficers": "James Johnson", "CommunityID": 4, "EatingHabits": "Low-sugar diet" }, "geometry": { "type": "Point", "coordinates": [ -96.240935333600007, 30.544575376200001 ] } },
{ "type": "Feature", "properties": { "FID": 677, "ID": 678, "Longitude": -96.359474317899995, "Latitude": 30.606672080500001, "Name": "Hamnet Paine", "Gender": "Male", "Age": 56, "Race": "Thai", "Occupation": "Systems Administrator III", "Address": "541 Farragut Avenue", "Email": "ncavesit@sourceforge.net", "Phone": "653-878-3659", "Income": 73268.58, "Insurance": "NO", "CEOfficers": "TAMU", "CommunityID": 99, "EatingHabits": "Balanced diet" }, "geometry": { "type": "Point", "coordinates": [ -96.359474317899995, 30.606672080500001 ] } },
{ "type": "Feature", "properties": { "FID": 678, "ID": 679, "Longitude": -96.347071833900003, "Latitude": 30.604901915300001, "Name": "Brett Ramel", "Gender": "Male", "Age": 36, "Race": "Malaysian", "Occupation": "Software Test Engineer I", "Address": "74210 Fuller Road", "Email": "gbarberiu@hugedomains.com", "Phone": "428-150-8990", "Income": 165142.19, "Insurance": "YES", "CEOfficers": "TAMU", "CommunityID": 99, "EatingHabits": "High-sugar diet" }, "geometry": { "type": "Point", "coordinates": [ -96.347071833900003, 30.604901915300001 ] } },
{ "type": "Feature", "properties": { "FID": 679, "ID": 680, "Longitude": -96.323705017500004, "Latitude": 30.6053254268, "Name": "Patton Ducrow", "Gender": "Female", "Age": 41, "Race": "Chickasaw", "Occupation": "Sales Representative", "Address": "9 Harper Alley", "Email": "dstockbridgeiv@state.tx.us", "Phone": "694-639-7727", "Income": 15445.56, "Insurance": "NO", "CEOfficers": "Adrienne Bishop", "CommunityID": 1, "EatingHabits": "Low-sugar diet" }, "geometry": { "type": "Point", "coordinates": [ -96.323705017500004, 30.6053254268 ] } },
{ "type": "Feature", "properties": { "FID": 680, "ID": 681, "Longitude": -96.324872434300005, "Latitude": 30.623836636699998, "Name": "Nial Lakeland", "Gender": "Male", "Age": 56, "Race": "Yakama", "Occupation": "Biostatistician II", "Address": "327 Nelson Center", "Email": "dcaveyiw@techcrunch.com", "Phone": "658-838-3185", "Income": 49232.19, "Insurance": "YES", "CEOfficers": "Adrienne Bishop", "CommunityID": 1, "EatingHabits": "Balanced diet" }, "geometry": { "type": "Point", "coordinates": [ -96.324872434300005, 30.623836636699998 ] } },
{ "type": "Feature", "properties": { "FID": 681, "ID": 682, "Longitude": -96.2416058564, "Latitude": 30.5509481536, "Name": "Camey Glasscoo", "Gender": "Non-binary", "Age": 24, "Race": "Hmong", "Occupation": "Environmental Specialist", "Address": "65 Service Center", "Email": "bpedrolloix@shinystat.com", "Phone": "740-468-4955", "Income": 44981.88, "Insurance": "NO", "CEOfficers": "James Johnson", "CommunityID": 4, "EatingHabits": "High-sugar diet" }, "geometry": { "type": "Point", "coordinates": [ -96.2416058564, 30.5509481536 ] } },
{ "type": "Feature", "properties": { "FID": 682, "ID": 683, "Longitude": -96.295612613900005, "Latitude": 30.571656088299999, "Name": "Adlai Clearley", "Gender": "Male", "Age": 35, "Race": "Tohono O'Odham", "Occupation": "VP Marketing", "Address": "85 Little Fleur Crossing", "Email": "cdeclerkiy@blog.com", "Phone": "938-386-4885", "Income": 144471.06, "Insurance": "YES", "CEOfficers": "Mark Szydlowski", "CommunityID": 3, "EatingHabits": "Low-sugar diet" }, "geometry": { "type": "Point", "coordinates": [ -96.295612613900005, 30.571656088299999 ] } },
{ "type": "Feature", "properties": { "FID": 683, "ID": 684, "Longitude": -96.322098555300002, "Latitude": 30.5683559639, "Name": "Lavina Ronci", "Gender": "Female", "Age": 29, "Race": "Paiute", "Occupation": "Engineer I", "Address": "1 Haas Way", "Email": "cbertenshawiz@ameblo.jp", "Phone": "562-149-7989", "Income": 179646.37, "Insurance": "NO", "CEOfficers": "Mark Szydlowski", "CommunityID": 3, "EatingHabits": "Balanced diet" }, "geometry": { "type": "Point", "coordinates": [ -96.322098555300002, 30.5683559639 ] } },
{ "type": "Feature", "properties": { "FID": 684, "ID": 685, "Longitude": -96.319458256299995, "Latitude": 30.572302046099999, "Name": "Horten Woodyear", "Gender": "Female", "Age": 35, "Race": "Yakama", "Occupation": "Associate Professor", "Address": "821 Sage Center", "Email": "ukeganj0@sohu.com", "Phone": "162-833-7269", "Income": 78849.94, "Insurance": "YES", "CEOfficers": "Mark Szydlowski", "CommunityID": 3, "EatingHabits": "High-sugar diet" }, "geometry": { "type": "Point", "coordinates": [ -96.319458256299995, 30.572302046099999 ] } },
{ "type": "Feature", "properties": { "FID": 685, "ID": 686, "Longitude": -96.297482727599998, "Latitude": 30.551365364799999, "Name": "Homere Durante", "Gender": "Female", "Age": 33, "Race": "Crow", "Occupation": "GIS Technical Architect", "Address": "2611 Clemons Circle", "Email": "awaplesj1@fc2.com", "Phone": "201-310-5868", "Income": 199412.04, "Insurance": "NO", "CEOfficers": "James Johnson", "CommunityID": 4, "EatingHabits": "Low-sugar diet" }, "geometry": { "type": "Point", "coordinates": [ -96.297482727599998, 30.551365364799999 ] } },
{ "type": "Feature", "properties": { "FID": 686, "ID": 687, "Longitude": -96.216379912199997, "Latitude": 30.608701351899999, "Name": "Kim Ballsdon", "Gender": "Male", "Age": 35, "Race": "Comanche", "Occupation": "Geological Engineer", "Address": "304 Charing Cross Road", "Email": "esimmgenj2@unesco.org", "Phone": "801-259-9368", "Income": 63899.67, "Insurance": "YES", "CEOfficers": "Vincent Rosas", "CommunityID": 5, "EatingHabits": "Balanced diet" }, "geometry": { "type": "Point", "coordinates": [ -96.216379912199997, 30.608701351899999 ] } },
{ "type": "Feature", "properties": { "FID": 687, "ID": 688, "Longitude": -96.211939243700002, "Latitude": 30.549207502600002, "Name": "Allix Fanton", "Gender": "Female", "Age": 44, "Race": "Yaqui", "Occupation": "Teacher", "Address": "32409 Hauk Lane", "Email": "ctowlej3@microsoft.com", "Phone": "699-232-5644", "Income": 40060.1, "Insurance": "NO", "CEOfficers": "James Johnson", "CommunityID": 4, "EatingHabits": "High-sugar diet" }, "geometry": { "type": "Point", "coordinates": [ -96.211939243700002, 30.549207502600002 ] } },
{ "type": "Feature", "properties": { "FID": 688, "ID": 689, "Longitude": -96.293391400900006, "Latitude": 30.525799355099998, "Name": "Dulciana Shore", "Gender": "Female", "Age": 22, "Race": "South American", "Occupation": "Programmer Analyst III", "Address": "98091 Arizona Point", "Email": "wriccionej4@time.com", "Phone": "668-433-1908", "Income": 63159.49, "Insurance": "YES", "CEOfficers": "James Johnson", "CommunityID": 4, "EatingHabits": "Low-sugar diet" }, "geometry": { "type": "Point", "coordinates": [ -96.293391400900006, 30.525799355099998 ] } },
{ "type": "Feature", "properties": { "FID": 689, "ID": 690, "Longitude": -96.278065370099995, "Latitude": 30.595892735700001, "Name": "Lemar Greatbatch", "Gender": "Male", "Age": 37, "Race": "Alaskan Athabascan", "Occupation": "Senior Developer", "Address": "93757 Nobel Park", "Email": "esaundercockj5@angelfire.com", "Phone": "211-488-8404", "Income": 190142.51, "Insurance": "NO", "CEOfficers": "Vincent Rosas", "CommunityID": 5, "EatingHabits": "Balanced diet" }, "geometry": { "type": "Point", "coordinates": [ -96.278065370099995, 30.595892735700001 ] } },
{ "type": "Feature", "properties": { "FID": 690, "ID": 691, "Longitude": -96.350632805000004, "Latitude": 30.5955608015, "Name": "Anneliese Minifie", "Gender": "Female", "Age": 73, "Race": "Iroquois", "Occupation": "Desktop Support Technician", "Address": "86224 Bowman Court", "Email": "hslewcockj6@columbia.edu", "Phone": "408-198-4072", "Income": 112551.77, "Insurance": "YES", "CEOfficers": "TAMU", "CommunityID": 99, "EatingHabits": "High-sugar diet" }, "geometry": { "type": "Point", "coordinates": [ -96.350632805, 30.5955608015 ] } },
{ "type": "Feature", "properties": { "FID": 691, "ID": 692, "Longitude": -96.335342356500007, "Latitude": 30.612829441300001, "Name": "Pierre Drennan", "Gender": "Bigender", "Age": 67, "Race": "Cherokee", "Occupation": "Database Administrator III", "Address": "20 Lake View Avenue", "Email": "kfuentezj7@shinystat.com", "Phone": "603-457-1926", "Income": 65905.09, "Insurance": "NO", "CEOfficers": "TAMU", "CommunityID": 99, "EatingHabits": "Low-sugar diet" }, "geometry": { "type": "Point", "coordinates": [ -96.335342356500007, 30.612829441300001 ] } },
{ "type": "Feature", "properties": { "FID": 692, "ID": 693, "Longitude": -96.306758144, "Latitude": 30.573213747600001, "Name": "Cristionna Guiso", "Gender": "Female", "Age": 31, "Race": "Houma", "Occupation": "Human Resources Assistant I", "Address": "143 David Circle", "Email": "blevecquej8@comcast.net", "Phone": "547-527-9518", "Income": 162204.74, "Insurance": "YES", "CEOfficers": "Mark Szydlowski", "CommunityID": 3, "EatingHabits": "Balanced diet" }, "geometry": { "type": "Point", "coordinates": [ -96.306758144, 30.573213747600001 ] } },
{ "type": "Feature", "properties": { "FID": 693, "ID": 694, "Longitude": -96.287607632999993, "Latitude": 30.5446110486, "Name": "Fee Gosforth", "Gender": "Female", "Age": 28, "Race": "White", "Occupation": "Librarian", "Address": "18 Troy Terrace", "Email": "crichardtj9@parallels.com", "Phone": "349-539-7311", "Income": 93169.62, "Insurance": "NO", "CEOfficers": "James Johnson", "CommunityID": 4, "EatingHabits": "High-sugar diet" }, "geometry": { "type": "Point", "coordinates": [ -96.287607633, 30.5446110486 ] } },
{ "type": "Feature", "properties": { "FID": 694, "ID": 695, "Longitude": -96.278333935199996, "Latitude": 30.613938872399999, "Name": "Amalle Nelissen", "Gender": "Female", "Age": 40, "Race": "Dominican (Dominican Republic)", "Occupation": "Actuary", "Address": "67 North Road", "Email": "jdemangeonja@elpais.com", "Phone": "464-640-5642", "Income": 80802.68, "Insurance": "YES", "CEOfficers": "Vincent Rosas", "CommunityID": 5, "EatingHabits": "Low-sugar diet" }, "geometry": { "type": "Point", "coordinates": [ -96.278333935199996, 30.613938872399999 ] } },
{ "type": "Feature", "properties": { "FID": 695, "ID": 696, "Longitude": -96.277202836000001, "Latitude": 30.56649291, "Name": "Margarette Viccary", "Gender": "Female", "Age": 50, "Race": "Tlingit-Haida", "Occupation": "Paralegal", "Address": "78908 Spohn Center", "Email": "sshufflebothamjb@cbslocal.com", "Phone": "211-123-9176", "Income": 45735.09, "Insurance": "NO", "CEOfficers": "James Johnson", "CommunityID": 4, "EatingHabits": "Balanced diet" }, "geometry": { "type": "Point", "coordinates": [ -96.277202836, 30.56649291 ] } },
{ "type": "Feature", "properties": { "FID": 696, "ID": 697, "Longitude": -96.365878750799993, "Latitude": 30.59360352, "Name": "Hermie Stonham", "Gender": "Female", "Age": 53, "Race": "Native Hawaiian and Other Pacific Islander (NHPI)", "Occupation": "Teacher", "Address": "955 Northview Place", "Email": "dshillingjc@google.fr", "Phone": "682-166-8697", "Income": 49499.14, "Insurance": "YES", "CEOfficers": "TAMU", "CommunityID": 99, "EatingHabits": "High-sugar diet" }, "geometry": { "type": "Point", "coordinates": [ -96.365878750799993, 30.59360352 ] } },
{ "type": "Feature", "properties": { "FID": 697, "ID": 698, "Longitude": -96.312804086200003, "Latitude": 30.605229656199999, "Name": "Foster Rosetti", "Gender": "Female", "Age": 59, "Race": "Comanche", "Occupation": "Recruiting Manager", "Address": "8465 Eastwood Park", "Email": "mclampjd@gov.uk", "Phone": "592-774-5219", "Income": 42814.8, "Insurance": "NO", "CEOfficers": "Adrienne Bishop", "CommunityID": 1, "EatingHabits": "Low-sugar diet" }, "geometry": { "type": "Point", "coordinates": [ -96.312804086200003, 30.605229656199999 ] } },
{ "type": "Feature", "properties": { "FID": 698, "ID": 699, "Longitude": -96.220415240299999, "Latitude": 30.565856955400001, "Name": "Stevie McShea", "Gender": "Agender", "Age": 58, "Race": "Uruguayan", "Occupation": "Engineer IV", "Address": "0144 Washington Junction", "Email": "ddunsireje@delicious.com", "Phone": "798-105-8317", "Income": 181369.2, "Insurance": "YES", "CEOfficers": "James Johnson", "CommunityID": 4, "EatingHabits": "Balanced diet" }, "geometry": { "type": "Point", "coordinates": [ -96.220415240299999, 30.565856955400001 ] } },
{ "type": "Feature", "properties": { "FID": 699, "ID": 700, "Longitude": -96.224613743099994, "Latitude": 30.575081362599999, "Name": "Stevie Stork", "Gender": "Female", "Age": 30, "Race": "Yaqui", "Occupation": "Geologist II", "Address": "5 Stone Corner Trail", "Email": "bherionjf@addtoany.com", "Phone": "688-929-2894", "Income": 145635.99, "Insurance": "NO", "CEOfficers": "James Johnson", "CommunityID": 4, "EatingHabits": "High-sugar diet" }, "geometry": { "type": "Point", "coordinates": [ -96.224613743099994, 30.575081362599999 ] } },
{ "type": "Feature", "properties": { "FID": 700, "ID": 701, "Longitude": -96.281518487, "Latitude": 30.5486777598, "Name": "Kellen Lackie", "Gender": "Male", "Age": 68, "Race": "Potawatomi", "Occupation": "Help Desk Technician", "Address": "0108 Bultman Terrace", "Email": "nhannawayjg@sciencedaily.com", "Phone": "504-410-2724", "Income": 74540.76, "Insurance": "YES", "CEOfficers": "James Johnson", "CommunityID": 4, "EatingHabits": "Low-sugar diet" }, "geometry": { "type": "Point", "coordinates": [ -96.281518487, 30.5486777598 ] } },
{ "type": "Feature", "properties": { "FID": 701, "ID": 702, "Longitude": -96.213865162900007, "Latitude": 30.5697672495, "Name": "Elicia Ivanenkov", "Gender": "Male", "Age": 55, "Race": "Tohono O'Odham", "Occupation": "Professor", "Address": "4342 Loomis Point", "Email": "rblighjh@archive.org", "Phone": "732-853-7873", "Income": 91558.55, "Insurance": "NO", "CEOfficers": "James Johnson", "CommunityID": 4, "EatingHabits": "Balanced diet" }, "geometry": { "type": "Point", "coordinates": [ -96.213865162900007, 30.5697672495 ] } },
{ "type": "Feature", "properties": { "FID": 702, "ID": 703, "Longitude": -96.214718980200004, "Latitude": 30.556630267199999, "Name": "Cilka Langtry", "Gender": "Female", "Age": 29, "Race": "Osage", "Occupation": "Sales Representative", "Address": "47 Westend Street", "Email": "ecastriji@arizona.edu", "Phone": "803-554-2360", "Income": 36653.78, "Insurance": "YES", "CEOfficers": "James Johnson", "CommunityID": 4, "EatingHabits": "High-sugar diet" }, "geometry": { "type": "Point", "coordinates": [ -96.214718980200004, 30.556630267199999 ] } },
{ "type": "Feature", "properties": { "FID": 703, "ID": 704, "Longitude": -96.372614991099994, "Latitude": 30.616731024300002, "Name": "Alene Gopsall", "Gender": "Female", "Age": 80, "Race": "Puerto Rican", "Occupation": "Registered Nurse", "Address": "82787 Melrose Avenue", "Email": "drodiejj@nyu.edu", "Phone": "905-468-1354", "Income": 30234.35, "Insurance": "NO", "CEOfficers": "TAMU", "CommunityID": 99, "EatingHabits": "Low-sugar diet" }, "geometry": { "type": "Point", "coordinates": [ -96.372614991099994, 30.616731024300002 ] } },
{ "type": "Feature", "properties": { "FID": 704, "ID": 705, "Longitude": -96.377927244000006, "Latitude": 30.598742814800001, "Name": "Joane Dioniso", "Gender": "Male", "Age": 56, "Race": "Asian Indian", "Occupation": "Pharmacist", "Address": "3764 Donald Alley", "Email": "mbardeyjk@statcounter.com", "Phone": "944-267-7841", "Income": 144633.63, "Insurance": "YES", "CEOfficers": "Francesca Spell", "CommunityID": 2, "EatingHabits": "Balanced diet" }, "geometry": { "type": "Point", "coordinates": [ -96.377927244, 30.598742814800001 ] } },
{ "type": "Feature", "properties": { "FID": 705, "ID": 706, "Longitude": -96.211785826600007, "Latitude": 30.5693816191, "Name": "Orland Giraudoux", "Gender": "Female", "Age": 26, "Race": "White", "Occupation": "Food Chemist", "Address": "6428 Schlimgen Terrace", "Email": "tlindljl@hostgator.com", "Phone": "281-896-3196", "Income": 157786.22, "Insurance": "NO", "CEOfficers": "James Johnson", "CommunityID": 4, "EatingHabits": "High-sugar diet" }, "geometry": { "type": "Point", "coordinates": [ -96.211785826600007, 30.5693816191 ] } },
{ "type": "Feature", "properties": { "FID": 706, "ID": 707, "Longitude": -96.306704136999997, "Latitude": 30.572818527900001, "Name": "Ertha McGowan", "Gender": "Female", "Age": 69, "Race": "Potawatomi", "Occupation": "Teacher", "Address": "69 Northland Junction", "Email": "rjilkesjm@bandcamp.com", "Phone": "434-720-9737", "Income": 120397.51, "Insurance": "YES", "CEOfficers": "Mark Szydlowski", "CommunityID": 3, "EatingHabits": "Low-sugar diet" }, "geometry": { "type": "Point", "coordinates": [ -96.306704137, 30.572818527900001 ] } },
{ "type": "Feature", "properties": { "FID": 707, "ID": 708, "Longitude": -96.271017173399997, "Latitude": 30.595700105399999, "Name": "Karry Packwood", "Gender": "Female", "Age": 78, "Race": "Peruvian", "Occupation": "Sales Representative", "Address": "79 Thackeray Parkway", "Email": "eritchardjn@topsy.com", "Phone": "464-497-4723", "Income": 51362.6, "Insurance": "NO", "CEOfficers": "Vincent Rosas", "CommunityID": 5, "EatingHabits": "Balanced diet" }, "geometry": { "type": "Point", "coordinates": [ -96.271017173399997, 30.595700105399999 ] } },
{ "type": "Feature", "properties": { "FID": 708, "ID": 709, "Longitude": -96.318476036899995, "Latitude": 30.599448569900002, "Name": "Terrijo Kitley", "Gender": "Female", "Age": 61, "Race": "Alaska Native", "Occupation": "Software Engineer IV", "Address": "88 Prairieview Center", "Email": "favrahamovjo@hibu.com", "Phone": "679-135-9704", "Income": 123067.82, "Insurance": "YES", "CEOfficers": "Adrienne Bishop", "CommunityID": 1, "EatingHabits": "High-sugar diet" }, "geometry": { "type": "Point", "coordinates": [ -96.318476036899995, 30.599448569900002 ] } },
{ "type": "Feature", "properties": { "FID": 709, "ID": 710, "Longitude": -96.357285335300006, "Latitude": 30.5723721775, "Name": "Shepperd Do", "Gender": "Female", "Age": 76, "Race": "Bangladeshi", "Occupation": "Chemical Engineer", "Address": "3 Fuller Point", "Email": "glewintonjp@redcross.org", "Phone": "692-368-1676", "Income": 100496.88, "Insurance": "NO", "CEOfficers": "TAMU", "CommunityID": 99, "EatingHabits": "Low-sugar diet" }, "geometry": { "type": "Point", "coordinates": [ -96.357285335300006, 30.5723721775 ] } },
{ "type": "Feature", "properties": { "FID": 710, "ID": 711, "Longitude": -96.273889520699996, "Latitude": 30.532709896, "Name": "Gwenore Rawe", "Gender": "Male", "Age": 51, "Race": "Iroquois", "Occupation": "Nurse", "Address": "24170 Mesta Court", "Email": "dbarhamsjq@aboutads.info", "Phone": "691-361-9480", "Income": 162767.89, "Insurance": "YES", "CEOfficers": "James Johnson", "CommunityID": 4, "EatingHabits": "Balanced diet" }, "geometry": { "type": "Point", "coordinates": [ -96.273889520699996, 30.532709896 ] } },
{ "type": "Feature", "properties": { "FID": 711, "ID": 712, "Longitude": -96.345860636699996, "Latitude": 30.627344205100002, "Name": "Rhody Rush", "Gender": "Male", "Age": 56, "Race": "Lumbee", "Occupation": "Computer Systems Analyst II", "Address": "365 Ridgeview Parkway", "Email": "csanderjr@usgs.gov", "Phone": "674-797-5853", "Income": 71553.43, "Insurance": "NO", "CEOfficers": "TAMU", "CommunityID": 99, "EatingHabits": "High-sugar diet" }, "geometry": { "type": "Point", "coordinates": [ -96.345860636699996, 30.627344205100002 ] } },
{ "type": "Feature", "properties": { "FID": 712, "ID": 713, "Longitude": -96.308581300599997, "Latitude": 30.6455202462, "Name": "Tomas Launchbury", "Gender": "Female", "Age": 71, "Race": "Korean", "Occupation": "Senior Cost Accountant", "Address": "93 Basil Hill", "Email": "staplinjs@statcounter.com", "Phone": "767-332-6231", "Income": 164664.85, "Insurance": "YES", "CEOfficers": "Vincent Rosas", "CommunityID": 5, "EatingHabits": "Low-sugar diet" }, "geometry": { "type": "Point", "coordinates": [ -96.308581300599997, 30.6455202462 ] } },
{ "type": "Feature", "properties": { "FID": 713, "ID": 714, "Longitude": -96.310283869599999, "Latitude": 30.612402909099998, "Name": "Lisa Cockran", "Gender": "Female", "Age": 43, "Race": "Filipino", "Occupation": "Paralegal", "Address": "8 Thierer Lane", "Email": "amccarljt@bravesites.com", "Phone": "115-585-3569", "Income": 42992.37, "Insurance": "NO", "CEOfficers": "Vincent Rosas", "CommunityID": 5, "EatingHabits": "Balanced diet" }, "geometry": { "type": "Point", "coordinates": [ -96.310283869599999, 30.612402909099998 ] } },
{ "type": "Feature", "properties": { "FID": 714, "ID": 715, "Longitude": -96.3360735288, "Latitude": 30.6178265661, "Name": "Derwin Warre", "Gender": "Male", "Age": 64, "Race": "Comanche", "Occupation": "Environmental Tech", "Address": "718 Tony Point", "Email": "ckhanju@shinystat.com", "Phone": "807-379-2807", "Income": 103596.2, "Insurance": "YES", "CEOfficers": "TAMU", "CommunityID": 99, "EatingHabits": "High-sugar diet" }, "geometry": { "type": "Point", "coordinates": [ -96.3360735288, 30.6178265661 ] } },
{ "type": "Feature", "properties": { "FID": 715, "ID": 716, "Longitude": -96.302365721300006, "Latitude": 30.534865711199998, "Name": "Murray Castelyn", "Gender": "Male", "Age": 65, "Race": "Black or African American", "Occupation": "Administrative Assistant II", "Address": "08 Ramsey Parkway", "Email": "awalklottjv@edublogs.org", "Phone": "421-788-0664", "Income": 112029.53, "Insurance": "NO", "CEOfficers": "Francesca Spell", "CommunityID": 2, "EatingHabits": "Low-sugar diet" }, "geometry": { "type": "Point", "coordinates": [ -96.302365721300006, 30.534865711199998 ] } },
{ "type": "Feature", "properties": { "FID": 716, "ID": 717, "Longitude": -96.306824004800006, "Latitude": 30.607690736199999, "Name": "Currey Tidmas", "Gender": "Male", "Age": 25, "Race": "Central American", "Occupation": "Senior Developer", "Address": "49652 Lindbergh Plaza", "Email": "ifancetjw@cpanel.net", "Phone": "530-178-1528", "Income": 164056.43, "Insurance": "YES", "CEOfficers": "Vincent Rosas", "CommunityID": 5, "EatingHabits": "Balanced diet" }, "geometry": { "type": "Point", "coordinates": [ -96.306824004800006, 30.607690736199999 ] } },
{ "type": "Feature", "properties": { "FID": 717, "ID": 718, "Longitude": -96.206475813200001, "Latitude": 30.546711628000001, "Name": "Clevey Rosebotham", "Gender": "Female", "Age": 61, "Race": "Native Hawaiian and Other Pacific Islander (NHPI)", "Occupation": "GIS Technical Architect", "Address": "5 Northridge Drive", "Email": "rortellsjx@huffingtonpost.com", "Phone": "607-103-7974", "Income": 107059.61, "Insurance": "NO", "CEOfficers": "James Johnson", "CommunityID": 4, "EatingHabits": "High-sugar diet" }, "geometry": { "type": "Point", "coordinates": [ -96.206475813200001, 30.546711628 ] } },
{ "type": "Feature", "properties": { "FID": 718, "ID": 719, "Longitude": -96.306650808499995, "Latitude": 30.592684452299999, "Name": "Magdaia Neilus", "Gender": "Female", "Age": 75, "Race": "Panamanian", "Occupation": "Programmer I", "Address": "7368 Bayside Point", "Email": "bsimenonjy@com.com", "Phone": "401-901-0735", "Income": 103418.33, "Insurance": "YES", "CEOfficers": "Mark Szydlowski", "CommunityID": 3, "EatingHabits": "Low-sugar diet" }, "geometry": { "type": "Point", "coordinates": [ -96.306650808499995, 30.592684452299999 ] } },
{ "type": "Feature", "properties": { "FID": 719, "ID": 720, "Longitude": -96.300580749000005, "Latitude": 30.543160710399999, "Name": "Judas Stanhope", "Gender": "Male", "Age": 62, "Race": "Tongan", "Occupation": "Associate Professor", "Address": "56 Washington Park", "Email": "ktierneyjz@liveinternet.ru", "Phone": "311-645-5382", "Income": 49134.01, "Insurance": "NO", "CEOfficers": "Francesca Spell", "CommunityID": 2, "EatingHabits": "Balanced diet" }, "geometry": { "type": "Point", "coordinates": [ -96.300580749, 30.543160710399999 ] } },
{ "type": "Feature", "properties": { "FID": 720, "ID": 721, "Longitude": -96.275924841600002, "Latitude": 30.5411445843, "Name": "Patrice Blackall", "Gender": "Female", "Age": 72, "Race": "Sioux", "Occupation": "Budget\/Accounting Analyst II", "Address": "0 Hanover Place", "Email": "cwigink0@bravesites.com", "Phone": "126-322-8822", "Income": 110459.94, "Insurance": "YES", "CEOfficers": "James Johnson", "CommunityID": 4, "EatingHabits": "High-sugar diet" }, "geometry": { "type": "Point", "coordinates": [ -96.275924841600002, 30.5411445843 ] } },
{ "type": "Feature", "properties": { "FID": 721, "ID": 722, "Longitude": -96.361400236600005, "Latitude": 30.573186894399999, "Name": "Ferne Golda", "Gender": "Male", "Age": 22, "Race": "Iroquois", "Occupation": "Teacher", "Address": "10972 Chinook Place", "Email": "dfludgatek1@alexa.com", "Phone": "180-137-5164", "Income": 199794.88, "Insurance": "NO", "CEOfficers": "TAMU", "CommunityID": 99, "EatingHabits": "Low-sugar diet" }, "geometry": { "type": "Point", "coordinates": [ -96.361400236600005, 30.573186894399999 ] } },
{ "type": "Feature", "properties": { "FID": 722, "ID": 723, "Longitude": -96.328534212500003, "Latitude": 30.636157580399999, "Name": "Denny Pidgen", "Gender": "Female", "Age": 18, "Race": "Sioux", "Occupation": "Product Engineer", "Address": "58839 Prairie Rose Park", "Email": "mtrundlerk2@jalbum.net", "Phone": "905-424-0941", "Income": 138499.9, "Insurance": "YES", "CEOfficers": "Adrienne Bishop", "CommunityID": 1, "EatingHabits": "Balanced diet" }, "geometry": { "type": "Point", "coordinates": [ -96.328534212500003, 30.636157580399999 ] } },
{ "type": "Feature", "properties": { "FID": 723, "ID": 724, "Longitude": -96.306722898499999, "Latitude": 30.606494228799999, "Name": "Georgette Huitson", "Gender": "Male", "Age": 50, "Race": "Cambodian", "Occupation": "Office Assistant III", "Address": "654 Manley Point", "Email": "sbrethertonk3@issuu.com", "Phone": "243-812-0910", "Income": 184877.79, "Insurance": "NO", "CEOfficers": "Vincent Rosas", "CommunityID": 5, "EatingHabits": "High-sugar diet" }, "geometry": { "type": "Point", "coordinates": [ -96.306722898499999, 30.606494228799999 ] } },
{ "type": "Feature", "properties": { "FID": 724, "ID": 725, "Longitude": -96.293147953399995, "Latitude": 30.578894544099999, "Name": "Wilma Davydkov", "Gender": "Male", "Age": 48, "Race": "Pueblo", "Occupation": "General Manager", "Address": "39598 Milwaukee Center", "Email": "kivattk4@ibm.com", "Phone": "210-295-8470", "Income": 145565.13, "Insurance": "YES", "CEOfficers": "Mark Szydlowski", "CommunityID": 3, "EatingHabits": "Low-sugar diet" }, "geometry": { "type": "Point", "coordinates": [ -96.293147953399995, 30.578894544099999 ] } },
{ "type": "Feature", "properties": { "FID": 725, "ID": 726, "Longitude": -96.238112296400004, "Latitude": 30.5400957174, "Name": "Mathian Screas", "Gender": "Female", "Age": 38, "Race": "Choctaw", "Occupation": "Senior Developer", "Address": "5783 Sommers Plaza", "Email": "mglynek5@java.com", "Phone": "665-829-8923", "Income": 99850.43, "Insurance": "NO", "CEOfficers": "James Johnson", "CommunityID": 4, "EatingHabits": "Balanced diet" }, "geometry": { "type": "Point", "coordinates": [ -96.238112296400004, 30.5400957174 ] } },
{ "type": "Feature", "properties": { "FID": 726, "ID": 727, "Longitude": -96.2632094545, "Latitude": 30.589425690199999, "Name": "Aylmer Padbery", "Gender": "Female", "Age": 53, "Race": "Chilean", "Occupation": "VP Marketing", "Address": "17 Barby Avenue", "Email": "lposvnerk6@nyu.edu", "Phone": "697-475-8136", "Income": 56115.68, "Insurance": "YES", "CEOfficers": "Vincent Rosas", "CommunityID": 5, "EatingHabits": "High-sugar diet" }, "geometry": { "type": "Point", "coordinates": [ -96.2632094545, 30.589425690199999 ] } },
{ "type": "Feature", "properties": { "FID": 727, "ID": 728, "Longitude": -96.258931997800005, "Latitude": 30.565463628, "Name": "Reid Letham", "Gender": "Male", "Age": 47, "Race": "Panamanian", "Occupation": "Research Associate", "Address": "0571 Grim Park", "Email": "fpielek7@forbes.com", "Phone": "516-334-2122", "Income": 170765.78, "Insurance": "NO", "CEOfficers": "James Johnson", "CommunityID": 4, "EatingHabits": "Low-sugar diet" }, "geometry": { "type": "Point", "coordinates": [ -96.258931997800005, 30.565463628 ] } },
{ "type": "Feature", "properties": { "FID": 728, "ID": 729, "Longitude": -96.269131149299994, "Latitude": 30.604950732700001, "Name": "Gerome Semorad", "Gender": "Female", "Age": 26, "Race": "Seminole", "Occupation": "Software Test Engineer I", "Address": "9 Main Terrace", "Email": "vstrangerk8@tinyurl.com", "Phone": "183-409-6202", "Income": 96115.73, "Insurance": "YES", "CEOfficers": "Vincent Rosas", "CommunityID": 5, "EatingHabits": "Balanced diet" }, "geometry": { "type": "Point", "coordinates": [ -96.269131149299994, 30.604950732700001 ] } },
{ "type": "Feature", "properties": { "FID": 729, "ID": 730, "Longitude": -96.228665792300006, "Latitude": 30.561132881799999, "Name": "Mart Buss", "Gender": "Male", "Age": 68, "Race": "Paiute", "Occupation": "Junior Executive", "Address": "0 Cody Street", "Email": "rhullyerk9@bbb.org", "Phone": "511-544-7420", "Income": 55897.64, "Insurance": "NO", "CEOfficers": "James Johnson", "CommunityID": 4, "EatingHabits": "High-sugar diet" }, "geometry": { "type": "Point", "coordinates": [ -96.228665792300006, 30.561132881799999 ] } },
{ "type": "Feature", "properties": { "FID": 730, "ID": 731, "Longitude": -96.262130739200003, "Latitude": 30.5446268745, "Name": "Marmaduke Chiplen", "Gender": "Male", "Age": 53, "Race": "Bolivian", "Occupation": "Geologist II", "Address": "8 Ludington Way", "Email": "bstiggleska@linkedin.com", "Phone": "932-527-1286", "Income": 159571.46, "Insurance": "YES", "CEOfficers": "James Johnson", "CommunityID": 4, "EatingHabits": "Low-sugar diet" }, "geometry": { "type": "Point", "coordinates": [ -96.262130739200003, 30.5446268745 ] } },
{ "type": "Feature", "properties": { "FID": 731, "ID": 732, "Longitude": -96.268035966100001, "Latitude": 30.608445221499998, "Name": "Yelena O' Byrne", "Gender": "Male", "Age": 36, "Race": "Bangladeshi", "Occupation": "Business Systems Development Analyst", "Address": "442 Gerald Crossing", "Email": "vlhommeaukb@angelfire.com", "Phone": "549-833-8173", "Income": 109163.03, "Insurance": "NO", "CEOfficers": "Vincent Rosas", "CommunityID": 5, "EatingHabits": "Balanced diet" }, "geometry": { "type": "Point", "coordinates": [ -96.268035966100001, 30.608445221499998 ] } },
{ "type": "Feature", "properties": { "FID": 732, "ID": 733, "Longitude": -96.291195885600004, "Latitude": 30.614839072799999, "Name": "Patrica Masic", "Gender": "Male", "Age": 42, "Race": "Sri Lankan", "Occupation": "Web Developer II", "Address": "1379 Di Loreto Court", "Email": "pmccaghankc@dailymail.co.uk", "Phone": "261-254-7045", "Income": 173832.97, "Insurance": "YES", "CEOfficers": "Vincent Rosas", "CommunityID": 5, "EatingHabits": "High-sugar diet" }, "geometry": { "type": "Point", "coordinates": [ -96.291195885600004, 30.614839072799999 ] } },
{ "type": "Feature", "properties": { "FID": 733, "ID": 734, "Longitude": -96.309000035400004, "Latitude": 30.628234124700001, "Name": "Kaylee Shearmur", "Gender": "Female", "Age": 43, "Race": "Houma", "Occupation": "Administrative Assistant II", "Address": "475 Schiller Circle", "Email": "sdonkersleykd@arizona.edu", "Phone": "263-562-9552", "Income": 66094.33, "Insurance": "NO", "CEOfficers": "Vincent Rosas", "CommunityID": 5, "EatingHabits": "Low-sugar diet" }, "geometry": { "type": "Point", "coordinates": [ -96.309000035400004, 30.628234124700001 ] } },
{ "type": "Feature", "properties": { "FID": 734, "ID": 735, "Longitude": -96.376410607899999, "Latitude": 30.565229339399998, "Name": "Cassaundra Hearnaman", "Gender": "Female", "Age": 52, "Race": "South American", "Occupation": "Research Assistant II", "Address": "09 Merrick Trail", "Email": "sgaskinske@virginia.edu", "Phone": "783-758-1742", "Income": 83233.66, "Insurance": "YES", "CEOfficers": "TAMU", "CommunityID": 99, "EatingHabits": "Balanced diet" }, "geometry": { "type": "Point", "coordinates": [ -96.376410607899999, 30.565229339399998 ] } },
{ "type": "Feature", "properties": { "FID": 735, "ID": 736, "Longitude": -96.260727236600005, "Latitude": 30.5286222901, "Name": "Rafaello Piser", "Gender": "Male", "Age": 20, "Race": "Asian Indian", "Occupation": "Marketing Assistant", "Address": "4879 Mariners Cove Point", "Email": "pskermerkf@deliciousdays.com", "Phone": "851-943-3400", "Income": 22974.06, "Insurance": "NO", "CEOfficers": "James Johnson", "CommunityID": 4, "EatingHabits": "High-sugar diet" }, "geometry": { "type": "Point", "coordinates": [ -96.260727236600005, 30.5286222901 ] } },
{ "type": "Feature", "properties": { "FID": 736, "ID": 737, "Longitude": -96.362718286000003, "Latitude": 30.614257664499998, "Name": "Gilly Spare", "Gender": "Male", "Age": 66, "Race": "Polynesian", "Occupation": "VP Quality Control", "Address": "0 Russell Road", "Email": "wsemenskg@elpais.com", "Phone": "276-955-1240", "Income": 92383.95, "Insurance": "YES", "CEOfficers": "TAMU", "CommunityID": 99, "EatingHabits": "Low-sugar diet" }, "geometry": { "type": "Point", "coordinates": [ -96.362718286, 30.614257664499998 ] } },
{ "type": "Feature", "properties": { "FID": 737, "ID": 738, "Longitude": -96.329042588999997, "Latitude": 30.631641348700001, "Name": "Hardy Tinker", "Gender": "Female", "Age": 37, "Race": "Japanese", "Occupation": "VP Accounting", "Address": "0487 Mayfield Avenue", "Email": "gdaelkh@jiathis.com", "Phone": "467-450-3997", "Income": 128581.9, "Insurance": "NO", "CEOfficers": "Adrienne Bishop", "CommunityID": 1, "EatingHabits": "Balanced diet" }, "geometry": { "type": "Point", "coordinates": [ -96.329042589, 30.631641348700001 ] } },
{ "type": "Feature", "properties": { "FID": 738, "ID": 739, "Longitude": -96.356217963800006, "Latitude": 30.583902375000001, "Name": "Val Geaney", "Gender": "Female", "Age": 42, "Race": "Native Hawaiian and Other Pacific Islander (NHPI)", "Occupation": "Analog Circuit Design manager", "Address": "15997 Rutledge Park", "Email": "lpavlovki@blogspot.com", "Phone": "255-470-7742", "Income": 138136.73, "Insurance": "YES", "CEOfficers": "TAMU", "CommunityID": 99, "EatingHabits": "High-sugar diet" }, "geometry": { "type": "Point", "coordinates": [ -96.356217963800006, 30.583902375 ] } },
{ "type": "Feature", "properties": { "FID": 739, "ID": 740, "Longitude": -96.342550061599994, "Latitude": 30.598804363100001, "Name": "Ainsley Henrot", "Gender": "Male", "Age": 73, "Race": "Sioux", "Occupation": "Director of Sales", "Address": "50 Roth Parkway", "Email": "kschurckekj@linkedin.com", "Phone": "324-463-6855", "Income": 171435.65, "Insurance": "NO", "CEOfficers": "TAMU", "CommunityID": 99, "EatingHabits": "Low-sugar diet" }, "geometry": { "type": "Point", "coordinates": [ -96.342550061599994, 30.598804363100001 ] } },
{ "type": "Feature", "properties": { "FID": 740, "ID": 741, "Longitude": -96.209575227900004, "Latitude": 30.572019200900002, "Name": "Svend Morrallee", "Gender": "Female", "Age": 58, "Race": "Nicaraguan", "Occupation": "Account Coordinator", "Address": "65 Bayside Court", "Email": "mlantophkk@gov.uk", "Phone": "307-523-4603", "Income": 155560.23, "Insurance": "YES", "CEOfficers": "James Johnson", "CommunityID": 4, "EatingHabits": "Balanced diet" }, "geometry": { "type": "Point", "coordinates": [ -96.209575227900004, 30.572019200900002 ] } },
{ "type": "Feature", "properties": { "FID": 741, "ID": 742, "Longitude": -96.357775382200003, "Latitude": 30.623740131200002, "Name": "Guinna Cosser", "Gender": "Female", "Age": 78, "Race": "Tlingit-Haida", "Occupation": "Electrical Engineer", "Address": "47 Prairieview Pass", "Email": "tbrawleykl@cbc.ca", "Phone": "154-484-0895", "Income": 46474.33, "Insurance": "NO", "CEOfficers": "TAMU", "CommunityID": 99, "EatingHabits": "High-sugar diet" }, "geometry": { "type": "Point", "coordinates": [ -96.357775382200003, 30.623740131200002 ] } },
{ "type": "Feature", "properties": { "FID": 742, "ID": 743, "Longitude": -96.293514104099998, "Latitude": 30.530369362399998, "Name": "Daffi Siddele", "Gender": "Male", "Age": 60, "Race": "Argentinian", "Occupation": "Financial Advisor", "Address": "57 Grayhawk Pass", "Email": "aiverykm@feedburner.com", "Phone": "303-325-7258", "Income": 130541.38, "Insurance": "YES", "CEOfficers": "James Johnson", "CommunityID": 4, "EatingHabits": "Low-sugar diet" }, "geometry": { "type": "Point", "coordinates": [ -96.293514104099998, 30.530369362399998 ] } },
{ "type": "Feature", "properties": { "FID": 743, "ID": 744, "Longitude": -96.262109464800005, "Latitude": 30.599876160099999, "Name": "Dasi Heinsius", "Gender": "Female", "Age": 50, "Race": "Tlingit-Haida", "Occupation": "Cost Accountant", "Address": "14 Randy Place", "Email": "cchooterkn@google.com.au", "Phone": "823-127-8806", "Income": 71379.11, "Insurance": "NO", "CEOfficers": "Vincent Rosas", "CommunityID": 5, "EatingHabits": "Balanced diet" }, "geometry": { "type": "Point", "coordinates": [ -96.262109464800005, 30.599876160099999 ] } },
{ "type": "Feature", "properties": { "FID": 744, "ID": 745, "Longitude": -96.356384783799996, "Latitude": 30.5993493804, "Name": "Neile Kurth", "Gender": "Female", "Age": 65, "Race": "Filipino", "Occupation": "Teacher", "Address": "62 Dapin Alley", "Email": "htruesdaleko@mayoclinic.com", "Phone": "854-321-4088", "Income": 80036.93, "Insurance": "YES", "CEOfficers": "TAMU", "CommunityID": 99, "EatingHabits": "High-sugar diet" }, "geometry": { "type": "Point", "coordinates": [ -96.356384783799996, 30.5993493804 ] } },
{ "type": "Feature", "properties": { "FID": 745, "ID": 746, "Longitude": -96.274649643100005, "Latitude": 30.555786325100001, "Name": "Yasmeen Hornig", "Gender": "Male", "Age": 78, "Race": "Ottawa", "Occupation": "Product Engineer", "Address": "137 Kropf Place", "Email": "amaywoodkp@paginegialle.it", "Phone": "863-750-9198", "Income": 161146.46, "Insurance": "NO", "CEOfficers": "James Johnson", "CommunityID": 4, "EatingHabits": "Low-sugar diet" }, "geometry": { "type": "Point", "coordinates": [ -96.274649643100005, 30.555786325100001 ] } },
{ "type": "Feature", "properties": { "FID": 746, "ID": 747, "Longitude": -96.212776805399997, "Latitude": 30.557739592600001, "Name": "Artie Padbury", "Gender": "Female", "Age": 72, "Race": "Cuban", "Occupation": "Senior Cost Accountant", "Address": "48 La Follette Road", "Email": "ddamsellkq@nih.gov", "Phone": "913-771-5292", "Income": 93394.92, "Insurance": "YES", "CEOfficers": "James Johnson", "CommunityID": 4, "EatingHabits": "Balanced diet" }, "geometry": { "type": "Point", "coordinates": [ -96.212776805399997, 30.557739592600001 ] } },
{ "type": "Feature", "properties": { "FID": 747, "ID": 748, "Longitude": -96.354699031400003, "Latitude": 30.592803004899999, "Name": "Veronika Jerdon", "Gender": "Female", "Age": 66, "Race": "Guamanian", "Occupation": "Associate Professor", "Address": "6 Colorado Junction", "Email": "ccastiblancokr@mysql.com", "Phone": "582-829-2795", "Income": 15554.4, "Insurance": "NO", "CEOfficers": "TAMU", "CommunityID": 99, "EatingHabits": "High-sugar diet" }, "geometry": { "type": "Point", "coordinates": [ -96.354699031400003, 30.592803004899999 ] } },
{ "type": "Feature", "properties": { "FID": 748, "ID": 749, "Longitude": -96.293654083500002, "Latitude": 30.572912135399999, "Name": "Sayer Beynon", "Gender": "Male", "Age": 55, "Race": "Asian", "Occupation": "Analog Circuit Design manager", "Address": "74421 Saint Paul Court", "Email": "glodemannks@twitpic.com", "Phone": "752-972-9583", "Income": 20077.47, "Insurance": "YES", "CEOfficers": "Mark Szydlowski", "CommunityID": 3, "EatingHabits": "Low-sugar diet" }, "geometry": { "type": "Point", "coordinates": [ -96.293654083500002, 30.572912135399999 ] } },
{ "type": "Feature", "properties": { "FID": 749, "ID": 750, "Longitude": -96.377337080399997, "Latitude": 30.598450340700001, "Name": "Eadie Russan", "Gender": "Male", "Age": 18, "Race": "Hmong", "Occupation": "Registered Nurse", "Address": "732 Hagan Plaza", "Email": "hioselevichkt@amazon.co.jp", "Phone": "730-560-2505", "Income": 30098.64, "Insurance": "NO", "CEOfficers": "Francesca Spell", "CommunityID": 2, "EatingHabits": "Balanced diet" }, "geometry": { "type": "Point", "coordinates": [ -96.377337080399997, 30.598450340700001 ] } },
{ "type": "Feature", "properties": { "FID": 750, "ID": 751, "Longitude": -96.342753737199999, "Latitude": 30.562105065899999, "Name": "Fletcher Accombe", "Gender": "Genderfluid", "Age": 38, "Race": "Guatemalan", "Occupation": "Staff Scientist", "Address": "73 Ryan Road", "Email": "gormstonku@51.la", "Phone": "506-208-0729", "Income": 69961.35, "Insurance": "YES", "CEOfficers": "Mark Szydlowski", "CommunityID": 3, "EatingHabits": "High-sugar diet" }, "geometry": { "type": "Point", "coordinates": [ -96.342753737199999, 30.562105065899999 ] } },
{ "type": "Feature", "properties": { "FID": 751, "ID": 752, "Longitude": -96.217084246799999, "Latitude": 30.573833523200001, "Name": "Tracee Taye", "Gender": "Female", "Age": 51, "Race": "Cheyenne", "Occupation": "Account Coordinator", "Address": "14 Heffernan Road", "Email": "dsieurkv@posterous.com", "Phone": "327-256-4247", "Income": 97457.01, "Insurance": "NO", "CEOfficers": "James Johnson", "CommunityID": 4, "EatingHabits": "Low-sugar diet" }, "geometry": { "type": "Point", "coordinates": [ -96.217084246799999, 30.573833523200001 ] } },
{ "type": "Feature", "properties": { "FID": 752, "ID": 753, "Longitude": -96.275489880500004, "Latitude": 30.653217580100002, "Name": "Alleen O'Regan", "Gender": "Female", "Age": 57, "Race": "Pakistani", "Occupation": "Cost Accountant", "Address": "3 Onsgard Point", "Email": "abonifantkw@sciencedirect.com", "Phone": "102-486-2394", "Income": 14206.28, "Insurance": "YES", "CEOfficers": "Vincent Rosas", "CommunityID": 5, "EatingHabits": "Balanced diet" }, "geometry": { "type": "Point", "coordinates": [ -96.275489880500004, 30.653217580100002 ] } },
{ "type": "Feature", "properties": { "FID": 753, "ID": 754, "Longitude": -96.292959407200001, "Latitude": 30.597332935400001, "Name": "Sarette Loughead", "Gender": "Male", "Age": 59, "Race": "Houma", "Occupation": "Chief Design Engineer", "Address": "3685 Victoria Plaza", "Email": "hlangleykx@jimdo.com", "Phone": "483-157-8120", "Income": 172993.53, "Insurance": "NO", "CEOfficers": "Vincent Rosas", "CommunityID": 5, "EatingHabits": "High-sugar diet" }, "geometry": { "type": "Point", "coordinates": [ -96.292959407200001, 30.597332935400001 ] } },
{ "type": "Feature", "properties": { "FID": 754, "ID": 755, "Longitude": -96.269078044500006, "Latitude": 30.540333025799999, "Name": "Evita Soot", "Gender": "Female", "Age": 33, "Race": "Cheyenne", "Occupation": "Staff Accountant IV", "Address": "3977 Loeprich Alley", "Email": "pbakeky@desdev.cn", "Phone": "872-471-4381", "Income": 17000.97, "Insurance": "YES", "CEOfficers": "James Johnson", "CommunityID": 4, "EatingHabits": "Low-sugar diet" }, "geometry": { "type": "Point", "coordinates": [ -96.269078044500006, 30.540333025799999 ] } },
{ "type": "Feature", "properties": { "FID": 755, "ID": 756, "Longitude": -96.233619001600005, "Latitude": 30.578174177699999, "Name": "Forster Trill", "Gender": "Female", "Age": 66, "Race": "Seminole", "Occupation": "Senior Developer", "Address": "7959 Waywood Drive", "Email": "dballingerkz@ebay.com", "Phone": "136-372-5400", "Income": 67249.79, "Insurance": "NO", "CEOfficers": "James Johnson", "CommunityID": 4, "EatingHabits": "Balanced diet" }, "geometry": { "type": "Point", "coordinates": [ -96.233619001600005, 30.578174177699999 ] } },
{ "type": "Feature", "properties": { "FID": 756, "ID": 757, "Longitude": -96.336512721099993, "Latitude": 30.604664666000001, "Name": "Dallas Josum", "Gender": "Female", "Age": 46, "Race": "Guatemalan", "Occupation": "Chief Design Engineer", "Address": "2372 Scoville Drive", "Email": "smossopl0@cnbc.com", "Phone": "914-735-5331", "Income": 133564.04, "Insurance": "YES", "CEOfficers": "Adrienne Bishop", "CommunityID": 1, "EatingHabits": "High-sugar diet" }, "geometry": { "type": "Point", "coordinates": [ -96.336512721099993, 30.604664666 ] } },
{ "type": "Feature", "properties": { "FID": 757, "ID": 758, "Longitude": -96.2916460382, "Latitude": 30.6222719867, "Name": "Elroy Shrieves", "Gender": "Female", "Age": 50, "Race": "Bangladeshi", "Occupation": "Sales Representative", "Address": "7 Sage Center", "Email": "twinsperl1@google.it", "Phone": "158-690-3889", "Income": 17173.96, "Insurance": "NO", "CEOfficers": "Vincent Rosas", "CommunityID": 5, "EatingHabits": "Low-sugar diet" }, "geometry": { "type": "Point", "coordinates": [ -96.2916460382, 30.6222719867 ] } },
{ "type": "Feature", "properties": { "FID": 758, "ID": 759, "Longitude": -96.232661642500005, "Latitude": 30.555304557100001, "Name": "Arman Jeffs", "Gender": "Female", "Age": 51, "Race": "Yaqui", "Occupation": "Food Chemist", "Address": "8584 Karstens Crossing", "Email": "hleacockl2@domainmarket.com", "Phone": "461-103-1165", "Income": 112673.89, "Insurance": "YES", "CEOfficers": "James Johnson", "CommunityID": 4, "EatingHabits": "Balanced diet" }, "geometry": { "type": "Point", "coordinates": [ -96.232661642500005, 30.555304557100001 ] } },
{ "type": "Feature", "properties": { "FID": 759, "ID": 760, "Longitude": -96.301844306299998, "Latitude": 30.5457358584, "Name": "Zarah Liell", "Gender": "Female", "Age": 19, "Race": "Cherokee", "Occupation": "Actuary", "Address": "2 Evergreen Terrace", "Email": "aripperl3@slashdot.org", "Phone": "120-929-4271", "Income": 140564.71, "Insurance": "NO", "CEOfficers": "Francesca Spell", "CommunityID": 2, "EatingHabits": "High-sugar diet" }, "geometry": { "type": "Point", "coordinates": [ -96.301844306299998, 30.5457358584 ] } },
{ "type": "Feature", "properties": { "FID": 760, "ID": 761, "Longitude": -96.366548876099998, "Latitude": 30.581685630500001, "Name": "Gibby McPhelimy", "Gender": "Female", "Age": 42, "Race": "Japanese", "Occupation": "VP Accounting", "Address": "118 Morning Circle", "Email": "fcasellasl4@woothemes.com", "Phone": "253-607-8508", "Income": 49781.52, "Insurance": "YES", "CEOfficers": "TAMU", "CommunityID": 99, "EatingHabits": "Low-sugar diet" }, "geometry": { "type": "Point", "coordinates": [ -96.366548876099998, 30.581685630500001 ] } },
{ "type": "Feature", "properties": { "FID": 761, "ID": 762, "Longitude": -96.332019870799996, "Latitude": 30.563407272399999, "Name": "Gracie Ferbrache", "Gender": "Male", "Age": 52, "Race": "Filipino", "Occupation": "Junior Executive", "Address": "90735 Park Meadow Point", "Email": "dbenl5@weibo.com", "Phone": "173-964-4767", "Income": 139206.76, "Insurance": "NO", "CEOfficers": "Mark Szydlowski", "CommunityID": 3, "EatingHabits": "Balanced diet" }, "geometry": { "type": "Point", "coordinates": [ -96.332019870799996, 30.563407272399999 ] } },
{ "type": "Feature", "properties": { "FID": 762, "ID": 763, "Longitude": -96.356700413900001, "Latitude": 30.586289823400001, "Name": "Elvyn Fevier", "Gender": "Female", "Age": 28, "Race": "Yaqui", "Occupation": "Computer Systems Analyst I", "Address": "57 Everett Hill", "Email": "mbachmannl6@bigcartel.com", "Phone": "730-874-2840", "Income": 145343.42, "Insurance": "YES", "CEOfficers": "TAMU", "CommunityID": 99, "EatingHabits": "High-sugar diet" }, "geometry": { "type": "Point", "coordinates": [ -96.356700413900001, 30.586289823400001 ] } },
{ "type": "Feature", "properties": { "FID": 763, "ID": 764, "Longitude": -96.329929979400006, "Latitude": 30.589837902500001, "Name": "Lanita Joysey", "Gender": "Male", "Age": 38, "Race": "Crow", "Occupation": "Speech Pathologist", "Address": "82089 Karstens Park", "Email": "blesurfl7@un.org", "Phone": "968-365-6067", "Income": 78686.94, "Insurance": "NO", "CEOfficers": "Adrienne Bishop", "CommunityID": 1, "EatingHabits": "Low-sugar diet" }, "geometry": { "type": "Point", "coordinates": [ -96.329929979400006, 30.589837902500001 ] } },
{ "type": "Feature", "properties": { "FID": 764, "ID": 765, "Longitude": -96.278087586300003, "Latitude": 30.557246570499998, "Name": "Claudius Wareing", "Gender": "Male", "Age": 70, "Race": "Chippewa", "Occupation": "Structural Analysis Engineer", "Address": "2 Pierstorff Parkway", "Email": "erawsenl8@sbwire.com", "Phone": "644-536-3126", "Income": 180469.3, "Insurance": "YES", "CEOfficers": "James Johnson", "CommunityID": 4, "EatingHabits": "Balanced diet" }, "geometry": { "type": "Point", "coordinates": [ -96.278087586300003, 30.557246570499998 ] } },
{ "type": "Feature", "properties": { "FID": 765, "ID": 766, "Longitude": -96.330956854799993, "Latitude": 30.625422477499999, "Name": "Ethe Meritt", "Gender": "Male", "Age": 59, "Race": "Colombian", "Occupation": "Technical Writer", "Address": "8975 Cody Terrace", "Email": "tniscol9@paypal.com", "Phone": "909-690-3649", "Income": 49115.66, "Insurance": "NO", "CEOfficers": "Adrienne Bishop", "CommunityID": 1, "EatingHabits": "High-sugar diet" }, "geometry": { "type": "Point", "coordinates": [ -96.330956854799993, 30.625422477499999 ] } },
{ "type": "Feature", "properties": { "FID": 766, "ID": 767, "Longitude": -96.248862419700004, "Latitude": 30.586075803699998, "Name": "Leodora Aberdalgy", "Gender": "Male", "Age": 20, "Race": "Tongan", "Occupation": "Legal Assistant", "Address": "60436 Ilene Parkway", "Email": "ffaillla@unicef.org", "Phone": "199-892-9966", "Income": 193071.55, "Insurance": "YES", "CEOfficers": "Vincent Rosas", "CommunityID": 5, "EatingHabits": "Low-sugar diet" }, "geometry": { "type": "Point", "coordinates": [ -96.248862419700004, 30.586075803699998 ] } },
{ "type": "Feature", "properties": { "FID": 767, "ID": 768, "Longitude": -96.246789874599997, "Latitude": 30.568021340400001, "Name": "Reese Irlam", "Gender": "Male", "Age": 64, "Race": "Paiute", "Occupation": "Marketing Manager", "Address": "35828 Hallows Way", "Email": "lstubbinlb@angelfire.com", "Phone": "606-351-1099", "Income": 60960.98, "Insurance": "NO", "CEOfficers": "James Johnson", "CommunityID": 4, "EatingHabits": "Balanced diet" }, "geometry": { "type": "Point", "coordinates": [ -96.246789874599997, 30.568021340400001 ] } },
{ "type": "Feature", "properties": { "FID": 768, "ID": 769, "Longitude": -96.363250929700001, "Latitude": 30.566177756599998, "Name": "Tersina Mimmack", "Gender": "Female", "Age": 59, "Race": "Sioux", "Occupation": "Automation Specialist II", "Address": "5 6th Circle", "Email": "ahinckslc@earthlink.net", "Phone": "506-745-2292", "Income": 166609.05, "Insurance": "YES", "CEOfficers": "TAMU", "CommunityID": 99, "EatingHabits": "High-sugar diet" }, "geometry": { "type": "Point", "coordinates": [ -96.363250929700001, 30.566177756599998 ] } },
{ "type": "Feature", "properties": { "FID": 769, "ID": 770, "Longitude": -96.227156171100006, "Latitude": 30.549582151599999, "Name": "Jobye Corteney", "Gender": "Female", "Age": 45, "Race": "Native Hawaiian and Other Pacific Islander (NHPI)", "Occupation": "Programmer IV", "Address": "720 Hayes Lane", "Email": "ajupeld@reverbnation.com", "Phone": "346-223-9480", "Income": 156264.32, "Insurance": "NO", "CEOfficers": "James Johnson", "CommunityID": 4, "EatingHabits": "Low-sugar diet" }, "geometry": { "type": "Point", "coordinates": [ -96.227156171100006, 30.549582151599999 ] } },
{ "type": "Feature", "properties": { "FID": 770, "ID": 771, "Longitude": -96.210516994499997, "Latitude": 30.5747313671, "Name": "Gasparo McLauchlin", "Gender": "Male", "Age": 33, "Race": "Chickasaw", "Occupation": "Executive Secretary", "Address": "706 Stuart Terrace", "Email": "gzisnerosle@hostgator.com", "Phone": "635-203-6400", "Income": 132299.74, "Insurance": "YES", "CEOfficers": "James Johnson", "CommunityID": 4, "EatingHabits": "Balanced diet" }, "geometry": { "type": "Point", "coordinates": [ -96.210516994499997, 30.5747313671 ] } },
{ "type": "Feature", "properties": { "FID": 771, "ID": 772, "Longitude": -96.3208697341, "Latitude": 30.610974469199999, "Name": "Kalinda Packwood", "Gender": "Male", "Age": 74, "Race": "Lumbee", "Occupation": "Electrical Engineer", "Address": "1902 Memorial Circle", "Email": "kreadingslf@tmall.com", "Phone": "102-771-9040", "Income": 196384.43, "Insurance": "NO", "CEOfficers": "Mark Szydlowski", "CommunityID": 3, "EatingHabits": "High-sugar diet" }, "geometry": { "type": "Point", "coordinates": [ -96.3208697341, 30.610974469199999 ] } },
{ "type": "Feature", "properties": { "FID": 772, "ID": 773, "Longitude": -96.237732165799997, "Latitude": 30.5667590288, "Name": "Thaxter Benns", "Gender": "Male", "Age": 56, "Race": "Puerto Rican", "Occupation": "Product Engineer", "Address": "1 Laurel Place", "Email": "npainelg@abc.net.au", "Phone": "330-147-3352", "Income": 71357.23, "Insurance": "YES", "CEOfficers": "James Johnson", "CommunityID": 4, "EatingHabits": "Low-sugar diet" }, "geometry": { "type": "Point", "coordinates": [ -96.237732165799997, 30.5667590288 ] } },
{ "type": "Feature", "properties": { "FID": 773, "ID": 774, "Longitude": -96.284903085899998, "Latitude": 30.6142042243, "Name": "Christa Sweetzer", "Gender": "Female", "Age": 62, "Race": "Yaqui", "Occupation": "Human Resources Manager", "Address": "75 Rieder Hill", "Email": "btardifflh@diigo.com", "Phone": "974-953-7511", "Income": 126210.37, "Insurance": "NO", "CEOfficers": "Vincent Rosas", "CommunityID": 5, "EatingHabits": "Balanced diet" }, "geometry": { "type": "Point", "coordinates": [ -96.284903085899998, 30.6142042243 ] } },
{ "type": "Feature", "properties": { "FID": 774, "ID": 775, "Longitude": -96.324464122799995, "Latitude": 30.635068606499999, "Name": "Willis Lillford", "Gender": "Female", "Age": 57, "Race": "Micronesian", "Occupation": "Administrative Assistant IV", "Address": "728 Maple Hill", "Email": "lhamli@twitter.com", "Phone": "119-771-4830", "Income": 51819.99, "Insurance": "YES", "CEOfficers": "Vincent Rosas", "CommunityID": 5, "EatingHabits": "High-sugar diet" }, "geometry": { "type": "Point", "coordinates": [ -96.324464122799995, 30.635068606499999 ] } },
{ "type": "Feature", "properties": { "FID": 775, "ID": 776, "Longitude": -96.248066021300005, "Latitude": 30.578212629399999, "Name": "Costa Suett", "Gender": "Female", "Age": 29, "Race": "Tongan", "Occupation": "Food Chemist", "Address": "7 Fair Oaks Lane", "Email": "ppygottlj@bloglines.com", "Phone": "508-617-6954", "Income": 164574.79, "Insurance": "NO", "CEOfficers": "James Johnson", "CommunityID": 4, "EatingHabits": "Low-sugar diet" }, "geometry": { "type": "Point", "coordinates": [ -96.248066021300005, 30.578212629399999 ] } },
{ "type": "Feature", "properties": { "FID": 776, "ID": 777, "Longitude": -96.222925211200007, "Latitude": 30.548848156599998, "Name": "Rip Perello", "Gender": "Female", "Age": 33, "Race": "Japanese", "Occupation": "Registered Nurse", "Address": "3698 Pond Center", "Email": "cmundylk@mysql.com", "Phone": "819-254-7665", "Income": 75862.02, "Insurance": "YES", "CEOfficers": "James Johnson", "CommunityID": 4, "EatingHabits": "Balanced diet" }, "geometry": { "type": "Point", "coordinates": [ -96.222925211200007, 30.548848156599998 ] } },
{ "type": "Feature", "properties": { "FID": 777, "ID": 778, "Longitude": -96.281060531199998, "Latitude": 30.58251812, "Name": "Ramsay Alennikov", "Gender": "Male", "Age": 30, "Race": "Thai", "Occupation": "Administrative Assistant III", "Address": "691 Ohio Way", "Email": "pvallackll@cloudflare.com", "Phone": "996-417-7560", "Income": 124194.5, "Insurance": "NO", "CEOfficers": "James Johnson", "CommunityID": 4, "EatingHabits": "High-sugar diet" }, "geometry": { "type": "Point", "coordinates": [ -96.281060531199998, 30.58251812 ] } },
{ "type": "Feature", "properties": { "FID": 778, "ID": 779, "Longitude": -96.282680505299993, "Latitude": 30.551790100600002, "Name": "Talbot Hoxey", "Gender": "Genderqueer", "Age": 48, "Race": "Melanesian", "Occupation": "Health Coach I", "Address": "88971 Amoth Parkway", "Email": "nbromontlm@ebay.com", "Phone": "670-906-9662", "Income": 51532.1, "Insurance": "YES", "CEOfficers": "James Johnson", "CommunityID": 4, "EatingHabits": "Low-sugar diet" }, "geometry": { "type": "Point", "coordinates": [ -96.282680505299993, 30.551790100600002 ] } },
{ "type": "Feature", "properties": { "FID": 779, "ID": 780, "Longitude": -96.366178635599994, "Latitude": 30.583649611599999, "Name": "Kora Challice", "Gender": "Female", "Age": 42, "Race": "Honduran", "Occupation": "Data Coordinator", "Address": "1 Boyd Terrace", "Email": "lbussln@spotify.com", "Phone": "206-365-0734", "Income": 63424.94, "Insurance": "NO", "CEOfficers": "TAMU", "CommunityID": 99, "EatingHabits": "Balanced diet" }, "geometry": { "type": "Point", "coordinates": [ -96.366178635599994, 30.583649611599999 ] } },
{ "type": "Feature", "properties": { "FID": 780, "ID": 781, "Longitude": -96.322363303200007, "Latitude": 30.6164007689, "Name": "Corrina Morrad", "Gender": "Male", "Age": 42, "Race": "Native Hawaiian", "Occupation": "Project Manager", "Address": "9 Washington Avenue", "Email": "dcrossmanlo@blogger.com", "Phone": "860-608-3637", "Income": 49294.25, "Insurance": "YES", "CEOfficers": "Mark Szydlowski", "CommunityID": 3, "EatingHabits": "High-sugar diet" }, "geometry": { "type": "Point", "coordinates": [ -96.322363303200007, 30.6164007689 ] } },
{ "type": "Feature", "properties": { "FID": 781, "ID": 782, "Longitude": -96.236738990199996, "Latitude": 30.562151177800001, "Name": "Othella Corter", "Gender": "Male", "Age": 48, "Race": "Lumbee", "Occupation": "Geologist I", "Address": "22797 Ridgeview Court", "Email": "rlickorishlp@blogs.com", "Phone": "660-911-2992", "Income": 180457.62, "Insurance": "NO", "CEOfficers": "James Johnson", "CommunityID": 4, "EatingHabits": "Low-sugar diet" }, "geometry": { "type": "Point", "coordinates": [ -96.236738990199996, 30.562151177800001 ] } },
{ "type": "Feature", "properties": { "FID": 782, "ID": 783, "Longitude": -96.302030024199993, "Latitude": 30.560558246199999, "Name": "Colby Python", "Gender": "Male", "Age": 61, "Race": "Cheyenne", "Occupation": "Senior Financial Analyst", "Address": "0682 Ridge Oak Parkway", "Email": "csleafordlq@indiatimes.com", "Phone": "131-199-3774", "Income": 199559.33, "Insurance": "YES", "CEOfficers": "James Johnson", "CommunityID": 4, "EatingHabits": "Balanced diet" }, "geometry": { "type": "Point", "coordinates": [ -96.302030024199993, 30.560558246199999 ] } },
{ "type": "Feature", "properties": { "FID": 783, "ID": 784, "Longitude": -96.302247990400005, "Latitude": 30.604322462300001, "Name": "Kenneth Limpertz", "Gender": "Female", "Age": 52, "Race": "Native Hawaiian and Other Pacific Islander (NHPI)", "Occupation": "Chemical Engineer", "Address": "093 Fordem Junction", "Email": "ucoventrylr@telegraph.co.uk", "Phone": "991-663-3900", "Income": 88199.6, "Insurance": "NO", "CEOfficers": "Vincent Rosas", "CommunityID": 5, "EatingHabits": "High-sugar diet" }, "geometry": { "type": "Point", "coordinates": [ -96.302247990400005, 30.604322462300001 ] } },
{ "type": "Feature", "properties": { "FID": 784, "ID": 785, "Longitude": -96.332495380400005, "Latitude": 30.632519768200002, "Name": "Neille Hallwood", "Gender": "Female", "Age": 29, "Race": "American Indian and Alaska Native (AIAN)", "Occupation": "Sales Representative", "Address": "638 Kropf Terrace", "Email": "dtebbuttls@jalbum.net", "Phone": "758-421-2839", "Income": 17227.53, "Insurance": "YES", "CEOfficers": "Adrienne Bishop", "CommunityID": 1, "EatingHabits": "Low-sugar diet" }, "geometry": { "type": "Point", "coordinates": [ -96.332495380400005, 30.632519768200002 ] } },
{ "type": "Feature", "properties": { "FID": 785, "ID": 786, "Longitude": -96.302127872300005, "Latitude": 30.540041460099999, "Name": "Travers Detheridge", "Gender": "Female", "Age": 75, "Race": "Tohono O'Odham", "Occupation": "Cost Accountant", "Address": "2980 High Crossing Junction", "Email": "bdreganlt@spiegel.de", "Phone": "157-834-6347", "Income": 167127.95, "Insurance": "NO", "CEOfficers": "Francesca Spell", "CommunityID": 2, "EatingHabits": "Balanced diet" }, "geometry": { "type": "Point", "coordinates": [ -96.302127872300005, 30.540041460099999 ] } },
{ "type": "Feature", "properties": { "FID": 786, "ID": 787, "Longitude": -96.298443021699995, "Latitude": 30.579532923599999, "Name": "Langston Denisyev", "Gender": "Female", "Age": 61, "Race": "Puget Sound Salish", "Occupation": "Executive Secretary", "Address": "4 Beilfuss Court", "Email": "gmacdermandlu@shareasale.com", "Phone": "147-962-1171", "Income": 89015.95, "Insurance": "YES", "CEOfficers": "Mark Szydlowski", "CommunityID": 3, "EatingHabits": "High-sugar diet" }, "geometry": { "type": "Point", "coordinates": [ -96.298443021699995, 30.579532923599999 ] } },
{ "type": "Feature", "properties": { "FID": 787, "ID": 788, "Longitude": -96.299247673699995, "Latitude": 30.5219832025, "Name": "Eleonore Townson", "Gender": "Female", "Age": 52, "Race": "Seminole", "Occupation": "Cost Accountant", "Address": "86185 Karstens Way", "Email": "swealllv@scribd.com", "Phone": "559-322-9915", "Income": 145158.25, "Insurance": "NO", "CEOfficers": "James Johnson", "CommunityID": 4, "EatingHabits": "Low-sugar diet" }, "geometry": { "type": "Point", "coordinates": [ -96.299247673699995, 30.5219832025 ] } },
{ "type": "Feature", "properties": { "FID": 788, "ID": 789, "Longitude": -96.218051247600002, "Latitude": 30.600834060699999, "Name": "Ebonee Pucknell", "Gender": "Female", "Age": 52, "Race": "Malaysian", "Occupation": "Speech Pathologist", "Address": "953 Sutherland Parkway", "Email": "jbreddylw@miitbeian.gov.cn", "Phone": "858-664-8641", "Income": 147185.32, "Insurance": "YES", "CEOfficers": "Vincent Rosas", "CommunityID": 5, "EatingHabits": "Balanced diet" }, "geometry": { "type": "Point", "coordinates": [ -96.218051247600002, 30.600834060699999 ] } },
{ "type": "Feature", "properties": { "FID": 789, "ID": 790, "Longitude": -96.321130584800002, "Latitude": 30.589801190199999, "Name": "Anatol Castell", "Gender": "Female", "Age": 59, "Race": "Filipino", "Occupation": "Software Test Engineer IV", "Address": "6241 Northport Terrace", "Email": "lsunmanlx@salon.com", "Phone": "562-813-1588", "Income": 74603.03, "Insurance": "NO", "CEOfficers": "Adrienne Bishop", "CommunityID": 1, "EatingHabits": "High-sugar diet" }, "geometry": { "type": "Point", "coordinates": [ -96.321130584800002, 30.589801190199999 ] } },
{ "type": "Feature", "properties": { "FID": 790, "ID": 791, "Longitude": -96.210407533700007, "Latitude": 30.554803655499999, "Name": "Tallou Lismer", "Gender": "Female", "Age": 54, "Race": "Asian Indian", "Occupation": "Accountant I", "Address": "1995 Laurel Parkway", "Email": "skolodziejskily@php.net", "Phone": "844-626-1008", "Income": 37414.26, "Insurance": "YES", "CEOfficers": "James Johnson", "CommunityID": 4, "EatingHabits": "Low-sugar diet" }, "geometry": { "type": "Point", "coordinates": [ -96.210407533700007, 30.554803655499999 ] } },
{ "type": "Feature", "properties": { "FID": 791, "ID": 792, "Longitude": -96.291412411899998, "Latitude": 30.5866189734, "Name": "Xever Privost", "Gender": "Male", "Age": 39, "Race": "Asian Indian", "Occupation": "Compensation Analyst", "Address": "96 Sauthoff Court", "Email": "wimpsonlz@reference.com", "Phone": "637-616-8956", "Income": 59158.52, "Insurance": "NO", "CEOfficers": "Mark Szydlowski", "CommunityID": 3, "EatingHabits": "Balanced diet" }, "geometry": { "type": "Point", "coordinates": [ -96.291412411899998, 30.5866189734 ] } },
{ "type": "Feature", "properties": { "FID": 792, "ID": 793, "Longitude": -96.285190147600005, "Latitude": 30.598302312000001, "Name": "Stephen Dovington", "Gender": "Male", "Age": 43, "Race": "Navajo", "Occupation": "Senior Editor", "Address": "666 Erie Parkway", "Email": "bhotsonm0@about.me", "Phone": "515-359-8728", "Income": 74787.89, "Insurance": "YES", "CEOfficers": "Vincent Rosas", "CommunityID": 5, "EatingHabits": "High-sugar diet" }, "geometry": { "type": "Point", "coordinates": [ -96.285190147600005, 30.598302312 ] } },
{ "type": "Feature", "properties": { "FID": 793, "ID": 794, "Longitude": -96.262410210699997, "Latitude": 30.597480168899999, "Name": "Ky Crocombe", "Gender": "Non-binary", "Age": 46, "Race": "Sioux", "Occupation": "Environmental Specialist", "Address": "7768 Sunnyside Way", "Email": "edederickm1@typepad.com", "Phone": "253-251-8716", "Income": 63110.69, "Insurance": "NO", "CEOfficers": "Vincent Rosas", "CommunityID": 5, "EatingHabits": "Low-sugar diet" }, "geometry": { "type": "Point", "coordinates": [ -96.262410210699997, 30.597480168899999 ] } },
{ "type": "Feature", "properties": { "FID": 794, "ID": 795, "Longitude": -96.3426964879, "Latitude": 30.597650031499999, "Name": "Guglielmo Spurnier", "Gender": "Female", "Age": 68, "Race": "White", "Occupation": "Accounting Assistant II", "Address": "59916 Packers Junction", "Email": "cellsonm2@comcast.net", "Phone": "364-645-2491", "Income": 196398.4, "Insurance": "YES", "CEOfficers": "TAMU", "CommunityID": 99, "EatingHabits": "Balanced diet" }, "geometry": { "type": "Point", "coordinates": [ -96.3426964879, 30.597650031499999 ] } },
{ "type": "Feature", "properties": { "FID": 795, "ID": 796, "Longitude": -96.291849556800003, "Latitude": 30.523229736099999, "Name": "Dolly Quin", "Gender": "Genderqueer", "Age": 42, "Race": "Puget Sound Salish", "Occupation": "Social Worker", "Address": "911 Bartillon Pass", "Email": "kharborm3@cnbc.com", "Phone": "599-379-0230", "Income": 26263.14, "Insurance": "NO", "CEOfficers": "James Johnson", "CommunityID": 4, "EatingHabits": "High-sugar diet" }, "geometry": { "type": "Point", "coordinates": [ -96.291849556800003, 30.523229736099999 ] } },
{ "type": "Feature", "properties": { "FID": 796, "ID": 797, "Longitude": -96.302048360599997, "Latitude": 30.548629782, "Name": "Rosemonde Yve", "Gender": "Male", "Age": 27, "Race": "Puget Sound Salish", "Occupation": "Business Systems Development Analyst", "Address": "006 Mitchell Center", "Email": "hranvoisem4@businessinsider.com", "Phone": "688-447-5366", "Income": 103594.94, "Insurance": "YES", "CEOfficers": "Francesca Spell", "CommunityID": 2, "EatingHabits": "Low-sugar diet" }, "geometry": { "type": "Point", "coordinates": [ -96.302048360599997, 30.548629782 ] } },
{ "type": "Feature", "properties": { "FID": 797, "ID": 798, "Longitude": -96.286433867100001, "Latitude": 30.6251616857, "Name": "Zachary Thurner", "Gender": "Female", "Age": 44, "Race": "Asian", "Occupation": "Recruiting Manager", "Address": "830 Novick Terrace", "Email": "iwardm5@a8.net", "Phone": "334-151-5342", "Income": 65421.45, "Insurance": "NO", "CEOfficers": "Vincent Rosas", "CommunityID": 5, "EatingHabits": "Balanced diet" }, "geometry": { "type": "Point", "coordinates": [ -96.286433867100001, 30.6251616857 ] } },
{ "type": "Feature", "properties": { "FID": 798, "ID": 799, "Longitude": -96.225927495500002, "Latitude": 30.5802275271, "Name": "Jesse Spight", "Gender": "Male", "Age": 71, "Race": "Panamanian", "Occupation": "Clinical Specialist", "Address": "399 West Park", "Email": "mbruntonm6@meetup.com", "Phone": "483-202-8842", "Income": 195043.22, "Insurance": "YES", "CEOfficers": "James Johnson", "CommunityID": 4, "EatingHabits": "High-sugar diet" }, "geometry": { "type": "Point", "coordinates": [ -96.225927495500002, 30.5802275271 ] } },
{ "type": "Feature", "properties": { "FID": 799, "ID": 800, "Longitude": -96.364604287999995, "Latitude": 30.575046538599999, "Name": "Timothy Janiak", "Gender": "Female", "Age": 71, "Race": "Sioux", "Occupation": "Structural Engineer", "Address": "25 Talmadge Place", "Email": "imcnellym7@telegraph.co.uk", "Phone": "235-434-4012", "Income": 134853.27, "Insurance": "NO", "CEOfficers": "TAMU", "CommunityID": 99, "EatingHabits": "Low-sugar diet" }, "geometry": { "type": "Point", "coordinates": [ -96.364604288, 30.575046538599999 ] } },
{ "type": "Feature", "properties": { "FID": 800, "ID": 801, "Longitude": -96.287429632300004, "Latitude": 30.547871686800001, "Name": "Allyson Blowers", "Gender": "Female", "Age": 22, "Race": "Yakama", "Occupation": "Statistician II", "Address": "9 Hoard Terrace", "Email": "tungerechtsm8@columbia.edu", "Phone": "790-105-2183", "Income": 101112.01, "Insurance": "YES", "CEOfficers": "James Johnson", "CommunityID": 4, "EatingHabits": "Balanced diet" }, "geometry": { "type": "Point", "coordinates": [ -96.287429632300004, 30.547871686800001 ] } },
{ "type": "Feature", "properties": { "FID": 801, "ID": 802, "Longitude": -96.305811612400007, "Latitude": 30.6433155904, "Name": "Carmelia Versey", "Gender": "Bigender", "Age": 78, "Race": "Spaniard", "Occupation": "Analyst Programmer", "Address": "382 Pawling Circle", "Email": "dduesburym9@sciencedaily.com", "Phone": "979-158-4332", "Income": 61249.55, "Insurance": "NO", "CEOfficers": "Vincent Rosas", "CommunityID": 5, "EatingHabits": "High-sugar diet" }, "geometry": { "type": "Point", "coordinates": [ -96.305811612400007, 30.6433155904 ] } },
{ "type": "Feature", "properties": { "FID": 802, "ID": 803, "Longitude": -96.2888914981, "Latitude": 30.592926308399999, "Name": "Shae Poppleston", "Gender": "Genderfluid", "Age": 77, "Race": "Alaska Native", "Occupation": "Chief Design Engineer", "Address": "78212 Petterle Park", "Email": "vcockerillma@discovery.com", "Phone": "270-167-0896", "Income": 121599.64, "Insurance": "YES", "CEOfficers": "Vincent Rosas", "CommunityID": 5, "EatingHabits": "Low-sugar diet" }, "geometry": { "type": "Point", "coordinates": [ -96.2888914981, 30.592926308399999 ] } },
{ "type": "Feature", "properties": { "FID": 803, "ID": 804, "Longitude": -96.361967067099997, "Latitude": 30.5924155698, "Name": "Feodor Sarath", "Gender": "Male", "Age": 29, "Race": "Tlingit-Haida", "Occupation": "Engineer I", "Address": "983 Maple Wood Lane", "Email": "klittlejohnsmb@g.co", "Phone": "178-143-6561", "Income": 59004.94, "Insurance": "NO", "CEOfficers": "TAMU", "CommunityID": 99, "EatingHabits": "Balanced diet" }, "geometry": { "type": "Point", "coordinates": [ -96.361967067099997, 30.5924155698 ] } },
{ "type": "Feature", "properties": { "FID": 804, "ID": 805, "Longitude": -96.372998451699999, "Latitude": 30.578300538800001, "Name": "Kiele Sidey", "Gender": "Male", "Age": 79, "Race": "Tongan", "Occupation": "VP Quality Control", "Address": "55873 Armistice Court", "Email": "clehouxmc@wired.com", "Phone": "562-884-6707", "Income": 89839.38, "Insurance": "YES", "CEOfficers": "TAMU", "CommunityID": 99, "EatingHabits": "High-sugar diet" }, "geometry": { "type": "Point", "coordinates": [ -96.372998451699999, 30.578300538800001 ] } },
{ "type": "Feature", "properties": { "FID": 805, "ID": 806, "Longitude": -96.351410564600002, "Latitude": 30.585274971400001, "Name": "Ritchie Wethered", "Gender": "Female", "Age": 44, "Race": "Paiute", "Occupation": "Administrative Officer", "Address": "9 Mendota Parkway", "Email": "abinchmd@constantcontact.com", "Phone": "678-970-3631", "Income": 174201.35, "Insurance": "NO", "CEOfficers": "TAMU", "CommunityID": 99, "EatingHabits": "Low-sugar diet" }, "geometry": { "type": "Point", "coordinates": [ -96.351410564600002, 30.585274971400001 ] } },
{ "type": "Feature", "properties": { "FID": 806, "ID": 807, "Longitude": -96.290435722200002, "Latitude": 30.53903328, "Name": "Kandy Aubery", "Gender": "Female", "Age": 38, "Race": "Lumbee", "Occupation": "Programmer II", "Address": "0164 Colorado Center", "Email": "drosellme@mtv.com", "Phone": "129-313-1341", "Income": 152782.83, "Insurance": "YES", "CEOfficers": "James Johnson", "CommunityID": 4, "EatingHabits": "Balanced diet" }, "geometry": { "type": "Point", "coordinates": [ -96.290435722200002, 30.53903328 ] } },
{ "type": "Feature", "properties": { "FID": 807, "ID": 808, "Longitude": -96.275464454599998, "Latitude": 30.589506121500001, "Name": "Irvine Meagher", "Gender": "Male", "Age": 24, "Race": "Lumbee", "Occupation": "Financial Advisor", "Address": "118 Quincy Avenue", "Email": "dschruyersmf@sina.com.cn", "Phone": "532-144-4066", "Income": 124641.04, "Insurance": "NO", "CEOfficers": "Vincent Rosas", "CommunityID": 5, "EatingHabits": "High-sugar diet" }, "geometry": { "type": "Point", "coordinates": [ -96.275464454599998, 30.589506121500001 ] } },
{ "type": "Feature", "properties": { "FID": 808, "ID": 809, "Longitude": -96.230898022399998, "Latitude": 30.5594007694, "Name": "Jervis Powdrill", "Gender": "Female", "Age": 28, "Race": "Chickasaw", "Occupation": "Paralegal", "Address": "05 Becker Junction", "Email": "rmerryweathermg@shutterfly.com", "Phone": "577-886-4811", "Income": 83663.06, "Insurance": "YES", "CEOfficers": "James Johnson", "CommunityID": 4, "EatingHabits": "Low-sugar diet" }, "geometry": { "type": "Point", "coordinates": [ -96.230898022399998, 30.5594007694 ] } },
{ "type": "Feature", "properties": { "FID": 809, "ID": 810, "Longitude": -96.367001922399993, "Latitude": 30.573791332700001, "Name": "Barbie Simon", "Gender": "Female", "Age": 47, "Race": "Osage", "Occupation": "Health Coach II", "Address": "06 Golf Crossing", "Email": "mgallopmh@discovery.com", "Phone": "951-768-9219", "Income": 147203.51, "Insurance": "NO", "CEOfficers": "TAMU", "CommunityID": 99, "EatingHabits": "Balanced diet" }, "geometry": { "type": "Point", "coordinates": [ -96.367001922399993, 30.573791332700001 ] } },
{ "type": "Feature", "properties": { "FID": 810, "ID": 811, "Longitude": -96.322742180600002, "Latitude": 30.589571890199998, "Name": "Derrik McTrustram", "Gender": "Female", "Age": 58, "Race": "Chamorro", "Occupation": "Account Executive", "Address": "580 Hoffman Way", "Email": "lchalcotmi@thetimes.co.uk", "Phone": "209-611-7499", "Income": 108947.57, "Insurance": "YES", "CEOfficers": "Adrienne Bishop", "CommunityID": 1, "EatingHabits": "High-sugar diet" }, "geometry": { "type": "Point", "coordinates": [ -96.322742180600002, 30.589571890199998 ] } },
{ "type": "Feature", "properties": { "FID": 811, "ID": 812, "Longitude": -96.279781267700002, "Latitude": 30.609668792499999, "Name": "Lolita Tarbett", "Gender": "Male", "Age": 76, "Race": "Ottawa", "Occupation": "Compensation Analyst", "Address": "89 Crescent Oaks Hill", "Email": "omcillroymj@com.com", "Phone": "639-683-4767", "Income": 100322.61, "Insurance": "NO", "CEOfficers": "Vincent Rosas", "CommunityID": 5, "EatingHabits": "Low-sugar diet" }, "geometry": { "type": "Point", "coordinates": [ -96.279781267700002, 30.609668792499999 ] } },
{ "type": "Feature", "properties": { "FID": 812, "ID": 813, "Longitude": -96.300221197300004, "Latitude": 30.610114646, "Name": "Kacie Stollsteiner", "Gender": "Bigender", "Age": 72, "Race": "Aleut", "Occupation": "Senior Quality Engineer", "Address": "67331 Monument Lane", "Email": "jdeniscomk@wikispaces.com", "Phone": "983-452-1378", "Income": 69648.9, "Insurance": "YES", "CEOfficers": "Vincent Rosas", "CommunityID": 5, "EatingHabits": "Balanced diet" }, "geometry": { "type": "Point", "coordinates": [ -96.300221197300004, 30.610114646 ] } },
{ "type": "Feature", "properties": { "FID": 813, "ID": 814, "Longitude": -96.334571018299997, "Latitude": 30.6189829, "Name": "Ofilia Hawke", "Gender": "Male", "Age": 69, "Race": "Cree", "Occupation": "Executive Secretary", "Address": "2 Morning Circle", "Email": "pkohnml@prnewswire.com", "Phone": "723-514-8198", "Income": 160723.21, "Insurance": "NO", "CEOfficers": "TAMU", "CommunityID": 99, "EatingHabits": "High-sugar diet" }, "geometry": { "type": "Point", "coordinates": [ -96.334571018299997, 30.6189829 ] } },
{ "type": "Feature", "properties": { "FID": 814, "ID": 815, "Longitude": -96.279006412699999, "Latitude": 30.5813907243, "Name": "Yanaton Izen", "Gender": "Male", "Age": 43, "Race": "Native Hawaiian", "Occupation": "Civil Engineer", "Address": "0 Porter Crossing", "Email": "jspratleymm@yolasite.com", "Phone": "317-416-8060", "Income": 129862.98, "Insurance": "YES", "CEOfficers": "James Johnson", "CommunityID": 4, "EatingHabits": "Low-sugar diet" }, "geometry": { "type": "Point", "coordinates": [ -96.279006412699999, 30.5813907243 ] } },
{ "type": "Feature", "properties": { "FID": 815, "ID": 816, "Longitude": -96.275220034900002, "Latitude": 30.5748287284, "Name": "Wakefield Pascall", "Gender": "Genderfluid", "Age": 75, "Race": "Pima", "Occupation": "Environmental Specialist", "Address": "511 La Follette Alley", "Email": "dastinmn@webeden.co.uk", "Phone": "768-127-5839", "Income": 78712.62, "Insurance": "NO", "CEOfficers": "James Johnson", "CommunityID": 4, "EatingHabits": "Balanced diet" }, "geometry": { "type": "Point", "coordinates": [ -96.275220034900002, 30.5748287284 ] } },
{ "type": "Feature", "properties": { "FID": 816, "ID": 817, "Longitude": -96.337158920500002, "Latitude": 30.628855442500001, "Name": "Carlina Barbosa", "Gender": "Female", "Age": 23, "Race": "Uruguayan", "Occupation": "Professor", "Address": "5498 Lillian Crossing", "Email": "jblankomo@webeden.co.uk", "Phone": "154-743-2127", "Income": 110116.19, "Insurance": "YES", "CEOfficers": "Adrienne Bishop", "CommunityID": 1, "EatingHabits": "High-sugar diet" }, "geometry": { "type": "Point", "coordinates": [ -96.337158920500002, 30.628855442500001 ] } },
{ "type": "Feature", "properties": { "FID": 817, "ID": 818, "Longitude": -96.310255707400003, "Latitude": 30.5932894645, "Name": "Moore Manuelli", "Gender": "Female", "Age": 36, "Race": "Ottawa", "Occupation": "Web Developer II", "Address": "8 Melrose Lane", "Email": "biwanczykmp@gizmodo.com", "Phone": "305-271-9155", "Income": 70690.17, "Insurance": "NO", "CEOfficers": "Mark Szydlowski", "CommunityID": 3, "EatingHabits": "Low-sugar diet" }, "geometry": { "type": "Point", "coordinates": [ -96.310255707400003, 30.5932894645 ] } },
{ "type": "Feature", "properties": { "FID": 818, "ID": 819, "Longitude": -96.301403095599994, "Latitude": 30.646247464000002, "Name": "Benjamen Kwiek", "Gender": "Male", "Age": 38, "Race": "Paiute", "Occupation": "Sales Representative", "Address": "41676 Anthes Point", "Email": "kjecksmq@hibu.com", "Phone": "325-303-6858", "Income": 135286.89, "Insurance": "YES", "CEOfficers": "Vincent Rosas", "CommunityID": 5, "EatingHabits": "Balanced diet" }, "geometry": { "type": "Point", "coordinates": [ -96.301403095599994, 30.646247464 ] } },
{ "type": "Feature", "properties": { "FID": 819, "ID": 820, "Longitude": -96.367016522200004, "Latitude": 30.617594261099999, "Name": "Branden Burrass", "Gender": "Male", "Age": 68, "Race": "Salvadoran", "Occupation": "Senior Editor", "Address": "601 Rowland Junction", "Email": "gcockarillmr@networkadvertising.org", "Phone": "789-416-4986", "Income": 22707.31, "Insurance": "NO", "CEOfficers": "TAMU", "CommunityID": 99, "EatingHabits": "High-sugar diet" }, "geometry": { "type": "Point", "coordinates": [ -96.367016522200004, 30.617594261099999 ] } },
{ "type": "Feature", "properties": { "FID": 820, "ID": 821, "Longitude": -96.288950829300006, "Latitude": 30.573470501399999, "Name": "Mitch Ladbury", "Gender": "Male", "Age": 52, "Race": "Salvadoran", "Occupation": "Account Coordinator", "Address": "254 Onsgard Terrace", "Email": "ckittimanms@google.co.jp", "Phone": "811-839-5644", "Income": 48904.38, "Insurance": "YES", "CEOfficers": "James Johnson", "CommunityID": 4, "EatingHabits": "Low-sugar diet" }, "geometry": { "type": "Point", "coordinates": [ -96.288950829300006, 30.573470501399999 ] } },
{ "type": "Feature", "properties": { "FID": 821, "ID": 822, "Longitude": -96.283370645900007, "Latitude": 30.613873472800002, "Name": "Erina Bastin", "Gender": "Female", "Age": 40, "Race": "Polynesian", "Occupation": "Analog Circuit Design manager", "Address": "18268 South Junction", "Email": "kreuthermt@g.co", "Phone": "766-908-7465", "Income": 38999.92, "Insurance": "NO", "CEOfficers": "Vincent Rosas", "CommunityID": 5, "EatingHabits": "Balanced diet" }, "geometry": { "type": "Point", "coordinates": [ -96.283370645900007, 30.613873472800002 ] } },
{ "type": "Feature", "properties": { "FID": 822, "ID": 823, "Longitude": -96.207135012899997, "Latitude": 30.548334688099999, "Name": "Corty Terry", "Gender": "Male", "Age": 68, "Race": "Guamanian", "Occupation": "Systems Administrator IV", "Address": "3875 Harbort Pass", "Email": "gbohdenmu@buzzfeed.com", "Phone": "803-374-9631", "Income": 114555.17, "Insurance": "YES", "CEOfficers": "James Johnson", "CommunityID": 4, "EatingHabits": "High-sugar diet" }, "geometry": { "type": "Point", "coordinates": [ -96.207135012899997, 30.548334688099999 ] } },
{ "type": "Feature", "properties": { "FID": 823, "ID": 824, "Longitude": -96.302113573699998, "Latitude": 30.6113035188, "Name": "Frederigo Ingilson", "Gender": "Male", "Age": 57, "Race": "Crow", "Occupation": "Physical Therapy Assistant", "Address": "9 Gerald Crossing", "Email": "malburymv@fema.gov", "Phone": "606-268-8493", "Income": 17465.36, "Insurance": "NO", "CEOfficers": "Vincent Rosas", "CommunityID": 5, "EatingHabits": "Low-sugar diet" }, "geometry": { "type": "Point", "coordinates": [ -96.302113573699998, 30.6113035188 ] } },
{ "type": "Feature", "properties": { "FID": 824, "ID": 825, "Longitude": -96.300871134199994, "Latitude": 30.576465398900002, "Name": "Branden Pow", "Gender": "Male", "Age": 39, "Race": "Seminole", "Occupation": "Director of Sales", "Address": "2 Valley Edge Avenue", "Email": "cdasparmw@list-manage.com", "Phone": "312-551-9462", "Income": 138231.41, "Insurance": "YES", "CEOfficers": "Mark Szydlowski", "CommunityID": 3, "EatingHabits": "Balanced diet" }, "geometry": { "type": "Point", "coordinates": [ -96.300871134199994, 30.576465398900002 ] } },
{ "type": "Feature", "properties": { "FID": 825, "ID": 826, "Longitude": -96.299309693300003, "Latitude": 30.602270270799998, "Name": "Tamara Copas", "Gender": "Male", "Age": 77, "Race": "Indonesian", "Occupation": "Internal Auditor", "Address": "8221 Burrows Lane", "Email": "hnorvellmx@netvibes.com", "Phone": "766-352-3671", "Income": 154043.52, "Insurance": "NO", "CEOfficers": "Vincent Rosas", "CommunityID": 5, "EatingHabits": "High-sugar diet" }, "geometry": { "type": "Point", "coordinates": [ -96.299309693300003, 30.602270270799998 ] } },
{ "type": "Feature", "properties": { "FID": 826, "ID": 827, "Longitude": -96.331790070599993, "Latitude": 30.6061225489, "Name": "Lorettalorna Noraway", "Gender": "Male", "Age": 72, "Race": "Native Hawaiian and Other Pacific Islander (NHPI)", "Occupation": "Community Outreach Specialist", "Address": "2532 Merchant Crossing", "Email": "adufouremy@ed.gov", "Phone": "542-589-5137", "Income": 122003.8, "Insurance": "YES", "CEOfficers": "Adrienne Bishop", "CommunityID": 1, "EatingHabits": "Low-sugar diet" }, "geometry": { "type": "Point", "coordinates": [ -96.331790070599993, 30.6061225489 ] } },
{ "type": "Feature", "properties": { "FID": 827, "ID": 828, "Longitude": -96.3392705957, "Latitude": 30.6012484964, "Name": "Garreth Rodriguez", "Gender": "Male", "Age": 74, "Race": "Polynesian", "Occupation": "Database Administrator III", "Address": "20 Manitowish Center", "Email": "iblumermz@mysql.com", "Phone": "885-725-3137", "Income": 88895.58, "Insurance": "NO", "CEOfficers": "TAMU", "CommunityID": 99, "EatingHabits": "Balanced diet" }, "geometry": { "type": "Point", "coordinates": [ -96.3392705957, 30.6012484964 ] } },
{ "type": "Feature", "properties": { "FID": 828, "ID": 829, "Longitude": -96.328930744600001, "Latitude": 30.564098017, "Name": "Carlina Brendel", "Gender": "Male", "Age": 42, "Race": "Choctaw", "Occupation": "Geological Engineer", "Address": "6 Westport Crossing", "Email": "wsilliton0@dell.com", "Phone": "193-693-7605", "Income": 106853.19, "Insurance": "YES", "CEOfficers": "Mark Szydlowski", "CommunityID": 3, "EatingHabits": "High-sugar diet" }, "geometry": { "type": "Point", "coordinates": [ -96.328930744600001, 30.564098017 ] } },
{ "type": "Feature", "properties": { "FID": 829, "ID": 830, "Longitude": -96.2839559401, "Latitude": 30.54278134, "Name": "Lind Hatherill", "Gender": "Male", "Age": 67, "Race": "Laotian", "Occupation": "Electrical Engineer", "Address": "5382 Mitchell Way", "Email": "rbowatern1@example.com", "Phone": "378-151-8749", "Income": 94845.29, "Insurance": "NO", "CEOfficers": "James Johnson", "CommunityID": 4, "EatingHabits": "Low-sugar diet" }, "geometry": { "type": "Point", "coordinates": [ -96.2839559401, 30.54278134 ] } },
{ "type": "Feature", "properties": { "FID": 830, "ID": 831, "Longitude": -96.361558903299994, "Latitude": 30.618143545599999, "Name": "Margette Torry", "Gender": "Female", "Age": 62, "Race": "Melanesian", "Occupation": "Marketing Manager", "Address": "74 Merry Point", "Email": "eantukn2@weebly.com", "Phone": "512-758-8558", "Income": 167466.69, "Insurance": "YES", "CEOfficers": "TAMU", "CommunityID": 99, "EatingHabits": "Balanced diet" }, "geometry": { "type": "Point", "coordinates": [ -96.361558903299994, 30.618143545599999 ] } },
{ "type": "Feature", "properties": { "FID": 831, "ID": 832, "Longitude": -96.237857633900006, "Latitude": 30.544990974000001, "Name": "Morris Janes", "Gender": "Female", "Age": 47, "Race": "Indonesian", "Occupation": "Sales Representative", "Address": "61 Manufacturers Place", "Email": "ltuthern3@symantec.com", "Phone": "406-761-8608", "Income": 21226.01, "Insurance": "NO", "CEOfficers": "James Johnson", "CommunityID": 4, "EatingHabits": "High-sugar diet" }, "geometry": { "type": "Point", "coordinates": [ -96.237857633900006, 30.544990974 ] } },
{ "type": "Feature", "properties": { "FID": 832, "ID": 833, "Longitude": -96.312260180300001, "Latitude": 30.569250484499999, "Name": "Amitie Vivyan", "Gender": "Male", "Age": 27, "Race": "American Indian and Alaska Native (AIAN)", "Occupation": "Developer III", "Address": "6 Del Sol Junction", "Email": "mshouldern4@walmart.com", "Phone": "761-552-0693", "Income": 189418.82, "Insurance": "YES", "CEOfficers": "James Johnson", "CommunityID": 4, "EatingHabits": "Low-sugar diet" }, "geometry": { "type": "Point", "coordinates": [ -96.312260180300001, 30.569250484499999 ] } },
{ "type": "Feature", "properties": { "FID": 833, "ID": 834, "Longitude": -96.325698251000006, "Latitude": 30.582635657600001, "Name": "Cully Abbotts", "Gender": "Female", "Age": 25, "Race": "South American", "Occupation": "Recruiting Manager", "Address": "4 Thompson Street", "Email": "mschimmangn5@reverbnation.com", "Phone": "516-683-4644", "Income": 132576.34, "Insurance": "NO", "CEOfficers": "Mark Szydlowski", "CommunityID": 3, "EatingHabits": "Balanced diet" }, "geometry": { "type": "Point", "coordinates": [ -96.325698251, 30.582635657600001 ] } },
{ "type": "Feature", "properties": { "FID": 834, "ID": 835, "Longitude": -96.293229442099999, "Latitude": 30.6279981916, "Name": "Sherie Quiddington", "Gender": "Female", "Age": 66, "Race": "Creek", "Occupation": "Environmental Tech", "Address": "6881 Utah Park", "Email": "etraversn6@eepurl.com", "Phone": "365-513-6022", "Income": 113532.66, "Insurance": "YES", "CEOfficers": "Vincent Rosas", "CommunityID": 5, "EatingHabits": "High-sugar diet" }, "geometry": { "type": "Point", "coordinates": [ -96.293229442099999, 30.6279981916 ] } },
{ "type": "Feature", "properties": { "FID": 835, "ID": 836, "Longitude": -96.330590189700004, "Latitude": 30.567257236700001, "Name": "Valeria Dunleavy", "Gender": "Female", "Age": 46, "Race": "Alaskan Athabascan", "Occupation": "Marketing Assistant", "Address": "75165 Kropf Circle", "Email": "cjilkesn7@google.it", "Phone": "508-933-1920", "Income": 70758.1, "Insurance": "NO", "CEOfficers": "Mark Szydlowski", "CommunityID": 3, "EatingHabits": "Low-sugar diet" }, "geometry": { "type": "Point", "coordinates": [ -96.330590189700004, 30.567257236700001 ] } },
{ "type": "Feature", "properties": { "FID": 836, "ID": 837, "Longitude": -96.367658277700002, "Latitude": 30.6006019905, "Name": "Micheal Fiske", "Gender": "Male", "Age": 39, "Race": "Aleut", "Occupation": "Biostatistician IV", "Address": "1 Lien Parkway", "Email": "ienderwickn8@stumbleupon.com", "Phone": "953-377-8760", "Income": 172718.4, "Insurance": "YES", "CEOfficers": "Francesca Spell", "CommunityID": 2, "EatingHabits": "Balanced diet" }, "geometry": { "type": "Point", "coordinates": [ -96.367658277700002, 30.6006019905 ] } },
{ "type": "Feature", "properties": { "FID": 837, "ID": 838, "Longitude": -96.290257829300003, "Latitude": 30.649349837500001, "Name": "Grayce Tyne", "Gender": "Male", "Age": 63, "Race": "Chilean", "Occupation": "Operator", "Address": "67752 Crest Line Way", "Email": "nbreydinn9@nationalgeographic.com", "Phone": "354-726-2889", "Income": 42824.28, "Insurance": "NO", "CEOfficers": "Vincent Rosas", "CommunityID": 5, "EatingHabits": "High-sugar diet" }, "geometry": { "type": "Point", "coordinates": [ -96.290257829300003, 30.649349837500001 ] } },
{ "type": "Feature", "properties": { "FID": 838, "ID": 839, "Longitude": -96.245619556999998, "Latitude": 30.562331917400002, "Name": "Charmian Westerman", "Gender": "Male", "Age": 66, "Race": "Crow", "Occupation": "GIS Technical Architect", "Address": "2100 Stone Corner Lane", "Email": "rmurrishna@stumbleupon.com", "Phone": "805-959-8612", "Income": 58555.89, "Insurance": "YES", "CEOfficers": "James Johnson", "CommunityID": 4, "EatingHabits": "Low-sugar diet" }, "geometry": { "type": "Point", "coordinates": [ -96.245619557, 30.562331917400002 ] } },
{ "type": "Feature", "properties": { "FID": 839, "ID": 840, "Longitude": -96.252925755899994, "Latitude": 30.5691615834, "Name": "Val Mackness", "Gender": "Polygender", "Age": 26, "Race": "Creek", "Occupation": "Software Consultant", "Address": "1 Bluejay Street", "Email": "chaggerstonnb@ted.com", "Phone": "801-205-0321", "Income": 111208.9, "Insurance": "NO", "CEOfficers": "James Johnson", "CommunityID": 4, "EatingHabits": "Balanced diet" }, "geometry": { "type": "Point", "coordinates": [ -96.252925755899994, 30.5691615834 ] } },
{ "type": "Feature", "properties": { "FID": 840, "ID": 841, "Longitude": -96.236533395699993, "Latitude": 30.582985427099999, "Name": "Georg Sumers", "Gender": "Female", "Age": 64, "Race": "Panamanian", "Occupation": "Social Worker", "Address": "95 Division Parkway", "Email": "kthomsnc@issuu.com", "Phone": "145-792-2565", "Income": 22189.72, "Insurance": "YES", "CEOfficers": "Vincent Rosas", "CommunityID": 5, "EatingHabits": "High-sugar diet" }, "geometry": { "type": "Point", "coordinates": [ -96.236533395699993, 30.582985427099999 ] } },
{ "type": "Feature", "properties": { "FID": 841, "ID": 842, "Longitude": -96.256040332500007, "Latitude": 30.597649047899999, "Name": "Marcellina Harrap", "Gender": "Agender", "Age": 60, "Race": "Nicaraguan", "Occupation": "Database Administrator III", "Address": "33 Atwood Point", "Email": "mlindebergnd@blogtalkradio.com", "Phone": "581-591-8402", "Income": 76249.5, "Insurance": "NO", "CEOfficers": "Vincent Rosas", "CommunityID": 5, "EatingHabits": "Low-sugar diet" }, "geometry": { "type": "Point", "coordinates": [ -96.256040332500007, 30.597649047899999 ] } },
{ "type": "Feature", "properties": { "FID": 842, "ID": 843, "Longitude": -96.292290404200003, "Latitude": 30.538824588699999, "Name": "Michale Kendal", "Gender": "Female", "Age": 28, "Race": "Cuban", "Occupation": "Assistant Manager", "Address": "714 Crescent Oaks Lane", "Email": "fbuckbeene@desdev.cn", "Phone": "392-662-8081", "Income": 100200.68, "Insurance": "YES", "CEOfficers": "James Johnson", "CommunityID": 4, "EatingHabits": "Balanced diet" }, "geometry": { "type": "Point", "coordinates": [ -96.292290404200003, 30.538824588699999 ] } },
{ "type": "Feature", "properties": { "FID": 843, "ID": 844, "Longitude": -96.361901396700006, "Latitude": 30.6220343892, "Name": "Ogdon Savege", "Gender": "Female", "Age": 18, "Race": "Ute", "Occupation": "Accounting Assistant I", "Address": "9 Warner Circle", "Email": "raddamsnf@umn.edu", "Phone": "188-603-1537", "Income": 47342.47, "Insurance": "NO", "CEOfficers": "TAMU", "CommunityID": 99, "EatingHabits": "High-sugar diet" }, "geometry": { "type": "Point", "coordinates": [ -96.361901396700006, 30.6220343892 ] } },
{ "type": "Feature", "properties": { "FID": 844, "ID": 845, "Longitude": -96.373586860499998, "Latitude": 30.5919499436, "Name": "Philippine Prowting", "Gender": "Male", "Age": 66, "Race": "Honduran", "Occupation": "Human Resources Assistant I", "Address": "911 Gina Way", "Email": "amitchensonng@businesswire.com", "Phone": "577-561-3618", "Income": 59884.78, "Insurance": "YES", "CEOfficers": "TAMU", "CommunityID": 99, "EatingHabits": "Low-sugar diet" }, "geometry": { "type": "Point", "coordinates": [ -96.373586860499998, 30.5919499436 ] } },
{ "type": "Feature", "properties": { "FID": 845, "ID": 846, "Longitude": -96.282653398600004, "Latitude": 30.618490123899999, "Name": "Lowrance Mourgue", "Gender": "Female", "Age": 19, "Race": "Paiute", "Occupation": "Human Resources Assistant II", "Address": "3270 Elmside Pass", "Email": "balennikovnh@merriam-webster.com", "Phone": "894-876-5029", "Income": 39258.39, "Insurance": "NO", "CEOfficers": "Vincent Rosas", "CommunityID": 5, "EatingHabits": "Balanced diet" }, "geometry": { "type": "Point", "coordinates": [ -96.282653398600004, 30.618490123899999 ] } },
{ "type": "Feature", "properties": { "FID": 846, "ID": 847, "Longitude": -96.300332412000003, "Latitude": 30.528176908, "Name": "Sheelah Summerlad", "Gender": "Non-binary", "Age": 69, "Race": "Chickasaw", "Occupation": "Physical Therapy Assistant", "Address": "19300 Northland Junction", "Email": "lghioneni@de.vu", "Phone": "502-162-5783", "Income": 42917.4, "Insurance": "YES", "CEOfficers": "James Johnson", "CommunityID": 4, "EatingHabits": "High-sugar diet" }, "geometry": { "type": "Point", "coordinates": [ -96.300332412, 30.528176908 ] } },
{ "type": "Feature", "properties": { "FID": 847, "ID": 848, "Longitude": -96.275532297400005, "Latitude": 30.605550279199999, "Name": "Kaia Oakes", "Gender": "Female", "Age": 36, "Race": "Aleut", "Occupation": "Programmer IV", "Address": "4611 Starling Avenue", "Email": "cwehnernj@xing.com", "Phone": "961-784-8956", "Income": 179812.63, "Insurance": "NO", "CEOfficers": "Vincent Rosas", "CommunityID": 5, "EatingHabits": "Low-sugar diet" }, "geometry": { "type": "Point", "coordinates": [ -96.275532297400005, 30.605550279199999 ] } },
{ "type": "Feature", "properties": { "FID": 848, "ID": 849, "Longitude": -96.231463303699996, "Latitude": 30.581897319300001, "Name": "Atalanta Watton", "Gender": "Male", "Age": 73, "Race": "Asian Indian", "Occupation": "Nurse", "Address": "26 Prairieview Way", "Email": "oatwellnk@ning.com", "Phone": "262-934-4889", "Income": 62847.46, "Insurance": "YES", "CEOfficers": "James Johnson", "CommunityID": 4, "EatingHabits": "Balanced diet" }, "geometry": { "type": "Point", "coordinates": [ -96.231463303699996, 30.581897319300001 ] } },
{ "type": "Feature", "properties": { "FID": 849, "ID": 850, "Longitude": -96.328350561799994, "Latitude": 30.639141166000002, "Name": "Aggy Opfer", "Gender": "Female", "Age": 70, "Race": "Sri Lankan", "Occupation": "Geologist II", "Address": "604 Haas Way", "Email": "gtrussnl@slashdot.org", "Phone": "526-560-9341", "Income": 126479.42, "Insurance": "NO", "CEOfficers": "Adrienne Bishop", "CommunityID": 1, "EatingHabits": "High-sugar diet" }, "geometry": { "type": "Point", "coordinates": [ -96.328350561799994, 30.639141166 ] } },
{ "type": "Feature", "properties": { "FID": 850, "ID": 851, "Longitude": -96.296050790899997, "Latitude": 30.548843641000001, "Name": "Lenora Kimbrey", "Gender": "Female", "Age": 68, "Race": "Micronesian", "Occupation": "Director of Sales", "Address": "54 Columbus Crossing", "Email": "cmerlenm@technorati.com", "Phone": "359-277-3137", "Income": 115645.7, "Insurance": "YES", "CEOfficers": "James Johnson", "CommunityID": 4, "EatingHabits": "Low-sugar diet" }, "geometry": { "type": "Point", "coordinates": [ -96.296050790899997, 30.548843641 ] } },
{ "type": "Feature", "properties": { "FID": 851, "ID": 852, "Longitude": -96.301247312200005, "Latitude": 30.610965400400001, "Name": "Ginelle Harrild", "Gender": "Female", "Age": 52, "Race": "Tlingit-Haida", "Occupation": "Environmental Specialist", "Address": "3 Banding Pass", "Email": "dkulvearnn@seesaa.net", "Phone": "545-536-4812", "Income": 113098.38, "Insurance": "NO", "CEOfficers": "Vincent Rosas", "CommunityID": 5, "EatingHabits": "Balanced diet" }, "geometry": { "type": "Point", "coordinates": [ -96.301247312200005, 30.610965400400001 ] } },
{ "type": "Feature", "properties": { "FID": 852, "ID": 853, "Longitude": -96.342542656500001, "Latitude": 30.603378060899999, "Name": "Eachelle Perutto", "Gender": "Female", "Age": 65, "Race": "Fijian", "Occupation": "Occupational Therapist", "Address": "124 Mallory Point", "Email": "ntaptonno@economist.com", "Phone": "148-533-6668", "Income": 15793.62, "Insurance": "YES", "CEOfficers": "TAMU", "CommunityID": 99, "EatingHabits": "High-sugar diet" }, "geometry": { "type": "Point", "coordinates": [ -96.342542656500001, 30.603378060899999 ] } },
{ "type": "Feature", "properties": { "FID": 853, "ID": 854, "Longitude": -96.375487021799998, "Latitude": 30.6085171645, "Name": "Brunhilde Surby", "Gender": "Male", "Age": 36, "Race": "Tlingit-Haida", "Occupation": "Mechanical Systems Engineer", "Address": "55 Oriole Place", "Email": "bimlocknp@paypal.com", "Phone": "119-971-1311", "Income": 97301.16, "Insurance": "NO", "CEOfficers": "Francesca Spell", "CommunityID": 2, "EatingHabits": "Low-sugar diet" }, "geometry": { "type": "Point", "coordinates": [ -96.375487021799998, 30.6085171645 ] } },
{ "type": "Feature", "properties": { "FID": 854, "ID": 855, "Longitude": -96.365109253699998, "Latitude": 30.574552683499999, "Name": "Silvie Trengrouse", "Gender": "Male", "Age": 52, "Race": "Honduran", "Occupation": "Financial Advisor", "Address": "3 Stuart Trail", "Email": "odawdarynq@spotify.com", "Phone": "267-852-0194", "Income": 192987.99, "Insurance": "YES", "CEOfficers": "TAMU", "CommunityID": 99, "EatingHabits": "Balanced diet" }, "geometry": { "type": "Point", "coordinates": [ -96.365109253699998, 30.574552683499999 ] } },
{ "type": "Feature", "properties": { "FID": 855, "ID": 856, "Longitude": -96.291193080100001, "Latitude": 30.623026106499999, "Name": "Alasteir Minichillo", "Gender": "Female", "Age": 38, "Race": "Cuban", "Occupation": "Occupational Therapist", "Address": "0 Londonderry Road", "Email": "aenochnr@netscape.com", "Phone": "840-605-1699", "Income": 122090.23, "Insurance": "NO", "CEOfficers": "Vincent Rosas", "CommunityID": 5, "EatingHabits": "High-sugar diet" }, "geometry": { "type": "Point", "coordinates": [ -96.291193080100001, 30.623026106499999 ] } },
{ "type": "Feature", "properties": { "FID": 856, "ID": 857, "Longitude": -96.284776302500006, "Latitude": 30.554251371500001, "Name": "Gonzalo le Keux", "Gender": "Male", "Age": 52, "Race": "Yaqui", "Occupation": "Editor", "Address": "87 Porter Plaza", "Email": "eknewstubbns@netscape.com", "Phone": "300-440-4069", "Income": 55722.9, "Insurance": "YES", "CEOfficers": "James Johnson", "CommunityID": 4, "EatingHabits": "Low-sugar diet" }, "geometry": { "type": "Point", "coordinates": [ -96.284776302500006, 30.554251371500001 ] } },
{ "type": "Feature", "properties": { "FID": 857, "ID": 858, "Longitude": -96.293465684500006, "Latitude": 30.5861491416, "Name": "Meredith De'Ath", "Gender": "Male", "Age": 51, "Race": "Taiwanese", "Occupation": "VP Marketing", "Address": "75 Utah Court", "Email": "dmulcocknt@hao123.com", "Phone": "496-108-8208", "Income": 137280.55, "Insurance": "NO", "CEOfficers": "Mark Szydlowski", "CommunityID": 3, "EatingHabits": "Balanced diet" }, "geometry": { "type": "Point", "coordinates": [ -96.293465684500006, 30.5861491416 ] } },
{ "type": "Feature", "properties": { "FID": 858, "ID": 859, "Longitude": -96.291937964100001, "Latitude": 30.626760633, "Name": "Corine Flood", "Gender": "Female", "Age": 79, "Race": "Dominican (Dominican Republic)", "Occupation": "Programmer IV", "Address": "5 Westend Court", "Email": "vlangcasternu@independent.co.uk", "Phone": "648-184-7316", "Income": 64197.75, "Insurance": "YES", "CEOfficers": "Vincent Rosas", "CommunityID": 5, "EatingHabits": "High-sugar diet" }, "geometry": { "type": "Point", "coordinates": [ -96.291937964100001, 30.626760633 ] } },
{ "type": "Feature", "properties": { "FID": 859, "ID": 860, "Longitude": -96.252389312199995, "Latitude": 30.565066017500001, "Name": "Deb Mossop", "Gender": "Male", "Age": 21, "Race": "Shoshone", "Occupation": "Account Representative II", "Address": "23 Rigney Lane", "Email": "rfrosdicknv@hugedomains.com", "Phone": "151-741-6225", "Income": 15824.63, "Insurance": "NO", "CEOfficers": "James Johnson", "CommunityID": 4, "EatingHabits": "Low-sugar diet" }, "geometry": { "type": "Point", "coordinates": [ -96.252389312199995, 30.565066017500001 ] } },
{ "type": "Feature", "properties": { "FID": 860, "ID": 861, "Longitude": -96.297895553299995, "Latitude": 30.634678449, "Name": "Verina Otto", "Gender": "Bigender", "Age": 24, "Race": "Cambodian", "Occupation": "Desktop Support Technician", "Address": "297 Caliangt Way", "Email": "fwoodingsnw@dropbox.com", "Phone": "816-751-8011", "Income": 25921.4, "Insurance": "YES", "CEOfficers": "Vincent Rosas", "CommunityID": 5, "EatingHabits": "Balanced diet" }, "geometry": { "type": "Point", "coordinates": [ -96.297895553299995, 30.634678449 ] } },
{ "type": "Feature", "properties": { "FID": 861, "ID": 862, "Longitude": -96.281487987600002, "Latitude": 30.617288942799998, "Name": "Schuyler Bumfrey", "Gender": "Male", "Age": 30, "Race": "Salvadoran", "Occupation": "Payment Adjustment Coordinator", "Address": "1460 Express Junction", "Email": "dsimmsnx@drupal.org", "Phone": "465-916-6963", "Income": 93430.36, "Insurance": "NO", "CEOfficers": "Vincent Rosas", "CommunityID": 5, "EatingHabits": "High-sugar diet" }, "geometry": { "type": "Point", "coordinates": [ -96.281487987600002, 30.617288942799998 ] } },
{ "type": "Feature", "properties": { "FID": 862, "ID": 863, "Longitude": -96.268609657699997, "Latitude": 30.545965487899998, "Name": "Kassey McTrustie", "Gender": "Female", "Age": 63, "Race": "Peruvian", "Occupation": "Programmer III", "Address": "2481 Algoma Drive", "Email": "usmowtonny@godaddy.com", "Phone": "221-454-9001", "Income": 186787.7, "Insurance": "YES", "CEOfficers": "James Johnson", "CommunityID": 4, "EatingHabits": "Low-sugar diet" }, "geometry": { "type": "Point", "coordinates": [ -96.268609657699997, 30.545965487899998 ] } },
{ "type": "Feature", "properties": { "FID": 863, "ID": 864, "Longitude": -96.255318539300006, "Latitude": 30.565706746, "Name": "Courtney Pickover", "Gender": "Female", "Age": 74, "Race": "American Indian", "Occupation": "Design Engineer", "Address": "98764 Esker Lane", "Email": "mluxnz@flavors.me", "Phone": "344-804-4872", "Income": 170947.57, "Insurance": "NO", "CEOfficers": "James Johnson", "CommunityID": 4, "EatingHabits": "Balanced diet" }, "geometry": { "type": "Point", "coordinates": [ -96.255318539300006, 30.565706746 ] } },
{ "type": "Feature", "properties": { "FID": 864, "ID": 865, "Longitude": -96.269239237500003, "Latitude": 30.562936640699998, "Name": "Sol Beiderbeck", "Gender": "Female", "Age": 77, "Race": "Shoshone", "Occupation": "Programmer Analyst I", "Address": "54652 Bultman Avenue", "Email": "jecho0@pinterest.com", "Phone": "447-308-6641", "Income": 141578.51, "Insurance": "YES", "CEOfficers": "James Johnson", "CommunityID": 4, "EatingHabits": "High-sugar diet" }, "geometry": { "type": "Point", "coordinates": [ -96.269239237500003, 30.562936640699998 ] } },
{ "type": "Feature", "properties": { "FID": 865, "ID": 866, "Longitude": -96.3663516469, "Latitude": 30.6179324718, "Name": "Dotty Kevis", "Gender": "Female", "Age": 34, "Race": "Eskimo", "Occupation": "Statistician II", "Address": "61300 Burning Wood Street", "Email": "sbealeo1@webnode.com", "Phone": "296-351-2628", "Income": 79220.15, "Insurance": "NO", "CEOfficers": "TAMU", "CommunityID": 99, "EatingHabits": "Low-sugar diet" }, "geometry": { "type": "Point", "coordinates": [ -96.3663516469, 30.6179324718 ] } },
{ "type": "Feature", "properties": { "FID": 866, "ID": 867, "Longitude": -96.223143409399995, "Latitude": 30.561038493200002, "Name": "Constantina Bente", "Gender": "Male", "Age": 36, "Race": "Taiwanese", "Occupation": "Web Designer IV", "Address": "9504 Bultman Drive", "Email": "agrigorushkino2@dedecms.com", "Phone": "402-729-8101", "Income": 108162.7, "Insurance": "YES", "CEOfficers": "James Johnson", "CommunityID": 4, "EatingHabits": "Balanced diet" }, "geometry": { "type": "Point", "coordinates": [ -96.223143409399995, 30.561038493200002 ] } },
{ "type": "Feature", "properties": { "FID": 867, "ID": 868, "Longitude": -96.3022972264, "Latitude": 30.532317069800001, "Name": "Fara Sogg", "Gender": "Male", "Age": 61, "Race": "Pima", "Occupation": "Teacher", "Address": "37 Thompson Center", "Email": "slowseleyo3@ocn.ne.jp", "Phone": "975-621-6396", "Income": 163866.54, "Insurance": "NO", "CEOfficers": "Francesca Spell", "CommunityID": 2, "EatingHabits": "High-sugar diet" }, "geometry": { "type": "Point", "coordinates": [ -96.3022972264, 30.532317069800001 ] } },
{ "type": "Feature", "properties": { "FID": 868, "ID": 869, "Longitude": -96.290012447400002, "Latitude": 30.533433716899999, "Name": "Cymbre Grinnov", "Gender": "Female", "Age": 21, "Race": "Chickasaw", "Occupation": "Office Assistant II", "Address": "8 Swallow Alley", "Email": "griepelo4@marketwatch.com", "Phone": "669-617-3379", "Income": 125683.08, "Insurance": "YES", "CEOfficers": "James Johnson", "CommunityID": 4, "EatingHabits": "Low-sugar diet" }, "geometry": { "type": "Point", "coordinates": [ -96.290012447400002, 30.533433716899999 ] } },
{ "type": "Feature", "properties": { "FID": 869, "ID": 870, "Longitude": -96.299561463499998, "Latitude": 30.616186011700002, "Name": "Donielle Blenkhorn", "Gender": "Male", "Age": 80, "Race": "Navajo", "Occupation": "Quality Control Specialist", "Address": "3 Kenwood Pass", "Email": "rcrometto5@japanpost.jp", "Phone": "746-886-7293", "Income": 29019.06, "Insurance": "NO", "CEOfficers": "Vincent Rosas", "CommunityID": 5, "EatingHabits": "Balanced diet" }, "geometry": { "type": "Point", "coordinates": [ -96.299561463499998, 30.616186011700002 ] } },
{ "type": "Feature", "properties": { "FID": 870, "ID": 871, "Longitude": -96.250963665699999, "Latitude": 30.5718652035, "Name": "Annabella Mennithorp", "Gender": "Male", "Age": 77, "Race": "Yakama", "Occupation": "Computer Systems Analyst III", "Address": "0304 Stone Corner Court", "Email": "gelmhursto6@biblegateway.com", "Phone": "694-573-3802", "Income": 42577.03, "Insurance": "YES", "CEOfficers": "James Johnson", "CommunityID": 4, "EatingHabits": "High-sugar diet" }, "geometry": { "type": "Point", "coordinates": [ -96.250963665699999, 30.5718652035 ] } },
{ "type": "Feature", "properties": { "FID": 871, "ID": 872, "Longitude": -96.359312994800007, "Latitude": 30.574709565100001, "Name": "Carlota Tarquinio", "Gender": "Female", "Age": 53, "Race": "Shoshone", "Occupation": "Information Systems Manager", "Address": "95 4th Place", "Email": "mspitello7@tmall.com", "Phone": "220-285-8722", "Income": 62069.55, "Insurance": "NO", "CEOfficers": "TAMU", "CommunityID": 99, "EatingHabits": "Low-sugar diet" }, "geometry": { "type": "Point", "coordinates": [ -96.359312994800007, 30.574709565100001 ] } },
{ "type": "Feature", "properties": { "FID": 872, "ID": 873, "Longitude": -96.308328539399994, "Latitude": 30.616855051400002, "Name": "Natala Glavias", "Gender": "Male", "Age": 36, "Race": "Colombian", "Occupation": "Software Consultant", "Address": "444 Cherokee Junction", "Email": "sjobeso8@google.it", "Phone": "594-629-0246", "Income": 89718.67, "Insurance": "YES", "CEOfficers": "Vincent Rosas", "CommunityID": 5, "EatingHabits": "Balanced diet" }, "geometry": { "type": "Point", "coordinates": [ -96.308328539399994, 30.616855051400002 ] } },
{ "type": "Feature", "properties": { "FID": 873, "ID": 874, "Longitude": -96.263688448400003, "Latitude": 30.598960343600002, "Name": "Madelyn Wales", "Gender": "Female", "Age": 19, "Race": "Bolivian", "Occupation": "Chief Design Engineer", "Address": "26783 Bartelt Alley", "Email": "speterso9@dmoz.org", "Phone": "648-573-8084", "Income": 181167.64, "Insurance": "NO", "CEOfficers": "Vincent Rosas", "CommunityID": 5, "EatingHabits": "High-sugar diet" }, "geometry": { "type": "Point", "coordinates": [ -96.263688448400003, 30.598960343600002 ] } },
{ "type": "Feature", "properties": { "FID": 874, "ID": 875, "Longitude": -96.322972549100001, "Latitude": 30.612985378499999, "Name": "Ivory Wymer", "Gender": "Female", "Age": 40, "Race": "Tlingit-Haida", "Occupation": "Associate Professor", "Address": "38192 Dapin Park", "Email": "eflanaghanoa@zimbio.com", "Phone": "839-199-2751", "Income": 163790.81, "Insurance": "YES", "CEOfficers": "Mark Szydlowski", "CommunityID": 3, "EatingHabits": "Low-sugar diet" }, "geometry": { "type": "Point", "coordinates": [ -96.322972549100001, 30.612985378499999 ] } },
{ "type": "Feature", "properties": { "FID": 875, "ID": 876, "Longitude": -96.372945109100002, "Latitude": 30.582319955399999, "Name": "Stillman Valentin", "Gender": "Female", "Age": 77, "Race": "Navajo", "Occupation": "Desktop Support Technician", "Address": "2243 Prentice Avenue", "Email": "jmarinerob@redcross.org", "Phone": "966-224-2201", "Income": 47052.36, "Insurance": "NO", "CEOfficers": "TAMU", "CommunityID": 99, "EatingHabits": "Balanced diet" }, "geometry": { "type": "Point", "coordinates": [ -96.372945109100002, 30.582319955399999 ] } },
{ "type": "Feature", "properties": { "FID": 876, "ID": 877, "Longitude": -96.318134375400007, "Latitude": 30.629668622299999, "Name": "Stacie Macquire", "Gender": "Male", "Age": 66, "Race": "Native Hawaiian and Other Pacific Islander (NHPI)", "Occupation": "Sales Associate", "Address": "2 Swallow Way", "Email": "aaberdeinoc@techcrunch.com", "Phone": "599-619-0489", "Income": 142865.95, "Insurance": "YES", "CEOfficers": "Adrienne Bishop", "CommunityID": 1, "EatingHabits": "High-sugar diet" }, "geometry": { "type": "Point", "coordinates": [ -96.318134375400007, 30.629668622299999 ] } },
{ "type": "Feature", "properties": { "FID": 877, "ID": 878, "Longitude": -96.276174904000001, "Latitude": 30.5435795012, "Name": "Etty Verty", "Gender": "Male", "Age": 30, "Race": "Asian", "Occupation": "Mechanical Systems Engineer", "Address": "4 Gulseth Court", "Email": "ecreeberod@shutterfly.com", "Phone": "567-969-5653", "Income": 168643.2, "Insurance": "NO", "CEOfficers": "James Johnson", "CommunityID": 4, "EatingHabits": "Low-sugar diet" }, "geometry": { "type": "Point", "coordinates": [ -96.276174904, 30.5435795012 ] } },
{ "type": "Feature", "properties": { "FID": 878, "ID": 879, "Longitude": -96.330538947299999, "Latitude": 30.559211448900001, "Name": "Auria Clemenson", "Gender": "Female", "Age": 66, "Race": "Peruvian", "Occupation": "Food Chemist", "Address": "63216 Rusk Lane", "Email": "sivashevoe@wordpress.org", "Phone": "159-150-9106", "Income": 95225.09, "Insurance": "YES", "CEOfficers": "Mark Szydlowski", "CommunityID": 3, "EatingHabits": "Balanced diet" }, "geometry": { "type": "Point", "coordinates": [ -96.330538947299999, 30.559211448900001 ] } },
{ "type": "Feature", "properties": { "FID": 879, "ID": 880, "Longitude": -96.222817418800005, "Latitude": 30.5617007693, "Name": "Steffi Whitefoot", "Gender": "Female", "Age": 62, "Race": "Creek", "Occupation": "Staff Scientist", "Address": "370 Oxford Plaza", "Email": "bibbisonof@smh.com.au", "Phone": "205-455-1169", "Income": 156617.12, "Insurance": "NO", "CEOfficers": "James Johnson", "CommunityID": 4, "EatingHabits": "High-sugar diet" }, "geometry": { "type": "Point", "coordinates": [ -96.222817418800005, 30.5617007693 ] } },
{ "type": "Feature", "properties": { "FID": 880, "ID": 881, "Longitude": -96.278284105400004, "Latitude": 30.545253761600001, "Name": "Etti Whittlesea", "Gender": "Male", "Age": 74, "Race": "Choctaw", "Occupation": "Research Assistant II", "Address": "3 Spohn Way", "Email": "ahenworthog@wiley.com", "Phone": "278-398-1789", "Income": 12720.01, "Insurance": "YES", "CEOfficers": "James Johnson", "CommunityID": 4, "EatingHabits": "Low-sugar diet" }, "geometry": { "type": "Point", "coordinates": [ -96.278284105400004, 30.545253761600001 ] } },
{ "type": "Feature", "properties": { "FID": 881, "ID": 882, "Longitude": -96.3163403609, "Latitude": 30.601280318899999, "Name": "Konrad Balsellie", "Gender": "Male", "Age": 48, "Race": "Chippewa", "Occupation": "Registered Nurse", "Address": "6116 La Follette Parkway", "Email": "belcomboh@elegantthemes.com", "Phone": "331-807-9485", "Income": 199897.59, "Insurance": "NO", "CEOfficers": "Adrienne Bishop", "CommunityID": 1, "EatingHabits": "Balanced diet" }, "geometry": { "type": "Point", "coordinates": [ -96.3163403609, 30.601280318899999 ] } },
{ "type": "Feature", "properties": { "FID": 882, "ID": 883, "Longitude": -96.276340650199998, "Latitude": 30.558011795199999, "Name": "Albertine Scoates", "Gender": "Female", "Age": 59, "Race": "Central American", "Occupation": "Software Consultant", "Address": "524 Cambridge Trail", "Email": "luttonoi@unc.edu", "Phone": "621-420-0120", "Income": 10791.11, "Insurance": "YES", "CEOfficers": "James Johnson", "CommunityID": 4, "EatingHabits": "High-sugar diet" }, "geometry": { "type": "Point", "coordinates": [ -96.276340650199998, 30.558011795199999 ] } },
{ "type": "Feature", "properties": { "FID": 883, "ID": 884, "Longitude": -96.356688872199996, "Latitude": 30.576180062900001, "Name": "Dianemarie Paschke", "Gender": "Male", "Age": 74, "Race": "Guamanian", "Occupation": "Staff Scientist", "Address": "9071 Green Ridge Lane", "Email": "mseivertsenoj@cisco.com", "Phone": "879-147-5348", "Income": 170976.88, "Insurance": "NO", "CEOfficers": "TAMU", "CommunityID": 99, "EatingHabits": "Low-sugar diet" }, "geometry": { "type": "Point", "coordinates": [ -96.356688872199996, 30.576180062900001 ] } },
{ "type": "Feature", "properties": { "FID": 884, "ID": 885, "Longitude": -96.347549957499993, "Latitude": 30.5932015956, "Name": "Kimbra Fischer", "Gender": "Male", "Age": 35, "Race": "Paraguayan", "Occupation": "VP Sales", "Address": "2066 Hovde Lane", "Email": "lillidgeok@mlb.com", "Phone": "852-248-3917", "Income": 184553.09, "Insurance": "YES", "CEOfficers": "TAMU", "CommunityID": 99, "EatingHabits": "Balanced diet" }, "geometry": { "type": "Point", "coordinates": [ -96.347549957499993, 30.5932015956 ] } },
{ "type": "Feature", "properties": { "FID": 885, "ID": 886, "Longitude": -96.228985277099994, "Latitude": 30.5595343574, "Name": "Rana Heinlein", "Gender": "Male", "Age": 63, "Race": "Native Hawaiian and Other Pacific Islander (NHPI)", "Occupation": "Environmental Tech", "Address": "10134 Rutledge Avenue", "Email": "mmoratol@homestead.com", "Phone": "651-580-9678", "Income": 115434.28, "Insurance": "NO", "CEOfficers": "James Johnson", "CommunityID": 4, "EatingHabits": "High-sugar diet" }, "geometry": { "type": "Point", "coordinates": [ -96.228985277099994, 30.5595343574 ] } },
{ "type": "Feature", "properties": { "FID": 886, "ID": 887, "Longitude": -96.277146827799996, "Latitude": 30.556981877599998, "Name": "Dylan Givens", "Gender": "Female", "Age": 50, "Race": "Apache", "Occupation": "Associate Professor", "Address": "260 Acker Center", "Email": "aclawsleyom@elpais.com", "Phone": "368-946-6340", "Income": 39148.32, "Insurance": "YES", "CEOfficers": "James Johnson", "CommunityID": 4, "EatingHabits": "Low-sugar diet" }, "geometry": { "type": "Point", "coordinates": [ -96.277146827799996, 30.556981877599998 ] } },
{ "type": "Feature", "properties": { "FID": 887, "ID": 888, "Longitude": -96.349649233999997, "Latitude": 30.594224349800001, "Name": "Immanuel Guyonneau", "Gender": "Male", "Age": 20, "Race": "Alaskan Athabascan", "Occupation": "Social Worker", "Address": "5775 Oak Valley Street", "Email": "dwrinchon@ted.com", "Phone": "453-534-5666", "Income": 98866.86, "Insurance": "NO", "CEOfficers": "TAMU", "CommunityID": 99, "EatingHabits": "Balanced diet" }, "geometry": { "type": "Point", "coordinates": [ -96.349649234, 30.594224349800001 ] } },
{ "type": "Feature", "properties": { "FID": 888, "ID": 889, "Longitude": -96.283888626999996, "Latitude": 30.615500364700001, "Name": "Kristo Coxall", "Gender": "Male", "Age": 24, "Race": "Pakistani", "Occupation": "Executive Secretary", "Address": "4 Crownhardt Lane", "Email": "dwestwateroo@photobucket.com", "Phone": "883-324-4351", "Income": 114980.49, "Insurance": "YES", "CEOfficers": "Vincent Rosas", "CommunityID": 5, "EatingHabits": "High-sugar diet" }, "geometry": { "type": "Point", "coordinates": [ -96.283888627, 30.615500364700001 ] } },
{ "type": "Feature", "properties": { "FID": 889, "ID": 890, "Longitude": -96.250413025599997, "Latitude": 30.572461195799999, "Name": "Grissel Bloggett", "Gender": "Male", "Age": 45, "Race": "Argentinian", "Occupation": "Chief Design Engineer", "Address": "806 Division Court", "Email": "dmathelinop@myspace.com", "Phone": "938-462-1354", "Income": 114624.68, "Insurance": "NO", "CEOfficers": "James Johnson", "CommunityID": 4, "EatingHabits": "Low-sugar diet" }, "geometry": { "type": "Point", "coordinates": [ -96.250413025599997, 30.572461195799999 ] } },
{ "type": "Feature", "properties": { "FID": 890, "ID": 891, "Longitude": -96.2685140273, "Latitude": 30.5304910224, "Name": "Christie Stappard", "Gender": "Male", "Age": 30, "Race": "Polynesian", "Occupation": "Research Associate", "Address": "96 Bashford Plaza", "Email": "bscholeroq@bbc.co.uk", "Phone": "617-430-6519", "Income": 44187.33, "Insurance": "YES", "CEOfficers": "James Johnson", "CommunityID": 4, "EatingHabits": "Balanced diet" }, "geometry": { "type": "Point", "coordinates": [ -96.2685140273, 30.5304910224 ] } },
{ "type": "Feature", "properties": { "FID": 891, "ID": 892, "Longitude": -96.356979761999995, "Latitude": 30.6209357551, "Name": "Catherine Brigshaw", "Gender": "Male", "Age": 42, "Race": "Potawatomi", "Occupation": "VP Sales", "Address": "80 6th Crossing", "Email": "jsarleor@salon.com", "Phone": "236-290-0136", "Income": 161633.43, "Insurance": "NO", "CEOfficers": "TAMU", "CommunityID": 99, "EatingHabits": "High-sugar diet" }, "geometry": { "type": "Point", "coordinates": [ -96.356979762, 30.6209357551 ] } },
{ "type": "Feature", "properties": { "FID": 892, "ID": 893, "Longitude": -96.326241817099998, "Latitude": 30.6057930658, "Name": "Clarance Waumsley", "Gender": "Male", "Age": 48, "Race": "Chippewa", "Occupation": "Systems Administrator II", "Address": "994 Briar Crest Place", "Email": "klohdeos@issuu.com", "Phone": "268-930-0250", "Income": 99764.46, "Insurance": "YES", "CEOfficers": "Adrienne Bishop", "CommunityID": 1, "EatingHabits": "Low-sugar diet" }, "geometry": { "type": "Point", "coordinates": [ -96.326241817099998, 30.6057930658 ] } },
{ "type": "Feature", "properties": { "FID": 893, "ID": 894, "Longitude": -96.299874429599996, "Latitude": 30.525032725599999, "Name": "Jacob Oleksiak", "Gender": "Female", "Age": 28, "Race": "Ecuadorian", "Occupation": "Operator", "Address": "34125 Monica Place", "Email": "kwestburyot@google.co.jp", "Phone": "230-891-4422", "Income": 57820.41, "Insurance": "NO", "CEOfficers": "James Johnson", "CommunityID": 4, "EatingHabits": "Balanced diet" }, "geometry": { "type": "Point", "coordinates": [ -96.299874429599996, 30.525032725599999 ] } },
{ "type": "Feature", "properties": { "FID": 894, "ID": 895, "Longitude": -96.356101628000005, "Latitude": 30.5775643536, "Name": "Virginia McLaughlin", "Gender": "Female", "Age": 61, "Race": "Ute", "Occupation": "Account Executive", "Address": "38959 Crest Line Junction", "Email": "ewandtkeou@wikipedia.org", "Phone": "348-999-4630", "Income": 79916.64, "Insurance": "YES", "CEOfficers": "TAMU", "CommunityID": 99, "EatingHabits": "High-sugar diet" }, "geometry": { "type": "Point", "coordinates": [ -96.356101628, 30.5775643536 ] } },
{ "type": "Feature", "properties": { "FID": 895, "ID": 896, "Longitude": -96.273850753900007, "Latitude": 30.575537020700001, "Name": "Ryann Goldston", "Gender": "Female", "Age": 18, "Race": "Korean", "Occupation": "Quality Control Specialist", "Address": "89862 Westend Court", "Email": "thuisonov@paginegialle.it", "Phone": "454-615-3609", "Income": 16545.56, "Insurance": "NO", "CEOfficers": "James Johnson", "CommunityID": 4, "EatingHabits": "Low-sugar diet" }, "geometry": { "type": "Point", "coordinates": [ -96.273850753900007, 30.575537020700001 ] } },
{ "type": "Feature", "properties": { "FID": 896, "ID": 897, "Longitude": -96.26340989000001, "Latitude": 30.5550904782, "Name": "Jan Kingscott", "Gender": "Female", "Age": 79, "Race": "Peruvian", "Occupation": "Geologist IV", "Address": "7008 Cambridge Point", "Email": "pyveow@bbc.co.uk", "Phone": "110-537-7558", "Income": 175432.9, "Insurance": "YES", "CEOfficers": "James Johnson", "CommunityID": 4, "EatingHabits": "Balanced diet" }, "geometry": { "type": "Point", "coordinates": [ -96.26340989, 30.5550904782 ] } },
{ "type": "Feature", "properties": { "FID": 897, "ID": 898, "Longitude": -96.325549565299994, "Latitude": 30.622515531299999, "Name": "Alec Petzold", "Gender": "Female", "Age": 78, "Race": "Costa Rican", "Occupation": "Senior Developer", "Address": "78833 Wayridge Parkway", "Email": "tcuolahanox@google.fr", "Phone": "753-142-1336", "Income": 112807.88, "Insurance": "NO", "CEOfficers": "Adrienne Bishop", "CommunityID": 1, "EatingHabits": "High-sugar diet" }, "geometry": { "type": "Point", "coordinates": [ -96.325549565299994, 30.622515531299999 ] } },
{ "type": "Feature", "properties": { "FID": 898, "ID": 899, "Longitude": -96.227593845200005, "Latitude": 30.5602517634, "Name": "Dyanne Turley", "Gender": "Female", "Age": 39, "Race": "Crow", "Occupation": "Senior Editor", "Address": "87617 Oak Pass", "Email": "ecurmeoy@google.com", "Phone": "929-725-6319", "Income": 20148.8, "Insurance": "YES", "CEOfficers": "James Johnson", "CommunityID": 4, "EatingHabits": "Low-sugar diet" }, "geometry": { "type": "Point", "coordinates": [ -96.227593845200005, 30.5602517634 ] } },
{ "type": "Feature", "properties": { "FID": 899, "ID": 900, "Longitude": -96.242828605900002, "Latitude": 30.539373641699999, "Name": "Gabey Hallward", "Gender": "Female", "Age": 41, "Race": "Colville", "Occupation": "Account Representative III", "Address": "535 Havey Terrace", "Email": "lelvinoz@spiegel.de", "Phone": "580-321-8978", "Income": 170623.04, "Insurance": "NO", "CEOfficers": "James Johnson", "CommunityID": 4, "EatingHabits": "Balanced diet" }, "geometry": { "type": "Point", "coordinates": [ -96.242828605900002, 30.539373641699999 ] } },
{ "type": "Feature", "properties": { "FID": 900, "ID": 901, "Longitude": -96.301463149499995, "Latitude": 30.612789443299999, "Name": "Yorke Baxandall", "Gender": "Male", "Age": 71, "Race": "Guatemalan", "Occupation": "VP Product Management", "Address": "1119 Hoard Way", "Email": "groxburghp0@sciencedaily.com", "Phone": "617-885-2849", "Income": 137802.07, "Insurance": "YES", "CEOfficers": "Vincent Rosas", "CommunityID": 5, "EatingHabits": "High-sugar diet" }, "geometry": { "type": "Point", "coordinates": [ -96.301463149499995, 30.612789443299999 ] } },
{ "type": "Feature", "properties": { "FID": 901, "ID": 902, "Longitude": -96.268340014100005, "Latitude": 30.539710838200001, "Name": "Shelbi Ewestace", "Gender": "Female", "Age": 29, "Race": "Navajo", "Occupation": "Developer I", "Address": "25699 Ridgeway Junction", "Email": "tdebruynep1@mozilla.org", "Phone": "974-685-0017", "Income": 112198.25, "Insurance": "NO", "CEOfficers": "James Johnson", "CommunityID": 4, "EatingHabits": "Low-sugar diet" }, "geometry": { "type": "Point", "coordinates": [ -96.268340014100005, 30.539710838200001 ] } },
{ "type": "Feature", "properties": { "FID": 902, "ID": 903, "Longitude": -96.2706334664, "Latitude": 30.530996227300001, "Name": "Waylon Roskrug", "Gender": "Male", "Age": 54, "Race": "Tohono O'Odham", "Occupation": "Account Executive", "Address": "9 Hollow Ridge Junction", "Email": "gwroathp2@icq.com", "Phone": "603-465-0024", "Income": 69402.88, "Insurance": "YES", "CEOfficers": "James Johnson", "CommunityID": 4, "EatingHabits": "Balanced diet" }, "geometry": { "type": "Point", "coordinates": [ -96.2706334664, 30.530996227300001 ] } },
{ "type": "Feature", "properties": { "FID": 903, "ID": 904, "Longitude": -96.306428221100006, "Latitude": 30.575872736600001, "Name": "Freddie Larmour", "Gender": "Female", "Age": 22, "Race": "Cuban", "Occupation": "VP Accounting", "Address": "1446 Spohn Pass", "Email": "wperigeauxp3@intel.com", "Phone": "864-624-4134", "Income": 61183.84, "Insurance": "NO", "CEOfficers": "Mark Szydlowski", "CommunityID": 3, "EatingHabits": "High-sugar diet" }, "geometry": { "type": "Point", "coordinates": [ -96.306428221100006, 30.575872736600001 ] } },
{ "type": "Feature", "properties": { "FID": 904, "ID": 905, "Longitude": -96.374946483599999, "Latitude": 30.561998346, "Name": "Quentin Hebborn", "Gender": "Female", "Age": 51, "Race": "Kiowa", "Occupation": "Staff Scientist", "Address": "183 Mariners Cove Point", "Email": "ncattonp4@elegantthemes.com", "Phone": "202-876-6994", "Income": 190738.84, "Insurance": "YES", "CEOfficers": "TAMU", "CommunityID": 99, "EatingHabits": "Low-sugar diet" }, "geometry": { "type": "Point", "coordinates": [ -96.374946483599999, 30.561998346 ] } },
{ "type": "Feature", "properties": { "FID": 905, "ID": 906, "Longitude": -96.3079427925, "Latitude": 30.610263794200002, "Name": "Maurita Boothby", "Gender": "Female", "Age": 72, "Race": "Crow", "Occupation": "Junior Executive", "Address": "8 Forster Terrace", "Email": "cmacareep5@skyrock.com", "Phone": "243-633-7692", "Income": 66014.26, "Insurance": "NO", "CEOfficers": "Vincent Rosas", "CommunityID": 5, "EatingHabits": "Balanced diet" }, "geometry": { "type": "Point", "coordinates": [ -96.3079427925, 30.610263794200002 ] } },
{ "type": "Feature", "properties": { "FID": 906, "ID": 907, "Longitude": -96.280394520499996, "Latitude": 30.581650275299999, "Name": "Tremayne Cammack", "Gender": "Male", "Age": 32, "Race": "Native Hawaiian", "Occupation": "Paralegal", "Address": "3 Ridgeview Street", "Email": "eespiep6@angelfire.com", "Phone": "642-905-4594", "Income": 52692.18, "Insurance": "YES", "CEOfficers": "James Johnson", "CommunityID": 4, "EatingHabits": "High-sugar diet" }, "geometry": { "type": "Point", "coordinates": [ -96.280394520499996, 30.581650275299999 ] } },
{ "type": "Feature", "properties": { "FID": 907, "ID": 908, "Longitude": -96.228106129699995, "Latitude": 30.5710659987, "Name": "Corey McKinnell", "Gender": "Female", "Age": 68, "Race": "Spaniard", "Occupation": "Tax Accountant", "Address": "21 Forster Drive", "Email": "jnewlynp7@tinypic.com", "Phone": "263-935-4868", "Income": 22416.7, "Insurance": "NO", "CEOfficers": "James Johnson", "CommunityID": 4, "EatingHabits": "Low-sugar diet" }, "geometry": { "type": "Point", "coordinates": [ -96.228106129699995, 30.5710659987 ] } },
{ "type": "Feature", "properties": { "FID": 908, "ID": 909, "Longitude": -96.224982750600006, "Latitude": 30.544694783600001, "Name": "Carmela Zanioletti", "Gender": "Female", "Age": 58, "Race": "Apache", "Occupation": "Media Manager IV", "Address": "1 Warbler Lane", "Email": "aellitp8@soundcloud.com", "Phone": "293-389-6609", "Income": 198661.45, "Insurance": "YES", "CEOfficers": "James Johnson", "CommunityID": 4, "EatingHabits": "Balanced diet" }, "geometry": { "type": "Point", "coordinates": [ -96.224982750600006, 30.544694783600001 ] } },
{ "type": "Feature", "properties": { "FID": 909, "ID": 910, "Longitude": -96.282936829400001, "Latitude": 30.585982206899999, "Name": "Hettie Dale", "Gender": "Female", "Age": 31, "Race": "Puget Sound Salish", "Occupation": "Programmer Analyst II", "Address": "3536 Dawn Alley", "Email": "towainp9@addtoany.com", "Phone": "309-933-3980", "Income": 65837.85, "Insurance": "NO", "CEOfficers": "Vincent Rosas", "CommunityID": 5, "EatingHabits": "High-sugar diet" }, "geometry": { "type": "Point", "coordinates": [ -96.282936829400001, 30.585982206899999 ] } },
{ "type": "Feature", "properties": { "FID": 910, "ID": 911, "Longitude": -96.271708441900003, "Latitude": 30.613503192300001, "Name": "Olivia Maundrell", "Gender": "Male", "Age": 29, "Race": "Guatemalan", "Occupation": "Junior Executive", "Address": "8912 Doe Crossing Court", "Email": "jsharvillepa@census.gov", "Phone": "893-923-4577", "Income": 90755.69, "Insurance": "YES", "CEOfficers": "Vincent Rosas", "CommunityID": 5, "EatingHabits": "Low-sugar diet" }, "geometry": { "type": "Point", "coordinates": [ -96.271708441900003, 30.613503192300001 ] } },
{ "type": "Feature", "properties": { "FID": 911, "ID": 912, "Longitude": -96.312543618399999, "Latitude": 30.6347662019, "Name": "Wiatt Claypool", "Gender": "Female", "Age": 67, "Race": "Osage", "Occupation": "Food Chemist", "Address": "2 Melvin Way", "Email": "acobdenpb@telegraph.co.uk", "Phone": "153-357-6104", "Income": 17957.32, "Insurance": "NO", "CEOfficers": "Vincent Rosas", "CommunityID": 5, "EatingHabits": "Balanced diet" }, "geometry": { "type": "Point", "coordinates": [ -96.312543618399999, 30.6347662019 ] } },
{ "type": "Feature", "properties": { "FID": 912, "ID": 913, "Longitude": -96.252348436299997, "Latitude": 30.573996629100002, "Name": "Cristionna Lightwood", "Gender": "Female", "Age": 49, "Race": "Paiute", "Occupation": "Civil Engineer", "Address": "29783 Dunning Trail", "Email": "nkeavenypc@diigo.com", "Phone": "280-343-5892", "Income": 149656.7, "Insurance": "YES", "CEOfficers": "James Johnson", "CommunityID": 4, "EatingHabits": "High-sugar diet" }, "geometry": { "type": "Point", "coordinates": [ -96.252348436299997, 30.573996629100002 ] } },
{ "type": "Feature", "properties": { "FID": 913, "ID": 914, "Longitude": -96.374822443400006, "Latitude": 30.601104644799999, "Name": "Shanie Mullin", "Gender": "Male", "Age": 58, "Race": "Osage", "Occupation": "Food Chemist", "Address": "9599 Donald Park", "Email": "tthursfieldpd@nasa.gov", "Phone": "179-245-5442", "Income": 160396.34, "Insurance": "NO", "CEOfficers": "Francesca Spell", "CommunityID": 2, "EatingHabits": "Low-sugar diet" }, "geometry": { "type": "Point", "coordinates": [ -96.374822443400006, 30.601104644799999 ] } },
{ "type": "Feature", "properties": { "FID": 914, "ID": 915, "Longitude": -96.297438783100006, "Latitude": 30.630474399600001, "Name": "Godfree Flello", "Gender": "Polygender", "Age": 46, "Race": "Pakistani", "Occupation": "Graphic Designer", "Address": "5 Golf Court", "Email": "rdurnianpe@goodreads.com", "Phone": "275-256-9782", "Income": 163437.15, "Insurance": "YES", "CEOfficers": "Vincent Rosas", "CommunityID": 5, "EatingHabits": "Balanced diet" }, "geometry": { "type": "Point", "coordinates": [ -96.297438783100006, 30.630474399600001 ] } },
{ "type": "Feature", "properties": { "FID": 915, "ID": 916, "Longitude": -96.245409591799998, "Latitude": 30.582189960200001, "Name": "Yelena Treadgear", "Gender": "Male", "Age": 21, "Race": "Melanesian", "Occupation": "Paralegal", "Address": "14158 Tony Crossing", "Email": "rreppaportpf@yahoo.com", "Phone": "848-952-4467", "Income": 70012.47, "Insurance": "NO", "CEOfficers": "Vincent Rosas", "CommunityID": 5, "EatingHabits": "High-sugar diet" }, "geometry": { "type": "Point", "coordinates": [ -96.245409591799998, 30.582189960200001 ] } },
{ "type": "Feature", "properties": { "FID": 916, "ID": 917, "Longitude": -96.275415000600006, "Latitude": 30.595263658299999, "Name": "Catharine Gilffillan", "Gender": "Male", "Age": 21, "Race": "Ottawa", "Occupation": "Environmental Specialist", "Address": "30849 Dakota Plaza", "Email": "astooppg@epa.gov", "Phone": "102-805-4251", "Income": 59443.38, "Insurance": "YES", "CEOfficers": "Vincent Rosas", "CommunityID": 5, "EatingHabits": "Low-sugar diet" }, "geometry": { "type": "Point", "coordinates": [ -96.275415000600006, 30.595263658299999 ] } },
{ "type": "Feature", "properties": { "FID": 917, "ID": 918, "Longitude": -96.272883353400005, "Latitude": 30.543806277800002, "Name": "Carlynn Bartels", "Gender": "Male", "Age": 22, "Race": "Choctaw", "Occupation": "Software Test Engineer IV", "Address": "868 Kensington Lane", "Email": "skovalskiph@bizjournals.com", "Phone": "549-319-3898", "Income": 101400.16, "Insurance": "NO", "CEOfficers": "James Johnson", "CommunityID": 4, "EatingHabits": "Balanced diet" }, "geometry": { "type": "Point", "coordinates": [ -96.272883353400005, 30.543806277800002 ] } },
{ "type": "Feature", "properties": { "FID": 918, "ID": 919, "Longitude": -96.290076405799994, "Latitude": 30.612572892100001, "Name": "Clarabelle Giovani", "Gender": "Male", "Age": 62, "Race": "Crow", "Occupation": "Programmer Analyst I", "Address": "67439 Grover Trail", "Email": "vkellowaypi@w3.org", "Phone": "997-936-7870", "Income": 23721.47, "Insurance": "YES", "CEOfficers": "Vincent Rosas", "CommunityID": 5, "EatingHabits": "High-sugar diet" }, "geometry": { "type": "Point", "coordinates": [ -96.290076405799994, 30.612572892100001 ] } },
{ "type": "Feature", "properties": { "FID": 919, "ID": 920, "Longitude": -96.272775419400006, "Latitude": 30.539453378099999, "Name": "Worthy Crichten", "Gender": "Male", "Age": 64, "Race": "Chilean", "Occupation": "Staff Scientist", "Address": "3 Fallview Street", "Email": "qstychepj@dell.com", "Phone": "644-701-2494", "Income": 36244.58, "Insurance": "NO", "CEOfficers": "James Johnson", "CommunityID": 4, "EatingHabits": "Low-sugar diet" }, "geometry": { "type": "Point", "coordinates": [ -96.272775419400006, 30.539453378099999 ] } },
{ "type": "Feature", "properties": { "FID": 920, "ID": 921, "Longitude": -96.272306558899999, "Latitude": 30.551648419700001, "Name": "Idell McCurt", "Gender": "Female", "Age": 32, "Race": "Dominican (Dominican Republic)", "Occupation": "Assistant Media Planner", "Address": "13624 Graedel Circle", "Email": "pspurrettpk@umn.edu", "Phone": "519-491-4488", "Income": 100522.82, "Insurance": "YES", "CEOfficers": "James Johnson", "CommunityID": 4, "EatingHabits": "Balanced diet" }, "geometry": { "type": "Point", "coordinates": [ -96.272306558899999, 30.551648419700001 ] } },
{ "type": "Feature", "properties": { "FID": 921, "ID": 922, "Longitude": -96.306953199800006, "Latitude": 30.6167124143, "Name": "Gunter Joannidi", "Gender": "Genderqueer", "Age": 64, "Race": "Native Hawaiian and Other Pacific Islander (NHPI)", "Occupation": "Staff Scientist", "Address": "3 Debra Circle", "Email": "mbyrkmyrpl@state.tx.us", "Phone": "106-251-5150", "Income": 172614.93, "Insurance": "NO", "CEOfficers": "Vincent Rosas", "CommunityID": 5, "EatingHabits": "High-sugar diet" }, "geometry": { "type": "Point", "coordinates": [ -96.306953199800006, 30.6167124143 ] } },
{ "type": "Feature", "properties": { "FID": 922, "ID": 923, "Longitude": -96.274355501700001, "Latitude": 30.5586315187, "Name": "Harlin Leneve", "Gender": "Male", "Age": 29, "Race": "Malaysian", "Occupation": "Desktop Support Technician", "Address": "7 Shasta Point", "Email": "pwinterbottompm@webmd.com", "Phone": "363-863-1995", "Income": 107573.54, "Insurance": "YES", "CEOfficers": "James Johnson", "CommunityID": 4, "EatingHabits": "Low-sugar diet" }, "geometry": { "type": "Point", "coordinates": [ -96.274355501700001, 30.5586315187 ] } },
{ "type": "Feature", "properties": { "FID": 923, "ID": 924, "Longitude": -96.270229948799994, "Latitude": 30.5578836452, "Name": "Torrey Haldene", "Gender": "Male", "Age": 27, "Race": "Chilean", "Occupation": "Account Representative III", "Address": "3 Cherokee Lane", "Email": "dchallicepn@amazon.co.jp", "Phone": "850-787-9126", "Income": 90287.36, "Insurance": "NO", "CEOfficers": "James Johnson", "CommunityID": 4, "EatingHabits": "Balanced diet" }, "geometry": { "type": "Point", "coordinates": [ -96.270229948799994, 30.5578836452 ] } },
{ "type": "Feature", "properties": { "FID": 924, "ID": 925, "Longitude": -96.291892198699998, "Latitude": 30.607758005099999, "Name": "Jemie Witchard", "Gender": "Female", "Age": 20, "Race": "Filipino", "Occupation": "Legal Assistant", "Address": "5080 Melvin Parkway", "Email": "nsyradpo@squidoo.com", "Phone": "123-124-9236", "Income": 26890.54, "Insurance": "YES", "CEOfficers": "Vincent Rosas", "CommunityID": 5, "EatingHabits": "High-sugar diet" }, "geometry": { "type": "Point", "coordinates": [ -96.291892198699998, 30.607758005099999 ] } },
{ "type": "Feature", "properties": { "FID": 925, "ID": 926, "Longitude": -96.3178792155, "Latitude": 30.607739933400001, "Name": "Cy Silverwood", "Gender": "Female", "Age": 76, "Race": "Choctaw", "Occupation": "Analyst Programmer", "Address": "6 Namekagon Park", "Email": "vspaceypp@salon.com", "Phone": "303-363-8088", "Income": 121665.07, "Insurance": "NO", "CEOfficers": "Mark Szydlowski", "CommunityID": 3, "EatingHabits": "Low-sugar diet" }, "geometry": { "type": "Point", "coordinates": [ -96.3178792155, 30.607739933400001 ] } },
{ "type": "Feature", "properties": { "FID": 926, "ID": 927, "Longitude": -96.297763925699996, "Latitude": 30.568645783299999, "Name": "Romain Epelett", "Gender": "Female", "Age": 38, "Race": "Asian", "Occupation": "Health Coach I", "Address": "7357 Service Park", "Email": "mwoolfootpq@spotify.com", "Phone": "701-271-4360", "Income": 13774.98, "Insurance": "YES", "CEOfficers": "Mark Szydlowski", "CommunityID": 3, "EatingHabits": "Balanced diet" }, "geometry": { "type": "Point", "coordinates": [ -96.297763925699996, 30.568645783299999 ] } },
{ "type": "Feature", "properties": { "FID": 927, "ID": 928, "Longitude": -96.299501845400002, "Latitude": 30.544617442300002, "Name": "Sansone Cruikshank", "Gender": "Female", "Age": 79, "Race": "Bolivian", "Occupation": "Budget\/Accounting Analyst III", "Address": "4970 Coleman Junction", "Email": "cgallallypr@nba.com", "Phone": "394-198-8693", "Income": 188959.96, "Insurance": "NO", "CEOfficers": "Francesca Spell", "CommunityID": 2, "EatingHabits": "High-sugar diet" }, "geometry": { "type": "Point", "coordinates": [ -96.299501845400002, 30.544617442300002 ] } },
{ "type": "Feature", "properties": { "FID": 928, "ID": 929, "Longitude": -96.291182199900007, "Latitude": 30.631652598, "Name": "Heidi Peschka", "Gender": "Female", "Age": 71, "Race": "Lumbee", "Occupation": "Speech Pathologist", "Address": "53 Del Sol Trail", "Email": "eheretyps@github.com", "Phone": "752-304-0786", "Income": 160469.45, "Insurance": "YES", "CEOfficers": "Vincent Rosas", "CommunityID": 5, "EatingHabits": "Low-sugar diet" }, "geometry": { "type": "Point", "coordinates": [ -96.291182199900007, 30.631652598 ] } },
{ "type": "Feature", "properties": { "FID": 929, "ID": 930, "Longitude": -96.297549072699994, "Latitude": 30.547700739100001, "Name": "Janot Fant", "Gender": "Male", "Age": 27, "Race": "American Indian", "Occupation": "Data Coordinator", "Address": "295 Continental Pass", "Email": "gabrahamipt@whitehouse.gov", "Phone": "750-199-5658", "Income": 34964.35, "Insurance": "NO", "CEOfficers": "James Johnson", "CommunityID": 4, "EatingHabits": "Balanced diet" }, "geometry": { "type": "Point", "coordinates": [ -96.297549072699994, 30.547700739100001 ] } },
{ "type": "Feature", "properties": { "FID": 930, "ID": 931, "Longitude": -96.265292560299997, "Latitude": 30.543083382700001, "Name": "Susi Camier", "Gender": "Female", "Age": 34, "Race": "Pakistani", "Occupation": "Administrative Assistant III", "Address": "1384 Blackbird Terrace", "Email": "pwardingleypu@yahoo.com", "Phone": "762-427-5302", "Income": 28803.86, "Insurance": "YES", "CEOfficers": "James Johnson", "CommunityID": 4, "EatingHabits": "High-sugar diet" }, "geometry": { "type": "Point", "coordinates": [ -96.265292560299997, 30.543083382700001 ] } },
{ "type": "Feature", "properties": { "FID": 931, "ID": 932, "Longitude": -96.225494100199995, "Latitude": 30.551163794699999, "Name": "Ivan Parr", "Gender": "Female", "Age": 25, "Race": "Houma", "Occupation": "Operator", "Address": "0 Miller Junction", "Email": "fclaricoatespv@twitpic.com", "Phone": "106-342-8936", "Income": 150229.1, "Insurance": "NO", "CEOfficers": "James Johnson", "CommunityID": 4, "EatingHabits": "Low-sugar diet" }, "geometry": { "type": "Point", "coordinates": [ -96.225494100199995, 30.551163794699999 ] } },
{ "type": "Feature", "properties": { "FID": 932, "ID": 933, "Longitude": -96.243764638299993, "Latitude": 30.578614938699999, "Name": "Barris Smyley", "Gender": "Bigender", "Age": 61, "Race": "Honduran", "Occupation": "Food Chemist", "Address": "02 Marcy Circle", "Email": "ajaillerpw@liveinternet.ru", "Phone": "396-187-0724", "Income": 81133.12, "Insurance": "YES", "CEOfficers": "James Johnson", "CommunityID": 4, "EatingHabits": "Balanced diet" }, "geometry": { "type": "Point", "coordinates": [ -96.243764638299993, 30.578614938699999 ] } },
{ "type": "Feature", "properties": { "FID": 933, "ID": 934, "Longitude": -96.262283773299998, "Latitude": 30.5898095033, "Name": "Bevan O'Mullaney", "Gender": "Male", "Age": 26, "Race": "Venezuelan", "Occupation": "Administrative Officer", "Address": "6 Crest Line Road", "Email": "bhelversenpx@netvibes.com", "Phone": "208-257-3689", "Income": 157427.08, "Insurance": "NO", "CEOfficers": "Vincent Rosas", "CommunityID": 5, "EatingHabits": "High-sugar diet" }, "geometry": { "type": "Point", "coordinates": [ -96.262283773299998, 30.5898095033 ] } },
{ "type": "Feature", "properties": { "FID": 934, "ID": 935, "Longitude": -96.326763235599998, "Latitude": 30.555957973000002, "Name": "Melosa Toma", "Gender": "Male", "Age": 45, "Race": "Guatemalan", "Occupation": "Professor", "Address": "9213 Eagan Court", "Email": "jethingtonpy@jigsy.com", "Phone": "761-186-4496", "Income": 111375.95, "Insurance": "YES", "CEOfficers": "Mark Szydlowski", "CommunityID": 3, "EatingHabits": "Low-sugar diet" }, "geometry": { "type": "Point", "coordinates": [ -96.326763235599998, 30.555957973 ] } },
{ "type": "Feature", "properties": { "FID": 935, "ID": 936, "Longitude": -96.279513843100005, "Latitude": 30.590913252699998, "Name": "Dane Dacres", "Gender": "Male", "Age": 77, "Race": "Costa Rican", "Occupation": "Office Assistant I", "Address": "0 Chinook Road", "Email": "hjillittpz@rediff.com", "Phone": "215-155-3026", "Income": 80212.8, "Insurance": "NO", "CEOfficers": "Vincent Rosas", "CommunityID": 5, "EatingHabits": "Balanced diet" }, "geometry": { "type": "Point", "coordinates": [ -96.279513843100005, 30.590913252699998 ] } },
{ "type": "Feature", "properties": { "FID": 936, "ID": 937, "Longitude": -96.366384258699995, "Latitude": 30.598049361099999, "Name": "Lars Thys", "Gender": "Male", "Age": 36, "Race": "Houma", "Occupation": "Environmental Tech", "Address": "32441 Swallow Plaza", "Email": "eelingtonq0@ehow.com", "Phone": "520-710-6053", "Income": 106023.19, "Insurance": "YES", "CEOfficers": "TAMU", "CommunityID": 99, "EatingHabits": "High-sugar diet" }, "geometry": { "type": "Point", "coordinates": [ -96.366384258699995, 30.598049361099999 ] } },
{ "type": "Feature", "properties": { "FID": 937, "ID": 938, "Longitude": -96.261168150200007, "Latitude": 30.532635539600001, "Name": "Darell Yard", "Gender": "Bigender", "Age": 67, "Race": "Asian Indian", "Occupation": "VP Sales", "Address": "3287 Old Shore Circle", "Email": "ilivettq1@behance.net", "Phone": "626-250-1224", "Income": 47272.02, "Insurance": "NO", "CEOfficers": "James Johnson", "CommunityID": 4, "EatingHabits": "Low-sugar diet" }, "geometry": { "type": "Point", "coordinates": [ -96.261168150200007, 30.532635539600001 ] } },
{ "type": "Feature", "properties": { "FID": 938, "ID": 939, "Longitude": -96.325699500599995, "Latitude": 30.567273775, "Name": "Wake McMillian", "Gender": "Male", "Age": 46, "Race": "Uruguayan", "Occupation": "Health Coach III", "Address": "3 Dexter Crossing", "Email": "rcourtinq2@linkedin.com", "Phone": "832-961-2712", "Income": 69616.33, "Insurance": "YES", "CEOfficers": "Mark Szydlowski", "CommunityID": 3, "EatingHabits": "Balanced diet" }, "geometry": { "type": "Point", "coordinates": [ -96.325699500599995, 30.567273775 ] } },
{ "type": "Feature", "properties": { "FID": 939, "ID": 940, "Longitude": -96.322174017699993, "Latitude": 30.5786942901, "Name": "Ernst Berk", "Gender": "Female", "Age": 61, "Race": "Yuman", "Occupation": "Help Desk Operator", "Address": "717 Melby Street", "Email": "rshellshearq3@reference.com", "Phone": "459-853-7317", "Income": 147583.58, "Insurance": "NO", "CEOfficers": "Mark Szydlowski", "CommunityID": 3, "EatingHabits": "High-sugar diet" }, "geometry": { "type": "Point", "coordinates": [ -96.322174017699993, 30.5786942901 ] } },
{ "type": "Feature", "properties": { "FID": 940, "ID": 941, "Longitude": -96.279486282500002, "Latitude": 30.542643764800001, "Name": "Horace Caizley", "Gender": "Male", "Age": 63, "Race": "Paiute", "Occupation": "Research Assistant IV", "Address": "8 Roxbury Terrace", "Email": "jdecristofaloq4@va.gov", "Phone": "113-670-2212", "Income": 179700.49, "Insurance": "YES", "CEOfficers": "James Johnson", "CommunityID": 4, "EatingHabits": "Low-sugar diet" }, "geometry": { "type": "Point", "coordinates": [ -96.279486282500002, 30.542643764800001 ] } },
{ "type": "Feature", "properties": { "FID": 941, "ID": 942, "Longitude": -96.363495630399996, "Latitude": 30.620912157399999, "Name": "Wilburt Dominguez", "Gender": "Female", "Age": 45, "Race": "Peruvian", "Occupation": "Environmental Specialist", "Address": "73491 Buell Pass", "Email": "dinstoneq5@topsy.com", "Phone": "259-504-5656", "Income": 21623.99, "Insurance": "NO", "CEOfficers": "TAMU", "CommunityID": 99, "EatingHabits": "Balanced diet" }, "geometry": { "type": "Point", "coordinates": [ -96.363495630399996, 30.620912157399999 ] } },
{ "type": "Feature", "properties": { "FID": 942, "ID": 943, "Longitude": -96.285558473199998, "Latitude": 30.6003044184, "Name": "Nevile Winterscale", "Gender": "Female", "Age": 63, "Race": "Delaware", "Occupation": "Design Engineer", "Address": "332 Hoepker Avenue", "Email": "epoundq6@whitehouse.gov", "Phone": "864-554-8130", "Income": 84916.34, "Insurance": "YES", "CEOfficers": "Vincent Rosas", "CommunityID": 5, "EatingHabits": "High-sugar diet" }, "geometry": { "type": "Point", "coordinates": [ -96.285558473199998, 30.6003044184 ] } },
{ "type": "Feature", "properties": { "FID": 943, "ID": 944, "Longitude": -96.330245931500002, "Latitude": 30.612627074700001, "Name": "Minnie MacCague", "Gender": "Male", "Age": 44, "Race": "Micronesian", "Occupation": "Legal Assistant", "Address": "194 Talisman Junction", "Email": "bpunchardq7@soundcloud.com", "Phone": "277-187-2271", "Income": 88927.6, "Insurance": "NO", "CEOfficers": "Adrienne Bishop", "CommunityID": 1, "EatingHabits": "Low-sugar diet" }, "geometry": { "type": "Point", "coordinates": [ -96.330245931500002, 30.612627074700001 ] } },
{ "type": "Feature", "properties": { "FID": 944, "ID": 945, "Longitude": -96.307605515899994, "Latitude": 30.583796034799999, "Name": "Bendick Biddwell", "Gender": "Female", "Age": 32, "Race": "Choctaw", "Occupation": "Web Developer I", "Address": "59524 Sutteridge Terrace", "Email": "esholemq8@people.com.cn", "Phone": "820-274-2807", "Income": 12764.91, "Insurance": "YES", "CEOfficers": "Mark Szydlowski", "CommunityID": 3, "EatingHabits": "Balanced diet" }, "geometry": { "type": "Point", "coordinates": [ -96.307605515899994, 30.583796034799999 ] } },
{ "type": "Feature", "properties": { "FID": 945, "ID": 946, "Longitude": -96.373115691799995, "Latitude": 30.628167139799999, "Name": "Joy Golden of Ireland", "Gender": "Genderfluid", "Age": 44, "Race": "Creek", "Occupation": "Nuclear Power Engineer", "Address": "342 Saint Paul Trail", "Email": "nbeneixq9@paginegialle.it", "Phone": "974-916-0323", "Income": 42279.61, "Insurance": "NO", "CEOfficers": "TAMU", "CommunityID": 99, "EatingHabits": "High-sugar diet" }, "geometry": { "type": "Point", "coordinates": [ -96.373115691799995, 30.628167139799999 ] } },
{ "type": "Feature", "properties": { "FID": 946, "ID": 947, "Longitude": -96.324878726999998, "Latitude": 30.624748693299999, "Name": "Lem O'Neary", "Gender": "Female", "Age": 54, "Race": "Yuman", "Occupation": "Engineer III", "Address": "79 Butternut Pass", "Email": "hschofieldqa@nps.gov", "Phone": "181-355-7123", "Income": 145224.6, "Insurance": "YES", "CEOfficers": "Adrienne Bishop", "CommunityID": 1, "EatingHabits": "Low-sugar diet" }, "geometry": { "type": "Point", "coordinates": [ -96.324878727, 30.624748693299999 ] } },
{ "type": "Feature", "properties": { "FID": 947, "ID": 948, "Longitude": -96.278804087200001, "Latitude": 30.5911853707, "Name": "Shanan Garlee", "Gender": "Female", "Age": 80, "Race": "Tongan", "Occupation": "Senior Developer", "Address": "02433 Monica Drive", "Email": "edoubravaqb@columbia.edu", "Phone": "241-283-3167", "Income": 122838.18, "Insurance": "NO", "CEOfficers": "Vincent Rosas", "CommunityID": 5, "EatingHabits": "Balanced diet" }, "geometry": { "type": "Point", "coordinates": [ -96.278804087200001, 30.5911853707 ] } },
{ "type": "Feature", "properties": { "FID": 948, "ID": 949, "Longitude": -96.280966958099995, "Latitude": 30.653343768300001, "Name": "Estella Gaine of England", "Gender": "Genderfluid", "Age": 39, "Race": "Kiowa", "Occupation": "Budget\/Accounting Analyst III", "Address": "83 Anniversary Avenue", "Email": "acallowayqc@who.int", "Phone": "772-765-9023", "Income": 100410.18, "Insurance": "YES", "CEOfficers": "Vincent Rosas", "CommunityID": 5, "EatingHabits": "High-sugar diet" }, "geometry": { "type": "Point", "coordinates": [ -96.280966958099995, 30.653343768300001 ] } },
{ "type": "Feature", "properties": { "FID": 949, "ID": 950, "Longitude": -96.367368009399996, "Latitude": 30.622655308399999, "Name": "Emilie Loseby", "Gender": "Female", "Age": 65, "Race": "Yaqui", "Occupation": "Sales Associate", "Address": "087 Derek Street", "Email": "croystonqd@miitbeian.gov.cn", "Phone": "599-327-1892", "Income": 56677.2, "Insurance": "NO", "CEOfficers": "TAMU", "CommunityID": 99, "EatingHabits": "Low-sugar diet" }, "geometry": { "type": "Point", "coordinates": [ -96.367368009399996, 30.622655308399999 ] } },
{ "type": "Feature", "properties": { "FID": 950, "ID": 951, "Longitude": -96.248015411500006, "Latitude": 30.5741270386, "Name": "Chantal Fetherston", "Gender": "Male", "Age": 58, "Race": "Hmong", "Occupation": "Programmer III", "Address": "543 Mosinee Way", "Email": "rgherardesciqe@google.com.hk", "Phone": "293-674-8214", "Income": 79284.52, "Insurance": "YES", "CEOfficers": "James Johnson", "CommunityID": 4, "EatingHabits": "Balanced diet" }, "geometry": { "type": "Point", "coordinates": [ -96.248015411500006, 30.5741270386 ] } },
{ "type": "Feature", "properties": { "FID": 951, "ID": 952, "Longitude": -96.335697923799998, "Latitude": 30.608091052300001, "Name": "Lacie Feehery", "Gender": "Female", "Age": 56, "Race": "Aleut", "Occupation": "Account Representative II", "Address": "0 Farmco Street", "Email": "dshelperqf@merriam-webster.com", "Phone": "568-629-3696", "Income": 50459.8, "Insurance": "NO", "CEOfficers": "TAMU", "CommunityID": 99, "EatingHabits": "High-sugar diet" }, "geometry": { "type": "Point", "coordinates": [ -96.335697923799998, 30.608091052300001 ] } },
{ "type": "Feature", "properties": { "FID": 952, "ID": 953, "Longitude": -96.300534122499997, "Latitude": 30.557202132499999, "Name": "Lexie Sorey", "Gender": "Female", "Age": 59, "Race": "South American", "Occupation": "Business Systems Development Analyst", "Address": "236 La Follette Junction", "Email": "gmounseyqg@ted.com", "Phone": "758-481-8291", "Income": 45329.81, "Insurance": "YES", "CEOfficers": "James Johnson", "CommunityID": 4, "EatingHabits": "Low-sugar diet" }, "geometry": { "type": "Point", "coordinates": [ -96.300534122499997, 30.557202132499999 ] } },
{ "type": "Feature", "properties": { "FID": 953, "ID": 954, "Longitude": -96.366492132199994, "Latitude": 30.6022706812, "Name": "Reilly Furmston", "Gender": "Male", "Age": 63, "Race": "Salvadoran", "Occupation": "Physical Therapy Assistant", "Address": "0 Bunting Center", "Email": "cbenechqh@twitter.com", "Phone": "156-775-4644", "Income": 116055.35, "Insurance": "NO", "CEOfficers": "Francesca Spell", "CommunityID": 2, "EatingHabits": "Balanced diet" }, "geometry": { "type": "Point", "coordinates": [ -96.366492132199994, 30.6022706812 ] } },
{ "type": "Feature", "properties": { "FID": 954, "ID": 955, "Longitude": -96.216610953100002, "Latitude": 30.546877153600001, "Name": "Margarita Jotcham", "Gender": "Male", "Age": 58, "Race": "Taiwanese", "Occupation": "Analyst Programmer", "Address": "89 Bluestem Road", "Email": "rharleqi@lycos.com", "Phone": "525-836-3666", "Income": 46199.17, "Insurance": "YES", "CEOfficers": "James Johnson", "CommunityID": 4, "EatingHabits": "High-sugar diet" }, "geometry": { "type": "Point", "coordinates": [ -96.216610953100002, 30.546877153600001 ] } },
{ "type": "Feature", "properties": { "FID": 955, "ID": 956, "Longitude": -96.297379335599999, "Latitude": 30.585912687299999, "Name": "Juliann McMearty", "Gender": "Male", "Age": 58, "Race": "Paraguayan", "Occupation": "Sales Representative", "Address": "5 Corscot Center", "Email": "glaverockqj@desdev.cn", "Phone": "328-454-0764", "Income": 187017.32, "Insurance": "NO", "CEOfficers": "Mark Szydlowski", "CommunityID": 3, "EatingHabits": "Low-sugar diet" }, "geometry": { "type": "Point", "coordinates": [ -96.297379335599999, 30.585912687299999 ] } },
{ "type": "Feature", "properties": { "FID": 956, "ID": 957, "Longitude": -96.205955308, "Latitude": 30.622778990499999, "Name": "Constantia Vasyunkin", "Gender": "Female", "Age": 72, "Race": "Seminole", "Occupation": "Research Nurse", "Address": "57 Springview Junction", "Email": "jkirlinqk@typepad.com", "Phone": "539-624-0547", "Income": 115178.23, "Insurance": "YES", "CEOfficers": "Vincent Rosas", "CommunityID": 5, "EatingHabits": "Balanced diet" }, "geometry": { "type": "Point", "coordinates": [ -96.205955308, 30.622778990499999 ] } },
{ "type": "Feature", "properties": { "FID": 957, "ID": 958, "Longitude": -96.289409731700005, "Latitude": 30.6093304268, "Name": "Ninnette Turk", "Gender": "Male", "Age": 37, "Race": "Costa Rican", "Occupation": "Food Chemist", "Address": "082 Delladonna Court", "Email": "dmogfordql@csmonitor.com", "Phone": "571-380-6479", "Income": 135018.73, "Insurance": "NO", "CEOfficers": "Vincent Rosas", "CommunityID": 5, "EatingHabits": "High-sugar diet" }, "geometry": { "type": "Point", "coordinates": [ -96.289409731700005, 30.6093304268 ] } },
{ "type": "Feature", "properties": { "FID": 958, "ID": 959, "Longitude": -96.350177347200002, "Latitude": 30.604240720899998, "Name": "Ginny Gossage", "Gender": "Female", "Age": 72, "Race": "Chilean", "Occupation": "Accounting Assistant III", "Address": "778 Acker Pass", "Email": "bnaultyqm@bloomberg.com", "Phone": "440-682-0560", "Income": 188590.45, "Insurance": "YES", "CEOfficers": "TAMU", "CommunityID": 99, "EatingHabits": "Low-sugar diet" }, "geometry": { "type": "Point", "coordinates": [ -96.350177347200002, 30.604240720899998 ] } },
{ "type": "Feature", "properties": { "FID": 959, "ID": 960, "Longitude": -96.2184414086, "Latitude": 30.6007667471, "Name": "Helene Ivanaev", "Gender": "Female", "Age": 52, "Race": "Pueblo", "Occupation": "Office Assistant II", "Address": "0 Meadow Valley Parkway", "Email": "ekillbeyqn@adobe.com", "Phone": "637-920-3887", "Income": 113091.8, "Insurance": "NO", "CEOfficers": "Vincent Rosas", "CommunityID": 5, "EatingHabits": "Balanced diet" }, "geometry": { "type": "Point", "coordinates": [ -96.2184414086, 30.6007667471 ] } },
{ "type": "Feature", "properties": { "FID": 960, "ID": 961, "Longitude": -96.282242367600006, "Latitude": 30.592459895099999, "Name": "Laureen McGrann", "Gender": "Male", "Age": 23, "Race": "Lumbee", "Occupation": "Structural Engineer", "Address": "9089 Trailsway Center", "Email": "bcardwellqo@goodreads.com", "Phone": "829-665-0381", "Income": 185144.74, "Insurance": "YES", "CEOfficers": "Vincent Rosas", "CommunityID": 5, "EatingHabits": "High-sugar diet" }, "geometry": { "type": "Point", "coordinates": [ -96.282242367600006, 30.592459895099999 ] } },
{ "type": "Feature", "properties": { "FID": 961, "ID": 962, "Longitude": -96.314617879099998, "Latitude": 30.5914775876, "Name": "Milena De Vries", "Gender": "Male", "Age": 75, "Race": "Asian", "Occupation": "Community Outreach Specialist", "Address": "7 Ridgeway Lane", "Email": "gticeqp@springer.com", "Phone": "979-524-8980", "Income": 56710.36, "Insurance": "NO", "CEOfficers": "Mark Szydlowski", "CommunityID": 3, "EatingHabits": "Low-sugar diet" }, "geometry": { "type": "Point", "coordinates": [ -96.314617879099998, 30.5914775876 ] } },
{ "type": "Feature", "properties": { "FID": 962, "ID": 963, "Longitude": -96.288154559000006, "Latitude": 30.615103639499999, "Name": "Nicolina Duiged", "Gender": "Female", "Age": 58, "Race": "Indonesian", "Occupation": "Staff Scientist", "Address": "0820 Swallow Terrace", "Email": "taskwithqq@dailymail.co.uk", "Phone": "648-364-8397", "Income": 103719.4, "Insurance": "YES", "CEOfficers": "Vincent Rosas", "CommunityID": 5, "EatingHabits": "Balanced diet" }, "geometry": { "type": "Point", "coordinates": [ -96.288154559, 30.615103639499999 ] } },
{ "type": "Feature", "properties": { "FID": 963, "ID": 964, "Longitude": -96.244009577100002, "Latitude": 30.562598322300001, "Name": "Annetta Clingoe", "Gender": "Female", "Age": 66, "Race": "Eskimo", "Occupation": "VP Quality Control", "Address": "5 Quincy Avenue", "Email": "acorreqr@state.gov", "Phone": "771-511-4853", "Income": 124547.15, "Insurance": "NO", "CEOfficers": "James Johnson", "CommunityID": 4, "EatingHabits": "High-sugar diet" }, "geometry": { "type": "Point", "coordinates": [ -96.244009577100002, 30.562598322300001 ] } },
{ "type": "Feature", "properties": { "FID": 964, "ID": 965, "Longitude": -96.305627133000002, "Latitude": 30.5990203942, "Name": "Pooh Dominguez", "Gender": "Male", "Age": 39, "Race": "Tongan", "Occupation": "Registered Nurse", "Address": "44 Forest Drive", "Email": "aorknayqs@economist.com", "Phone": "776-307-0793", "Income": 53422.98, "Insurance": "YES", "CEOfficers": "Mark Szydlowski", "CommunityID": 3, "EatingHabits": "Low-sugar diet" }, "geometry": { "type": "Point", "coordinates": [ -96.305627133, 30.5990203942 ] } },
{ "type": "Feature", "properties": { "FID": 965, "ID": 966, "Longitude": -96.315167532800004, "Latitude": 30.592005110500001, "Name": "Meghann Silverston", "Gender": "Male", "Age": 33, "Race": "Houma", "Occupation": "Dental Hygienist", "Address": "3576 Mallard Road", "Email": "sarltqt@netvibes.com", "Phone": "390-985-3043", "Income": 150377.62, "Insurance": "NO", "CEOfficers": "Mark Szydlowski", "CommunityID": 3, "EatingHabits": "Balanced diet" }, "geometry": { "type": "Point", "coordinates": [ -96.315167532800004, 30.592005110500001 ] } },
{ "type": "Feature", "properties": { "FID": 966, "ID": 967, "Longitude": -96.384654213100006, "Latitude": 30.5898724915, "Name": "Dolorita Dulinty", "Gender": "Female", "Age": 42, "Race": "Asian Indian", "Occupation": "Programmer Analyst I", "Address": "85 Kropf Parkway", "Email": "aberginqu@auda.org.au", "Phone": "749-482-3200", "Income": 92357.21, "Insurance": "YES", "CEOfficers": "Francesca Spell", "CommunityID": 2, "EatingHabits": "High-sugar diet" }, "geometry": { "type": "Point", "coordinates": [ -96.384654213100006, 30.5898724915 ] } },
{ "type": "Feature", "properties": { "FID": 967, "ID": 968, "Longitude": -96.314051066299996, "Latitude": 30.624337275399999, "Name": "Ruby Carlill", "Gender": "Male", "Age": 28, "Race": "Japanese", "Occupation": "Safety Technician III", "Address": "1 Magdeline Point", "Email": "kdabinettqv@irs.gov", "Phone": "961-433-6079", "Income": 13253.91, "Insurance": "NO", "CEOfficers": "Vincent Rosas", "CommunityID": 5, "EatingHabits": "Low-sugar diet" }, "geometry": { "type": "Point", "coordinates": [ -96.314051066299996, 30.624337275399999 ] } },
{ "type": "Feature", "properties": { "FID": 968, "ID": 969, "Longitude": -96.235088738499996, "Latitude": 30.558981309499998, "Name": "Zita Dummer", "Gender": "Female", "Age": 62, "Race": "Argentinian", "Occupation": "Senior Quality Engineer", "Address": "562 Arapahoe Junction", "Email": "oboomqw@mediafire.com", "Phone": "994-140-1716", "Income": 71103.85, "Insurance": "YES", "CEOfficers": "James Johnson", "CommunityID": 4, "EatingHabits": "Balanced diet" }, "geometry": { "type": "Point", "coordinates": [ -96.235088738499996, 30.558981309499998 ] } },
{ "type": "Feature", "properties": { "FID": 969, "ID": 970, "Longitude": -96.222422631399994, "Latitude": 30.559759108400002, "Name": "Domingo Filson", "Gender": "Female", "Age": 36, "Race": "Melanesian", "Occupation": "VP Sales", "Address": "98 Dennis Road", "Email": "cbrownseaqx@jalbum.net", "Phone": "275-921-2374", "Income": 28702.81, "Insurance": "NO", "CEOfficers": "James Johnson", "CommunityID": 4, "EatingHabits": "High-sugar diet" }, "geometry": { "type": "Point", "coordinates": [ -96.222422631399994, 30.559759108400002 ] } },
{ "type": "Feature", "properties": { "FID": 970, "ID": 971, "Longitude": -96.224365155200005, "Latitude": 30.557145454899999, "Name": "Clerc Deare", "Gender": "Female", "Age": 63, "Race": "American Indian and Alaska Native (AIAN)", "Occupation": "VP Marketing", "Address": "79887 Butternut Court", "Email": "lbucknerqy@sphinn.com", "Phone": "570-308-2752", "Income": 169627.87, "Insurance": "YES", "CEOfficers": "James Johnson", "CommunityID": 4, "EatingHabits": "Low-sugar diet" }, "geometry": { "type": "Point", "coordinates": [ -96.224365155200005, 30.557145454899999 ] } },
{ "type": "Feature", "properties": { "FID": 971, "ID": 972, "Longitude": -96.358082621600005, "Latitude": 30.599253928700001, "Name": "Bradford Kebbell", "Gender": "Female", "Age": 29, "Race": "Comanche", "Occupation": "Civil Engineer", "Address": "77 Dawn Park", "Email": "ltarrierqz@blog.com", "Phone": "939-219-5626", "Income": 156257.29, "Insurance": "NO", "CEOfficers": "TAMU", "CommunityID": 99, "EatingHabits": "Balanced diet" }, "geometry": { "type": "Point", "coordinates": [ -96.358082621600005, 30.599253928700001 ] } },
{ "type": "Feature", "properties": { "FID": 972, "ID": 973, "Longitude": -96.289945890799999, "Latitude": 30.642206870700001, "Name": "Aldin Burton", "Gender": "Female", "Age": 56, "Race": "Spaniard", "Occupation": "Staff Accountant III", "Address": "0757 Dennis Way", "Email": "fivanyukovr0@ehow.com", "Phone": "182-822-0198", "Income": 156736.44, "Insurance": "YES", "CEOfficers": "Vincent Rosas", "CommunityID": 5, "EatingHabits": "High-sugar diet" }, "geometry": { "type": "Point", "coordinates": [ -96.289945890799999, 30.642206870700001 ] } },
{ "type": "Feature", "properties": { "FID": 973, "ID": 974, "Longitude": -96.269039945700001, "Latitude": 30.5974041397, "Name": "Theresa Eard", "Gender": "Male", "Age": 24, "Race": "South American", "Occupation": "Health Coach IV", "Address": "39 Carpenter Center", "Email": "fgrishankovr1@e-recht24.de", "Phone": "163-904-1559", "Income": 124738.3, "Insurance": "NO", "CEOfficers": "Vincent Rosas", "CommunityID": 5, "EatingHabits": "Low-sugar diet" }, "geometry": { "type": "Point", "coordinates": [ -96.269039945700001, 30.5974041397 ] } },
{ "type": "Feature", "properties": { "FID": 974, "ID": 975, "Longitude": -96.314867380199999, "Latitude": 30.6068811803, "Name": "Upton Sendall", "Gender": "Female", "Age": 21, "Race": "Puget Sound Salish", "Occupation": "Help Desk Operator", "Address": "05 Lyons Way", "Email": "asorsbyr2@vistaprint.com", "Phone": "826-647-1602", "Income": 37234.62, "Insurance": "YES", "CEOfficers": "Mark Szydlowski", "CommunityID": 3, "EatingHabits": "Balanced diet" }, "geometry": { "type": "Point", "coordinates": [ -96.314867380199999, 30.6068811803 ] } },
{ "type": "Feature", "properties": { "FID": 975, "ID": 976, "Longitude": -96.325175011100001, "Latitude": 30.5949936399, "Name": "Kristofor Clinton", "Gender": "Female", "Age": 50, "Race": "Choctaw", "Occupation": "Recruiter", "Address": "2203 Rieder Terrace", "Email": "vthorouggoodr3@scientificamerican.com", "Phone": "915-906-2377", "Income": 148457.45, "Insurance": "NO", "CEOfficers": "Adrienne Bishop", "CommunityID": 1, "EatingHabits": "High-sugar diet" }, "geometry": { "type": "Point", "coordinates": [ -96.325175011100001, 30.5949936399 ] } },
{ "type": "Feature", "properties": { "FID": 976, "ID": 977, "Longitude": -96.371090790599993, "Latitude": 30.605793149699998, "Name": "Sloane Woodyear", "Gender": "Female", "Age": 23, "Race": "Houma", "Occupation": "Structural Analysis Engineer", "Address": "847 Glendale Parkway", "Email": "rspearingr4@illinois.edu", "Phone": "879-221-6273", "Income": 97902.45, "Insurance": "YES", "CEOfficers": "Francesca Spell", "CommunityID": 2, "EatingHabits": "Low-sugar diet" }, "geometry": { "type": "Point", "coordinates": [ -96.371090790599993, 30.605793149699998 ] } },
{ "type": "Feature", "properties": { "FID": 977, "ID": 978, "Longitude": -96.313417299199998, "Latitude": 30.571328039400001, "Name": "Foss Boughey", "Gender": "Female", "Age": 80, "Race": "Chinese", "Occupation": "Teacher", "Address": "75890 Barnett Parkway", "Email": "bhowsleyr5@meetup.com", "Phone": "382-500-6688", "Income": 135040.65, "Insurance": "NO", "CEOfficers": "Mark Szydlowski", "CommunityID": 3, "EatingHabits": "Balanced diet" }, "geometry": { "type": "Point", "coordinates": [ -96.313417299199998, 30.571328039400001 ] } },
{ "type": "Feature", "properties": { "FID": 978, "ID": 979, "Longitude": -96.323978501699997, "Latitude": 30.599154392599999, "Name": "Verla Obin", "Gender": "Male", "Age": 22, "Race": "Chilean", "Occupation": "VP Accounting", "Address": "920 Bunting Terrace", "Email": "wladlowr6@ucoz.ru", "Phone": "114-630-3025", "Income": 198402.08, "Insurance": "YES", "CEOfficers": "Adrienne Bishop", "CommunityID": 1, "EatingHabits": "High-sugar diet" }, "geometry": { "type": "Point", "coordinates": [ -96.323978501699997, 30.599154392599999 ] } },
{ "type": "Feature", "properties": { "FID": 979, "ID": 980, "Longitude": -96.333121720500003, "Latitude": 30.630684084799999, "Name": "Nicol Heggadon", "Gender": "Female", "Age": 46, "Race": "Colville", "Occupation": "Data Coordinator", "Address": "1301 Hansons Circle", "Email": "scharretter7@jalbum.net", "Phone": "399-512-9886", "Income": 159588.2, "Insurance": "NO", "CEOfficers": "Adrienne Bishop", "CommunityID": 1, "EatingHabits": "Low-sugar diet" }, "geometry": { "type": "Point", "coordinates": [ -96.333121720500003, 30.630684084799999 ] } },
{ "type": "Feature", "properties": { "FID": 980, "ID": 981, "Longitude": -96.303424059600005, "Latitude": 30.607249479299998, "Name": "Odell Manuelli", "Gender": "Genderqueer", "Age": 71, "Race": "Asian", "Occupation": "Media Manager III", "Address": "97 Hayes Road", "Email": "erzehorr8@about.me", "Phone": "698-314-7308", "Income": 17246.26, "Insurance": "YES", "CEOfficers": "Vincent Rosas", "CommunityID": 5, "EatingHabits": "Balanced diet" }, "geometry": { "type": "Point", "coordinates": [ -96.303424059600005, 30.607249479299998 ] } },
{ "type": "Feature", "properties": { "FID": 981, "ID": 982, "Longitude": -96.299299139799999, "Latitude": 30.5782563006, "Name": "Nataline Wherry", "Gender": "Male", "Age": 64, "Race": "Creek", "Occupation": "Nuclear Power Engineer", "Address": "79804 Grover Center", "Email": "jpurshouser9@skype.com", "Phone": "929-579-3489", "Income": 52777.74, "Insurance": "NO", "CEOfficers": "Mark Szydlowski", "CommunityID": 3, "EatingHabits": "High-sugar diet" }, "geometry": { "type": "Point", "coordinates": [ -96.299299139799999, 30.5782563006 ] } },
{ "type": "Feature", "properties": { "FID": 982, "ID": 983, "Longitude": -96.319712409700003, "Latitude": 30.6213722504, "Name": "Therese Engel", "Gender": "Male", "Age": 35, "Race": "Paraguayan", "Occupation": "VP Sales", "Address": "84926 Tomscot Center", "Email": "seasonra@51.la", "Phone": "826-667-9115", "Income": 160460.45, "Insurance": "YES", "CEOfficers": "Adrienne Bishop", "CommunityID": 1, "EatingHabits": "Low-sugar diet" }, "geometry": { "type": "Point", "coordinates": [ -96.319712409700003, 30.6213722504 ] } },
{ "type": "Feature", "properties": { "FID": 983, "ID": 984, "Longitude": -96.237770478399995, "Latitude": 30.5849275516, "Name": "Ellerey Divina", "Gender": "Female", "Age": 54, "Race": "Panamanian", "Occupation": "Web Designer I", "Address": "2568 Oak Avenue", "Email": "gtempertonrb@e-recht24.de", "Phone": "452-332-4358", "Income": 52628.06, "Insurance": "NO", "CEOfficers": "Vincent Rosas", "CommunityID": 5, "EatingHabits": "Balanced diet" }, "geometry": { "type": "Point", "coordinates": [ -96.237770478399995, 30.5849275516 ] } },
{ "type": "Feature", "properties": { "FID": 984, "ID": 985, "Longitude": -96.301130422900002, "Latitude": 30.625342345499998, "Name": "Ody Droghan", "Gender": "Non-binary", "Age": 38, "Race": "Bangladeshi", "Occupation": "Senior Financial Analyst", "Address": "91686 Green Ridge Pass", "Email": "harriguccirc@instagram.com", "Phone": "170-157-2134", "Income": 31451.66, "Insurance": "YES", "CEOfficers": "Vincent Rosas", "CommunityID": 5, "EatingHabits": "High-sugar diet" }, "geometry": { "type": "Point", "coordinates": [ -96.301130422900002, 30.625342345499998 ] } },
{ "type": "Feature", "properties": { "FID": 985, "ID": 986, "Longitude": -96.242774072399996, "Latitude": 30.5743753183, "Name": "Lauralee Doutch", "Gender": "Female", "Age": 19, "Race": "Hmong", "Occupation": "Speech Pathologist", "Address": "0 Rockefeller Terrace", "Email": "bbarradellrd@miibeian.gov.cn", "Phone": "660-470-5677", "Income": 121218.07, "Insurance": "NO", "CEOfficers": "James Johnson", "CommunityID": 4, "EatingHabits": "Low-sugar diet" }, "geometry": { "type": "Point", "coordinates": [ -96.242774072399996, 30.5743753183 ] } },
{ "type": "Feature", "properties": { "FID": 986, "ID": 987, "Longitude": -96.253057981400005, "Latitude": 30.565969591599998, "Name": "Collette Salmen", "Gender": "Agender", "Age": 79, "Race": "Ottawa", "Occupation": "Software Consultant", "Address": "068 Victoria Junction", "Email": "lcornfootre@auda.org.au", "Phone": "350-823-4943", "Income": 166289.44, "Insurance": "YES", "CEOfficers": "James Johnson", "CommunityID": 4, "EatingHabits": "Balanced diet" }, "geometry": { "type": "Point", "coordinates": [ -96.253057981400005, 30.565969591599998 ] } },
{ "type": "Feature", "properties": { "FID": 987, "ID": 988, "Longitude": -96.231049713999994, "Latitude": 30.578698171700001, "Name": "Roxanna Roote", "Gender": "Male", "Age": 38, "Race": "Crow", "Occupation": "Payment Adjustment Coordinator", "Address": "1576 Brentwood Hill", "Email": "adellortorf@cam.ac.uk", "Phone": "474-199-2155", "Income": 99332.19, "Insurance": "NO", "CEOfficers": "James Johnson", "CommunityID": 4, "EatingHabits": "High-sugar diet" }, "geometry": { "type": "Point", "coordinates": [ -96.231049714, 30.578698171700001 ] } },
{ "type": "Feature", "properties": { "FID": 988, "ID": 989, "Longitude": -96.284931299600004, "Latitude": 30.603784254699999, "Name": "Glenden Jerdan", "Gender": "Male", "Age": 57, "Race": "Shoshone", "Occupation": "Editor", "Address": "89 Mallard Circle", "Email": "rbukacrg@apple.com", "Phone": "140-191-2839", "Income": 42965.65, "Insurance": "YES", "CEOfficers": "Vincent Rosas", "CommunityID": 5, "EatingHabits": "Low-sugar diet" }, "geometry": { "type": "Point", "coordinates": [ -96.284931299600004, 30.603784254699999 ] } },
{ "type": "Feature", "properties": { "FID": 989, "ID": 990, "Longitude": -96.237701011, "Latitude": 30.573248377599999, "Name": "Valentine Halfhyde", "Gender": "Male", "Age": 55, "Race": "Colombian", "Occupation": "Geologist I", "Address": "0 Onsgard Lane", "Email": "chammelrh@jugem.jp", "Phone": "232-630-4864", "Income": 161996.8, "Insurance": "NO", "CEOfficers": "James Johnson", "CommunityID": 4, "EatingHabits": "Balanced diet" }, "geometry": { "type": "Point", "coordinates": [ -96.237701011, 30.573248377599999 ] } },
{ "type": "Feature", "properties": { "FID": 990, "ID": 991, "Longitude": -96.322628310900001, "Latitude": 30.594927174799999, "Name": "Sallee Childerhouse", "Gender": "Male", "Age": 25, "Race": "Yakama", "Occupation": "General Manager", "Address": "82566 Eagan Circle", "Email": "ftibbsri@comsenz.com", "Phone": "738-695-3687", "Income": 19016.54, "Insurance": "YES", "CEOfficers": "Mark Szydlowski", "CommunityID": 3, "EatingHabits": "High-sugar diet" }, "geometry": { "type": "Point", "coordinates": [ -96.322628310900001, 30.594927174799999 ] } },
{ "type": "Feature", "properties": { "FID": 991, "ID": 992, "Longitude": -96.326382204500007, "Latitude": 30.558284014000002, "Name": "Judon Strangwood", "Gender": "Female", "Age": 19, "Race": "Lumbee", "Occupation": "Senior Editor", "Address": "01904 Golf View Junction", "Email": "uredparthrj@loc.gov", "Phone": "925-446-3076", "Income": 194729.43, "Insurance": "NO", "CEOfficers": "Mark Szydlowski", "CommunityID": 3, "EatingHabits": "Low-sugar diet" }, "geometry": { "type": "Point", "coordinates": [ -96.326382204500007, 30.558284014 ] } },
{ "type": "Feature", "properties": { "FID": 992, "ID": 993, "Longitude": -96.227467012100007, "Latitude": 30.566240220099999, "Name": "Rachel Rosenqvist", "Gender": "Male", "Age": 60, "Race": "Malaysian", "Occupation": "Safety Technician I", "Address": "7 Elka Parkway", "Email": "spostlethwaiterk@psu.edu", "Phone": "794-866-3783", "Income": 89003.68, "Insurance": "YES", "CEOfficers": "James Johnson", "CommunityID": 4, "EatingHabits": "Balanced diet" }, "geometry": { "type": "Point", "coordinates": [ -96.227467012100007, 30.566240220099999 ] } },
{ "type": "Feature", "properties": { "FID": 993, "ID": 994, "Longitude": -96.285258227200003, "Latitude": 30.649324099600001, "Name": "Melloney Jeves", "Gender": "Male", "Age": 47, "Race": "American Indian", "Occupation": "Geologist I", "Address": "90 Kinsman Lane", "Email": "pcolliholerl@devhub.com", "Phone": "490-781-2978", "Income": 86465.92, "Insurance": "NO", "CEOfficers": "Vincent Rosas", "CommunityID": 5, "EatingHabits": "High-sugar diet" }, "geometry": { "type": "Point", "coordinates": [ -96.285258227200003, 30.649324099600001 ] } },
{ "type": "Feature", "properties": { "FID": 994, "ID": 995, "Longitude": -96.272936372900006, "Latitude": 30.598568975, "Name": "Devin Aylmer", "Gender": "Male", "Age": 20, "Race": "Yakama", "Occupation": "Accounting Assistant IV", "Address": "7973 Fallview Drive", "Email": "ykennlerrm@microsoft.com", "Phone": "523-874-9075", "Income": 176685.17, "Insurance": "YES", "CEOfficers": "Vincent Rosas", "CommunityID": 5, "EatingHabits": "Low-sugar diet" }, "geometry": { "type": "Point", "coordinates": [ -96.272936372900006, 30.598568975 ] } },
{ "type": "Feature", "properties": { "FID": 995, "ID": 996, "Longitude": -96.2760170894, "Latitude": 30.609481558199999, "Name": "Gunner Crang", "Gender": "Non-binary", "Age": 21, "Race": "Dominican (Dominican Republic)", "Occupation": "Senior Sales Associate", "Address": "0 Pearson Crossing", "Email": "sdoeyrn@topsy.com", "Phone": "493-459-5905", "Income": 187565.41, "Insurance": "NO", "CEOfficers": "Vincent Rosas", "CommunityID": 5, "EatingHabits": "Balanced diet" }, "geometry": { "type": "Point", "coordinates": [ -96.2760170894, 30.609481558199999 ] } },
{ "type": "Feature", "properties": { "FID": 996, "ID": 997, "Longitude": -96.319209947299996, "Latitude": 30.581936217500001, "Name": "Jakie Worstall", "Gender": "Male", "Age": 33, "Race": "Aleut", "Occupation": "Budget\/Accounting Analyst III", "Address": "0 Del Sol Junction", "Email": "hcaddanro@huffingtonpost.com", "Phone": "626-410-9941", "Income": 115373.86, "Insurance": "YES", "CEOfficers": "Mark Szydlowski", "CommunityID": 3, "EatingHabits": "High-sugar diet" }, "geometry": { "type": "Point", "coordinates": [ -96.319209947299996, 30.581936217500001 ] } },
{ "type": "Feature", "properties": { "FID": 997, "ID": 998, "Longitude": -96.327024053399995, "Latitude": 30.589974423800001, "Name": "Isadore Connachan", "Gender": "Male", "Age": 50, "Race": "Asian", "Occupation": "Sales Representative", "Address": "579 Golf View Way", "Email": "nwalbridgerp@discovery.com", "Phone": "978-793-5511", "Income": 124050.96, "Insurance": "NO", "CEOfficers": "Adrienne Bishop", "CommunityID": 1, "EatingHabits": "Low-sugar diet" }, "geometry": { "type": "Point", "coordinates": [ -96.327024053399995, 30.589974423800001 ] } },
{ "type": "Feature", "properties": { "FID": 998, "ID": 999, "Longitude": -96.347943817100003, "Latitude": 30.5809352068, "Name": "Christoforo Witham", "Gender": "Female", "Age": 76, "Race": "Tohono O'Odham", "Occupation": "Financial Analyst", "Address": "62169 Delaware Parkway", "Email": "aklimarq@deliciousdays.com", "Phone": "101-300-4850", "Income": 64347.14, "Insurance": "YES", "CEOfficers": "TAMU", "CommunityID": 99, "EatingHabits": "Balanced diet" }, "geometry": { "type": "Point", "coordinates": [ -96.347943817100003, 30.5809352068 ] } },
{ "type": "Feature", "properties": { "FID": 999, "ID": 1000, "Longitude": -96.247594794099996, "Latitude": 30.5758205811, "Name": "Keene Kellough", "Gender": "Male", "Age": 28, "Race": "Tlingit-Haida", "Occupation": "Director of Sales", "Address": "739 Westport Court", "Email": "deschellerr@freewebs.com", "Phone": "816-510-8685", "Income": 72541.48, "Insurance": "NO", "CEOfficers": "James Johnson", "CommunityID": 4, "EatingHabits": "High-sugar diet" }, "geometry": { "type": "Point", "coordinates": [ -96.247594794099996, 30.5758205811 ] } }
]
}
